ID Pedido,Data Pedido,Código Loja,Produto,Qtde/Preco Unit,Pagamento
AX04,1/1/2023,A1500108,Carteira,23/210,Cartão de Crédito
AX16,1/3/2023,A1500108,FONE,22/159,Transferência/PIX
AX15,1/3/2023,A1500108,Malaa,"69/499,19",Cartão de Crédito
AX13,1/3/2023,A1500108,Mochila,"66/630,99",Cartão de Crédito
AX22,1/4/2023,A1500108,Boné,"37/160,99",Cartão de Crédito
AX26,1/4/2023,A1500108,Garrafa,"18/119,3",Cartão de Crédito
AX24,1/4/2023,A1500108,Tênis,"32/320,19",Cartão de Crédito
AX29,1/4/2023,A1500108,Tênis,"43/320,19",Cartão de Crédito
AX34,1/6/2023,A1500108,Malaa,"52/499,19",Cartão de Crédito
AX38,1/6/2023,A1500108,Tênis,"29/320,19",Cartão de Crédito
AX30,1/6/2023,A1500108,Garrafa,"42/119,3",Cartão de Crédito
AX50,1/7/2023,A1500108,Boné,"38/160,99",Cartão de Crédito
AX3269,1/7/2023,A3100104,FONE,18/159,Cartão de Crédito
AX43,1/7/2023,A1500108,Boné,"96/160,99",Cartão de Crédito
AX51,1/7/2023,A1500108,Malaa,"114/499,19",Cartão de Crédito
AX3271,1/8/2023,A1500107,Mochila,"144/630,99",Cartão de Crédito
AX67,1/8/2023,A1500108,Boné,"18/160,99",Cartão de Crédito
AX3274,1/8/2023,A1500107,FONE,78/159,Cartão de Crédito
AX56,1/8/2023,A1500108,Boné,"42/160,99",Cartão de Crédito
AX3273,1/8/2023,A1500107,Malaa,"112/499,19",Cartão de Crédito
AX62,1/8/2023,A1500108,BOLSA,93/999,Cartão de Crédito
AX71,1/8/2023,A1500108,Tênis,"48/320,19",Cartão de Crédito
AX79,1/9/2023,A1500108,FONE,28/159,Cartão de Crédito
AX3278,1/9/2023,A3100104,FONE,20/159,Cartão de Crédito
AX84,1/9/2023,A1500108,Tênis,"21/320,19",Cartão de Crédito
AX3280,1/9/2023,A1500107,Boné,"86/160,99",Cartão de Crédito
AX3282,1/9/2023,A1500107,Tênis,"42/320,19",Cartão de Crédito
AX87,1/10/2023,A1500108,Carteira,16/210,Cartão de Crédito
AX100,1/10/2023,A1500108,Malaa,"16/499,19",Cartão de Crédito
AX91,1/10/2023,A1500108,Malaa,"23/499,19",Cartão de Crédito
AX90,1/10/2023,A1500108,Garrafa,"18/119,3",Cartão de Crédito
AX94,1/10/2023,A1500108,BOLSA,18/999,Cartão de Crédito
AX86,1/10/2023,A1500108,Tênis,"25/320,19",Cartão de Crédito
AX92,1/10/2023,A1500108,Garrafa,"46/119,3",Cartão de Crédito
AX3284,1/10/2023,A1500107,Garrafa,"78/119,3",Cartão de Crédito
AX3287,1/10/2023,A1500107,Tênis,"74/320,19",Cartão de Crédito
AX101,1/11/2023,A1500108,Carteira,45/210,Cartão de Crédito
AX3290,1/11/2023,A3100104,Mochila,"41/630,99",Cartão de Crédito
AX3291,1/11/2023,A3100104,FONE,32/159,Cartão de Crédito
AX3289,1/11/2023,A1500107,Mochila,"144/630,99",Cartão de Crédito
AX102,1/11/2023,A1500108,Tênis,"35/320,19",Cartão de Crédito
AX111,1/11/2023,A1500108,Malaa,"123/499,19",Cartão de Crédito
AX3288,1/11/2023,A1500107,FONE,78/159,Cartão de Crédito
AX3295,1/12/2023,A3100104,Garrafa,"45/119,3",Cartão de Crédito
AX3298,1/12/2023,A1500107,Malaa,"38/499,19",Cartão de Crédito
AX3297,1/12/2023,A3100104,Boné,"38/160,99",Cartão de Crédito
AX3294,1/12/2023,A1500107,Garrafa,"84/119,3",Cartão de Crédito
AX119,1/13/2023,A1500108,BOLSA,41/999,Cartão de Crédito
AX118,1/13/2023,A1500108,Garrafa,"96/119,3",Cartão de Crédito
AX3305,1/14/2023,A1500107,Boné,"28/160,99",Cartão de Crédito
AX128,1/14/2023,A1500108,Garrafa,"37/119,3",Cartão de Crédito
AX130,1/14/2023,A1500108,Garrafa,"44/119,3",Cartão de Crédito
AX3300,1/14/2023,A1500107,Tênis,"74/320,19",Cartão de Crédito
AX3302,1/14/2023,A3100104,Carteira,44/210,Cartão de Crédito
AX149,1/15/2023,A1500108,FONE,35/159,Cartão de Crédito
AX3307,1/15/2023,A3100104,Garrafa,"35/119,3",Cartão de Crédito
AX153,1/15/2023,A1500108,Carteira,42/210,Transferência/PIX
AX3306,1/15/2023,A3100104,Tênis,"47/320,19",Cartão de Crédito
AX137,1/15/2023,A1500108,Garrafa,"23/119,3",Transferência/PIX
AX3312,1/15/2023,A1500107,Boné,"84/160,99",Transferência/PIX
AX3308,1/15/2023,A3100104,Carteira,48/210,Cartão de Crédito
AX3309,1/15/2023,A3100104,BOLSA,37/999,Transferência/PIX
AX3317,1/16/2023,A3100104,Garrafa,"19/119,3",Cartão de Crédito
AX166,1/16/2023,A1500108,Garrafa,"22/119,3",Transferência/PIX
AX3316,1/16/2023,A3100104,Malaa,"43/499,19",Cartão de Crédito
AX154,1/16/2023,A1500108,Malaa,"96/499,19",Transferência/PIX
AX3313,1/16/2023,A1500107,Malaa,"96/499,19",Cartão de Crédito
AX3320,1/16/2023,A3100104,Mochila,"50/630,99",Transferência/PIX
AX3318,1/16/2023,A1500107,Boné,"44/160,99",Transferência/PIX
AX3323,1/17/2023,A3100104,Carteira,36/210,Cartão de Crédito
AX173,1/17/2023,A1500108,Boné,"39/160,99",Cartão de Crédito
AX3324,1/17/2023,A1500107,BOLSA,72/999,Transferência/PIX
AX3326,1/17/2023,A3100104,Garrafa,"38/119,3",Cartão de Crédito
AX197,1/18/2023,A1500108,FONE,29/159,Transferência/PIX
AX3328,1/18/2023,A3100104,Boné,"19/160,99",Cartão de Crédito
AX3330,1/18/2023,A3100104,Malaa,"19/499,19",Transferência/PIX
AX3329,1/18/2023,A1500107,Boné,"32/160,99",Cartão de Crédito
AX191,1/18/2023,A1500108,Boné,"51/160,99",Transferência/PIX
AX3333,1/18/2023,A1500107,Tênis,"54/320,19",Transferência/PIX
AX3337,1/19/2023,A3100104,Boné,"44/160,99",Transferência/PIX
AX209,1/21/2023,A1500108,FONE,38/159,Transferência/PIX
AX3343,1/21/2023,A1500107,Carteira,42/210,Transferência/PIX
AX207,1/21/2023,A1500108,Carteira,36/210,Cartão de Crédito
AX212,1/21/2023,A1500108,Boné,"32/160,99",Transferência/PIX
AX3341,1/21/2023,A3100104,BOLSA,49/999,Transferência/PIX
AX205,1/21/2023,A1500108,Malaa,"38/499,19",Cartão de Crédito
AX3342,1/21/2023,A1500107,Tênis,"52/320,19",Transferência/PIX
AX3340,1/21/2023,A1500107,Tênis,"84/320,19",Transferência/PIX
AX215,1/21/2023,A1500108,Mochila,"22/630,99",Cartão de Crédito
AX3355,1/22/2023,A3100104,Mochila,"52/630,99",Cartão de Crédito
AX3345,1/22/2023,A3100104,Carteira,20/210,Transferência/PIX
AX219,1/22/2023,A1500108,Carteira,34/210,Transferência/PIX
AX217,1/22/2023,A1500108,FONE,99/159,Transferência/PIX
AX226,1/22/2023,A1500108,Malaa,"35/499,19",Cartão de Crédito
AX3356,1/22/2023,A1500107,Malaa,"30/499,19",Cartão de Crédito
AX3347,1/22/2023,A1500107,Malaa,"66/499,19",Cartão de Crédito
AX3353,1/22/2023,A3100104,Malaa,"37/499,19",Transferência/PIX
AX3348,1/22/2023,A1500107,Garrafa,"80/119,3",Transferência/PIX
AX3351,1/22/2023,A3100104,Boné,"23/160,99",Cartão de Crédito
AX221,1/22/2023,A1500108,Mochila,"15/630,99",Cartão de Crédito
AX216,1/22/2023,A1500108,Garrafa,"52/119,3",Transferência/PIX
AX3346,1/22/2023,A1500107,Garrafa,"100/119,3",Transferência/PIX
AX3350,1/22/2023,A1500107,BOLSA,90/999,Transferência/PIX
AX235,1/23/2023,A1500108,Malaa,"19/499,19",Transferência/PIX
AX3361,1/23/2023,A3100104,Mochila,"19/630,99",Transferência/PIX
AX3363,1/23/2023,A3100104,FONE,25/159,Cartão de Crédito
AX3364,1/23/2023,A3100104,FONE,44/159,Cartão de Crédito
AX3362,1/23/2023,A3100104,Garrafa,"34/119,3",Transferência/PIX
AX3366,1/23/2023,A3100104,Tênis,"51/320,19",Cartão de Crédito
AX228,1/23/2023,A1500108,FONE,90/159,Transferência/PIX
AX3357,1/23/2023,A1500107,Carteira,66/210,Cartão de Crédito
AX3360,1/23/2023,A3100104,Malaa,"43/499,19",Transferência/PIX
AX233,1/23/2023,A1500108,Tênis,"43/320,19",Cartão de Crédito
AX230,1/23/2023,A1500108,Boné,"156/160,99",Cartão de Crédito
AX3358,1/23/2023,A1500107,Tênis,"94/320,19",Transferência/PIX
AX3370,1/24/2023,A3100104,Mochila,"38/630,99",Transferência/PIX
AX3371,1/24/2023,A3100104,BOLSA,16/999,Transferência/PIX
AX241,1/24/2023,A1500108,Malaa,"16/499,19",Transferência/PIX
AX247,1/24/2023,A1500108,Carteira,50/210,Transferência/PIX
AX243,1/24/2023,A1500108,Carteira,32/210,Transferência/PIX
AX3367,1/24/2023,A1500107,Malaa,"196/499,19",Transferência/PIX
AX244,1/24/2023,A1500108,Mochila,"37/630,99",Cartão de Crédito
AX3376,1/25/2023,A3100104,Carteira,48/210,Cartão de Crédito
AX254,1/25/2023,A1500108,Garrafa,"36/119,3",Cartão de Crédito
AX3373,1/25/2023,A1500107,Carteira,38/210,Cartão de Crédito
AX3374,1/25/2023,A1500107,BOLSA,204/999,Cartão de Crédito
AX260,1/25/2023,A1500108,Mochila,"40/630,99",Cartão de Crédito
AX3386,1/26/2023,A1500107,Garrafa,"68/119,3",Cartão de Crédito
AX3378,1/26/2023,A3100104,Mochila,"15/630,99",Cartão de Crédito
AX3379,1/26/2023,A1500107,Malaa,"58/499,19",Cartão de Crédito
AX3382,1/26/2023,A1500107,Malaa,"136/499,19",Transferência/PIX
AX3387,1/26/2023,A1500107,BOLSA,72/999,Cartão de Crédito
AX275,1/27/2023,A1500108,Boné,"15/160,99",Transferência/PIX
AX272,1/27/2023,A1500108,FONE,66/159,Cartão de Crédito
AX283,1/27/2023,A1500108,Tênis,"36/320,19",Transferência/PIX
AX282,1/27/2023,A1500108,FONE,87/159,Transferência/PIX
AX267,1/27/2023,A1500108,Carteira,141/210,Cartão de Crédito
AX281,1/27/2023,A1500108,Tênis,"24/320,19",Transferência/PIX
AX269,1/27/2023,A1500108,Garrafa,"50/119,3",Cartão de Crédito
AX3391,1/28/2023,A1500107,Garrafa,"56/119,3",Cartão de Crédito
AX3392,1/28/2023,A3100104,Tênis,"27/320,19",Transferência/PIX
AX3393,1/28/2023,A1500107,Garrafa,"62/119,3",Transferência/PIX
AX3388,1/28/2023,A3100104,Carteira,44/210,Transferência/PIX
AX297,1/28/2023,A1500108,BOLSA,39/999,Transferência/PIX
AX291,1/28/2023,A1500108,Mochila,"32/630,99",Transferência/PIX
AX304,1/28/2023,A1500108,Mochila,"54/630,99",Transferência/PIX
AX316,1/29/2023,A1500108,Mochila,"17/630,99",Cartão de Crédito
AX320,1/29/2023,A1500108,Boné,"27/160,99",Cartão de Crédito
AX3402,1/29/2023,A3100104,Malaa,"28/499,19",Transferência/PIX
AX308,1/29/2023,A1500108,Boné,"45/160,99",Transferência/PIX
AX3399,1/29/2023,A3100104,FONE,40/159,Cartão de Crédito
AX3396,1/29/2023,A3100104,BOLSA,37/999,Cartão de Crédito
AX3397,1/29/2023,A3100104,Garrafa,"25/119,3",Transferência/PIX
AX3400,1/29/2023,A1500107,Garrafa,"60/119,3",Cartão de Crédito
AX314,1/29/2023,A1500108,Mochila,"49/630,99",Cartão de Crédito
AX335,1/30/2023,A1500108,BOLSA,29/999,Cartão de Crédito
AX329,1/30/2023,A1500108,Carteira,42/210,Cartão de Crédito
AX3416,1/30/2023,A1500107,Carteira,58/210,Transferência/PIX
AX325,1/30/2023,A1500108,BOLSA,132/999,Transferência/PIX
AX326,1/30/2023,A1500108,Tênis,"156/320,19",Transferência/PIX
AX3412,1/30/2023,A1500107,FONE,80/159,Cartão de Crédito
AX323,1/30/2023,A1500108,Mochila,"156/630,99",Cartão de Crédito
AX3420,1/31/2023,A3100104,Garrafa,"26/119,3",Transferência/PIX
AX3418,1/31/2023,A3100104,Garrafa,"28/119,3",Transferência/PIX
AX348,1/31/2023,A1500108,BOLSA,48/999,Cartão de Crédito
AX346,1/31/2023,A1500108,Boné,"120/160,99",Cartão de Crédito
AX345,1/31/2023,A1500108,BOLSA,39/999,Transferência/PIX
AX3425,1/31/2023,A3100104,BOLSA,43/999,Cartão de Crédito
AX3424,1/31/2023,A3100104,Carteira,48/210,Cartão de Crédito
AX3417,1/31/2023,A1500107,Malaa,"108/499,19",Cartão de Crédito
AX3426,2/1/2023,A3100104,Mochila,"16/630,99",Transferência/PIX
AX3433,2/1/2023,A3100104,Carteira,45/210,Cartão de Crédito
AX3431,2/1/2023,A3100104,Boné,"45/160,99",Cartão de Crédito
AX353,2/1/2023,A1500108,FONE,24/159,Transferência/PIX
AX363,2/1/2023,A1500108,Boné,"27/160,99",Transferência/PIX
AX3430,2/1/2023,A3100104,Carteira,36/210,Cartão de Crédito
AX356,2/1/2023,A1500108,FONE,144/159,Transferência/PIX
AX364,2/1/2023,A1500108,Mochila,"32/630,99",Cartão de Crédito
AX366,2/1/2023,A1500108,Mochila,"36/630,99",Cartão de Crédito
AX360,2/1/2023,A1500108,Malaa,"114/499,19",Transferência/PIX
AX3429,2/1/2023,A1500107,Garrafa,"64/119,3",Transferência/PIX
AX3439,2/2/2023,A3100104,Malaa,"15/499,19",Cartão de Crédito
AX3436,2/2/2023,A1500107,Boné,"56/160,99",Transferência/PIX
AX3438,2/2/2023,A3100104,Tênis,"47/320,19",Cartão de Crédito
AX3440,2/2/2023,A3100104,Garrafa,"26/119,3",Transferência/PIX
AX382,2/3/2023,A1500108,Carteira,52/210,Transferência/PIX
AX372,2/3/2023,A1500108,Carteira,37/210,Transferência/PIX
AX378,2/3/2023,A1500108,Boné,"27/160,99",Cartão de Crédito
AX375,2/3/2023,A1500108,BOLSA,84/999,Transferência/PIX
AX376,2/3/2023,A1500108,Tênis,"45/320,19",Transferência/PIX
AX3446,2/4/2023,A3100104,Boné,"39/160,99",Cartão de Crédito
AX3442,2/4/2023,A3100104,BOLSA,39/999,Cartão de Crédito
AX383,2/4/2023,A1500108,Boné,"32/160,99",Cartão de Crédito
AX3445,2/4/2023,A1500107,Boné,"84/160,99",Cartão de Crédito
AX398,2/5/2023,A1500108,Malaa,"27/499,19",Transferência/PIX
AX3448,2/5/2023,A3100104,Tênis,"42/320,19",Transferência/PIX
AX395,2/5/2023,A1500108,Boné,"66/160,99",Transferência/PIX
AX3453,2/5/2023,A3100104,Tênis,"27/320,19",Cartão de Crédito
AX3452,2/5/2023,A3100104,Mochila,"51/630,99",Cartão de Crédito
AX3450,2/5/2023,A3100104,Malaa,"47/499,19",Cartão de Crédito
AX400,2/5/2023,A1500108,Tênis,"40/320,19",Cartão de Crédito
AX3455,2/5/2023,A3100104,Mochila,"22/630,99",Cartão de Crédito
AX3451,2/5/2023,A1500107,FONE,62/159,Cartão de Crédito
AX399,2/5/2023,A1500108,Mochila,"93/630,99",Cartão de Crédito
AX3463,2/6/2023,A3100104,FONE,18/159,Cartão de Crédito
AX3460,2/6/2023,A3100104,Carteira,32/210,Cartão de Crédito
AX3457,2/6/2023,A1500107,Carteira,38/210,Cartão de Crédito
AX422,2/6/2023,A1500108,Malaa,"18/499,19",Cartão de Crédito
AX3459,2/6/2023,A3100104,FONE,50/159,Cartão de Crédito
AX421,2/6/2023,A1500108,Garrafa,"22/119,3",Cartão de Crédito
AX411,2/6/2023,A1500108,Garrafa,"87/119,3",Cartão de Crédito
AX3461,2/6/2023,A3100104,FONE,33/159,Cartão de Crédito
AX3464,2/6/2023,A1500107,BOLSA,34/999,Cartão de Crédito
AX3465,2/7/2023,A3100104,Carteira,34/210,Cartão de Crédito
AX430,2/7/2023,A1500108,Carteira,44/210,Cartão de Crédito
AX3466,2/7/2023,A3100104,Mochila,"39/630,99",Cartão de Crédito
AX432,2/7/2023,A1500108,Mochila,"27/630,99",Cartão de Crédito
AX456,2/8/2023,A1500108,BOLSA,45/999,Cartão de Crédito
AX457,2/8/2023,A1500108,Mochila,"19/630,99",Cartão de Crédito
AX3470,2/8/2023,A3100104,Malaa,"49/499,19",Cartão de Crédito
AX449,2/8/2023,A1500108,Carteira,117/210,Cartão de Crédito
AX452,2/8/2023,A1500108,Tênis,"40/320,19",Cartão de Crédito
AX3471,2/8/2023,A3100104,Malaa,"40/499,19",Cartão de Crédito
AX3476,2/9/2023,A1500107,FONE,42/159,Cartão de Crédito
AX3474,2/9/2023,A1500107,Carteira,42/210,Cartão de Crédito
AX3473,2/9/2023,A3100104,Tênis,"50/320,19",Cartão de Crédito
AX3472,2/9/2023,A1500107,Malaa,"60/499,19",Cartão de Crédito
AX461,2/10/2023,A1500108,Carteira,22/210,Cartão de Crédito
AX460,2/10/2023,A1500108,Carteira,35/210,Cartão de Crédito
AX464,2/10/2023,A1500108,Malaa,"57/499,19",Cartão de Crédito
AX463,2/10/2023,A1500108,BOLSA,60/999,Cartão de Crédito
AX471,2/10/2023,A1500108,Garrafa,"25/119,3",Cartão de Crédito
AX468,2/10/2023,A1500108,BOLSA,47/999,Cartão de Crédito
AX472,2/10/2023,A1500108,Garrafa,"47/119,3",Cartão de Crédito
AX485,2/11/2023,A1500108,BOLSA,16/999,Cartão de Crédito
AX488,2/11/2023,A1500108,Carteira,17/210,Cartão de Crédito
AX3485,2/11/2023,A3100104,Mochila,"17/630,99",Cartão de Crédito
AX3483,2/11/2023,A3100104,Mochila,"49/630,99",Cartão de Crédito
AX476,2/11/2023,A1500108,Carteira,33/210,Cartão de Crédito
AX3480,2/11/2023,A3100104,Malaa,"50/499,19",Cartão de Crédito
AX3482,2/11/2023,A3100104,FONE,45/159,Cartão de Crédito
AX3484,2/11/2023,A3100104,Garrafa,"42/119,3",Cartão de Crédito
AX478,2/11/2023,A1500108,Malaa,"52/499,19",Cartão de Crédito
AX3477,2/11/2023,A1500107,FONE,132/159,Cartão de Crédito
AX3481,2/11/2023,A1500107,Mochila,"66/630,99",Cartão de Crédito
AX477,2/11/2023,A1500108,Boné,"60/160,99",Cartão de Crédito
AX484,2/11/2023,A1500108,Boné,"99/160,99",Cartão de Crédito
AX3479,2/11/2023,A1500107,Carteira,100/210,Cartão de Crédito
AX502,2/12/2023,A1500108,BOLSA,15/999,Cartão de Crédito
AX3487,2/12/2023,A3100104,FONE,50/159,Cartão de Crédito
AX491,2/12/2023,A1500108,BOLSA,33/999,Cartão de Crédito
AX3486,2/12/2023,A1500107,Malaa,"54/499,19",Cartão de Crédito
AX3493,2/13/2023,A1500107,Tênis,"66/320,19",Cartão de Crédito
AX3495,2/13/2023,A1500107,Malaa,"54/499,19",Cartão de Crédito
AX3494,2/13/2023,A3100104,Tênis,"41/320,19",Cartão de Crédito
AX509,2/13/2023,A1500108,Boné,"111/160,99",Cartão de Crédito
AX3489,2/13/2023,A3100104,Mochila,"48/630,99",Cartão de Crédito
AX3488,2/13/2023,A1500107,FONE,128/159,Cartão de Crédito
AX3490,2/13/2023,A1500107,Boné,"184/160,99",Cartão de Crédito
AX519,2/14/2023,A1500108,BOLSA,41/999,Cartão de Crédito
AX3497,2/14/2023,A3100104,Boné,"43/160,99",Cartão de Crédito
AX524,2/14/2023,A1500108,FONE,105/159,Cartão de Crédito
AX523,2/14/2023,A1500108,Malaa,"43/499,19",Cartão de Crédito
AX3496,2/14/2023,A3100104,Malaa,"45/499,19",Cartão de Crédito
AX514,2/14/2023,A1500108,Garrafa,"108/119,3",Cartão de Crédito
AX3501,2/15/2023,A1500107,Malaa,"62/499,19",Cartão de Crédito
AX3502,2/15/2023,A3100104,Mochila,"17/630,99",Cartão de Crédito
AX3504,2/16/2023,A1500107,Mochila,"62/630,99",Cartão de Crédito
AX3507,2/16/2023,A1500107,Carteira,70/210,Cartão de Crédito
AX3503,2/16/2023,A1500107,Carteira,34/210,Cartão de Crédito
AX3505,2/16/2023,A3100104,BOLSA,29/999,Cartão de Crédito
AX3506,2/16/2023,A3100104,FONE,49/159,Cartão de Crédito
AX533,2/17/2023,A1500108,Tênis,"18/320,19",Cartão de Crédito
AX536,2/17/2023,A1500108,Mochila,"35/630,99",Cartão de Crédito
AX3509,2/18/2023,A3100104,FONE,21/159,Cartão de Crédito
AX3508,2/18/2023,A3100104,BOLSA,51/999,Cartão de Crédito
AX555,2/18/2023,A1500108,Carteira,48/210,Cartão de Crédito
AX3510,2/18/2023,A3100104,Garrafa,"37/119,3",Cartão de Crédito
AX547,2/18/2023,A1500108,Garrafa,"19/119,3",Cartão de Crédito
AX3513,2/18/2023,A1500107,Mochila,"54/630,99",Cartão de Crédito
AX546,2/18/2023,A1500108,Tênis,"51/320,19",Cartão de Crédito
AX3512,2/18/2023,A3100104,Carteira,27/210,Cartão de Crédito
AX550,2/18/2023,A1500108,Mochila,"120/630,99",Cartão de Crédito
AX3519,2/19/2023,A1500107,Malaa,"60/499,19",Cartão de Crédito
AX3520,2/19/2023,A3100104,Malaa,"28/499,19",Cartão de Crédito
AX561,2/19/2023,A1500108,Carteira,41/210,Cartão de Crédito
AX571,2/19/2023,A1500108,BOLSA,46/999,Cartão de Crédito
AX575,2/19/2023,A1500108,Boné,"39/160,99",Cartão de Crédito
AX3515,2/19/2023,A3100104,Boné,"47/160,99",Cartão de Crédito
AX566,2/19/2023,A1500108,Garrafa,"105/119,3",Cartão de Crédito
AX3527,2/20/2023,A3100104,BOLSA,48/999,Cartão de Crédito
AX3526,2/20/2023,A3100104,BOLSA,49/999,Cartão de Crédito
AX3524,2/20/2023,A3100104,Carteira,49/210,Cartão de Crédito
AX591,2/20/2023,A1500108,Mochila,"39/630,99",Cartão de Crédito
AX585,2/20/2023,A1500108,FONE,93/159,Cartão de Crédito
AX3529,2/20/2023,A1500107,BOLSA,100/999,Cartão de Crédito
AX594,2/21/2023,A1500108,BOLSA,46/999,Cartão de Crédito
AX601,2/21/2023,A1500108,Carteira,23/210,Cartão de Crédito
AX593,2/21/2023,A1500108,Garrafa,"25/119,3",Cartão de Crédito
AX3532,2/21/2023,A1500107,Garrafa,"58/119,3",Cartão de Crédito
AX3535,2/21/2023,A1500107,Garrafa,"92/119,3",Cartão de Crédito
AX3537,2/21/2023,A3100104,Malaa,"16/499,19",Cartão de Crédito
AX3531,2/21/2023,A1500107,FONE,96/159,Cartão de Crédito
AX606,2/21/2023,A1500108,Mochila,"16/630,99",Cartão de Crédito
AX3539,2/22/2023,A3100104,Malaa,"40/499,19",Cartão de Crédito
AX3540,2/22/2023,A1500107,Garrafa,"86/119,3",Cartão de Crédito
AX3538,2/22/2023,A1500107,Carteira,188/210,Cartão de Crédito
AX3550,2/23/2023,A3100104,FONE,48/159,Cartão de Crédito
AX3551,2/23/2023,A1500107,Tênis,"98/320,19",Cartão de Crédito
AX3554,2/23/2023,A3100104,Mochila,"20/630,99",Cartão de Crédito
AX3547,2/23/2023,A3100104,Garrafa,"35/119,3",Cartão de Crédito
AX3553,2/23/2023,A1500107,Tênis,"74/320,19",Cartão de Crédito
AX3552,2/23/2023,A1500107,FONE,120/159,Cartão de Crédito
AX3542,2/23/2023,A1500107,FONE,104/159,Cartão de Crédito
AX3545,2/23/2023,A1500107,Boné,"96/160,99",Cartão de Crédito
AX622,2/24/2023,A1500108,FONE,49/159,Transferência/PIX
AX615,2/24/2023,A1500108,Malaa,"45/499,19",Transferência/PIX
AX619,2/24/2023,A1500108,Boné,"81/160,99",Transferência/PIX
AX3562,2/25/2023,A3100104,Mochila,"34/630,99",Cartão de Crédito
AX3555,2/25/2023,A1500107,Mochila,"52/630,99",Cartão de Crédito
AX3558,2/25/2023,A3100104,BOLSA,18/999,Cartão de Crédito
AX3567,2/25/2023,A3100104,Boné,"22/160,99",Transferência/PIX
AX3568,2/25/2023,A1500107,Mochila,"88/630,99",Transferência/PIX
AX3563,2/25/2023,A3100104,Boné,"47/160,99",Transferência/PIX
AX3557,2/25/2023,A3100104,Carteira,33/210,Transferência/PIX
AX636,2/25/2023,A1500108,BOLSA,24/999,Cartão de Crédito
AX637,2/25/2023,A1500108,Boné,"29/160,99",Cartão de Crédito
AX3561,2/25/2023,A1500107,BOLSA,40/999,Cartão de Crédito
AX3564,2/25/2023,A3100104,Malaa,"52/499,19",Transferência/PIX
AX3559,2/25/2023,A3100104,Garrafa,"42/119,3",Cartão de Crédito
AX645,2/26/2023,A1500108,Malaa,"45/499,19",Cartão de Crédito
AX643,2/26/2023,A1500108,Garrafa,"33/119,3",Cartão de Crédito
AX3572,2/26/2023,A1500107,Boné,"64/160,99",Transferência/PIX
AX648,2/26/2023,A1500108,Mochila,"25/630,99",Transferência/PIX
AX3580,2/27/2023,A1500107,Mochila,"94/630,99",Cartão de Crédito
AX3579,2/27/2023,A3100104,FONE,20/159,Cartão de Crédito
AX3577,2/27/2023,A3100104,BOLSA,22/999,Cartão de Crédito
AX653,2/27/2023,A1500108,Malaa,"15/499,19",Transferência/PIX
AX3576,2/27/2023,A3100104,BOLSA,48/999,Transferência/PIX
AX3578,2/27/2023,A1500107,Mochila,"94/630,99",Transferência/PIX
AX657,2/27/2023,A1500108,BOLSA,52/999,Transferência/PIX
AX3581,2/27/2023,A3100104,Garrafa,"48/119,3",Transferência/PIX
AX665,2/28/2023,A1500108,FONE,39/159,Transferência/PIX
AX3587,2/28/2023,A1500107,Mochila,"120/630,99",Transferência/PIX
AX3586,2/28/2023,A3100104,Mochila,"17/630,99",Cartão de Crédito
AX3588,2/28/2023,A3100104,FONE,52/159,Transferência/PIX
AX3582,2/28/2023,A3100104,Boné,"35/160,99",Transferência/PIX
AX663,2/28/2023,A1500108,Garrafa,"35/119,3",Cartão de Crédito
AX3584,2/28/2023,A1500107,Boné,"104/160,99",Cartão de Crédito
AX3589,3/1/2023,A1500107,BOLSA,172/999,Transferência/PIX
AX3590,3/1/2023,A1500107,Tênis,"72/320,19",Transferência/PIX
AX3594,3/1/2023,A3100104,FONE,37/159,Cartão de Crédito
AX3592,3/1/2023,A3100104,Mochila,"36/630,99",Cartão de Crédito
AX3595,3/1/2023,A3100104,Malaa,"45/499,19",Transferência/PIX
AX3598,3/1/2023,A3100104,Tênis,"49/320,19",Cartão de Crédito
AX3596,3/1/2023,A3100104,Mochila,"51/630,99",Transferência/PIX
AX3599,3/1/2023,A1500107,BOLSA,44/999,Cartão de Crédito
AX3593,3/1/2023,A1500107,Carteira,66/210,Cartão de Crédito
AX3605,3/2/2023,A3100104,BOLSA,18/999,Transferência/PIX
AX680,3/2/2023,A1500108,Malaa,"25/499,19",Transferência/PIX
AX3607,3/2/2023,A3100104,FONE,30/159,Cartão de Crédito
AX676,3/2/2023,A1500108,Garrafa,"32/119,3",Cartão de Crédito
AX3603,3/2/2023,A3100104,Mochila,"50/630,99",Transferência/PIX
AX678,3/2/2023,A1500108,BOLSA,135/999,Transferência/PIX
AX3606,3/2/2023,A3100104,FONE,39/159,Transferência/PIX
AX692,3/3/2023,A1500108,BOLSA,30/999,Cartão de Crédito
AX698,3/3/2023,A1500108,Garrafa,"31/119,3",Cartão de Crédito
AX689,3/3/2023,A1500108,Boné,"44/160,99",Cartão de Crédito
AX3610,3/4/2023,A3100104,BOLSA,37/999,Transferência/PIX
AX710,3/4/2023,A1500108,Carteira,44/210,Transferência/PIX
AX3611,3/4/2023,A3100104,Carteira,44/210,Transferência/PIX
AX709,3/4/2023,A1500108,FONE,37/159,Transferência/PIX
AX3608,3/4/2023,A1500107,BOLSA,62/999,Cartão de Crédito
AX3613,3/5/2023,A1500107,FONE,46/159,Transferência/PIX
AX3618,3/5/2023,A3100104,Malaa,"32/499,19",Cartão de Crédito
AX3614,3/5/2023,A3100104,Carteira,33/210,Cartão de Crédito
AX718,3/5/2023,A1500108,FONE,150/159,Cartão de Crédito
AX3617,3/5/2023,A3100104,Tênis,"50/320,19",Cartão de Crédito
AX3616,3/5/2023,A1500107,FONE,200/159,Cartão de Crédito
AX3619,3/5/2023,A3100104,Malaa,"46/499,19",Transferência/PIX
AX730,3/6/2023,A1500108,Garrafa,"36/119,3",Cartão de Crédito
AX732,3/6/2023,A1500108,Malaa,"45/499,19",Cartão de Crédito
AX3621,3/6/2023,A3100104,Malaa,"46/499,19",Transferência/PIX
AX733,3/6/2023,A1500108,Mochila,"28/630,99",Transferência/PIX
AX3620,3/6/2023,A1500107,Malaa,"200/499,19",Cartão de Crédito
AX726,3/6/2023,A1500108,Tênis,"108/320,19",Transferência/PIX
AX3623,3/6/2023,A1500107,Boné,"56/160,99",Transferência/PIX
AX3625,3/7/2023,A3100104,Mochila,"27/630,99",Transferência/PIX
AX3633,3/7/2023,A1500107,Carteira,56/210,Transferência/PIX
AX3626,3/7/2023,A1500107,Mochila,"56/630,99",Transferência/PIX
AX3624,3/7/2023,A1500107,Mochila,"52/630,99",Transferência/PIX
AX3632,3/7/2023,A3100104,FONE,31/159,Cartão de Crédito
AX744,3/7/2023,A1500108,Boné,"30/160,99",Cartão de Crédito
AX3631,3/7/2023,A3100104,Malaa,"31/499,19",Transferência/PIX
AX3627,3/7/2023,A3100104,BOLSA,30/999,Transferência/PIX
AX745,3/7/2023,A1500108,Carteira,144/210,Cartão de Crédito
AX743,3/7/2023,A1500108,Malaa,"90/499,19",Cartão de Crédito
AX736,3/7/2023,A1500108,Tênis,"30/320,19",Transferência/PIX
AX3634,3/7/2023,A1500107,BOLSA,156/999,Cartão de Crédito
AX3643,3/8/2023,A1500107,FONE,50/159,Cartão de Crédito
AX3639,3/8/2023,A3100104,Mochila,"44/630,99",Transferência/PIX
AX3641,3/8/2023,A1500107,Mochila,"76/630,99",Transferência/PIX
AX3638,3/8/2023,A1500107,Boné,"26/160,99",Cartão de Crédito
AX3636,3/8/2023,A1500107,Carteira,48/210,Cartão de Crédito
AX761,3/9/2023,A1500108,Mochila,"28/630,99",Transferência/PIX
AX3646,3/9/2023,A3100104,Garrafa,"44/119,3",Cartão de Crédito
AX3649,3/9/2023,A3100104,Mochila,"17/630,99",Cartão de Crédito
AX3650,3/9/2023,A3100104,BOLSA,21/999,Transferência/PIX
AX3652,3/9/2023,A1500107,Tênis,"88/320,19",Transferência/PIX
AX3648,3/9/2023,A1500107,Carteira,36/210,Transferência/PIX
AX765,3/9/2023,A1500108,Mochila,"37/630,99",Transferência/PIX
AX3644,3/9/2023,A3100104,Malaa,"38/499,19",Cartão de Crédito
AX769,3/9/2023,A1500108,Mochila,"45/630,99",Transferência/PIX
AX3651,3/9/2023,A1500107,BOLSA,180/999,Transferência/PIX
AX772,3/10/2023,A1500108,Malaa,"48/499,19",Transferência/PIX
AX776,3/10/2023,A1500108,Malaa,"52/499,19",Transferência/PIX
AX777,3/10/2023,A1500108,BOLSA,37/999,Transferência/PIX
AX771,3/10/2023,A1500108,Garrafa,"141/119,3",Cartão de Crédito
AX778,3/10/2023,A1500108,Tênis,"48/320,19",Cartão de Crédito
AX789,3/11/2023,A1500108,FONE,33/159,Cartão de Crédito
AX786,3/11/2023,A1500108,Carteira,27/210,Transferência/PIX
AX783,3/11/2023,A1500108,Mochila,"15/630,99",Transferência/PIX
AX790,3/11/2023,A1500108,BOLSA,41/999,Cartão de Crédito
AX791,3/11/2023,A1500108,Garrafa,"52/119,3",Cartão de Crédito
AX794,3/11/2023,A1500108,Tênis,"35/320,19",Transferência/PIX
AX3654,3/11/2023,A1500107,Boné,"96/160,99",Cartão de Crédito
AX3653,3/11/2023,A1500107,Carteira,100/210,Cartão de Crédito
AX3664,3/12/2023,A3100104,BOLSA,30/999,Cartão de Crédito
AX3663,3/12/2023,A3100104,Tênis,"51/320,19",Cartão de Crédito
AX805,3/12/2023,A1500108,Malaa,"51/499,19",Cartão de Crédito
AX797,3/12/2023,A1500108,Garrafa,"36/119,3",Cartão de Crédito
AX3662,3/12/2023,A3100104,Garrafa,"39/119,3",Cartão de Crédito
AX798,3/12/2023,A1500108,Mochila,"29/630,99",Cartão de Crédito
AX3669,3/13/2023,A1500107,Malaa,"54/499,19",Cartão de Crédito
AX3666,3/13/2023,A1500107,Boné,"192/160,99",Cartão de Crédito
AX811,3/13/2023,A1500108,BOLSA,52/999,Cartão de Crédito
AX3667,3/13/2023,A3100104,Boné,"32/160,99",Cartão de Crédito
AX833,3/14/2023,A1500108,FONE,38/159,Cartão de Crédito
AX823,3/14/2023,A1500108,FONE,34/159,Cartão de Crédito
AX3672,3/14/2023,A3100104,FONE,27/159,Cartão de Crédito
AX3671,3/14/2023,A1500107,Tênis,"32/320,19",Cartão de Crédito
AX824,3/14/2023,A1500108,BOLSA,22/999,Cartão de Crédito
AX3675,3/14/2023,A3100104,Malaa,"38/499,19",Cartão de Crédito
AX832,3/14/2023,A1500108,BOLSA,29/999,Cartão de Crédito
AX827,3/14/2023,A1500108,Garrafa,"29/119,3",Cartão de Crédito
AX3670,3/14/2023,A1500107,Mochila,"160/630,99",Cartão de Crédito
AX829,3/14/2023,A1500108,Garrafa,"102/119,3",Cartão de Crédito
AX3679,3/15/2023,A3100104,Garrafa,"34/119,3",Cartão de Crédito
AX3681,3/16/2023,A3100104,Carteira,43/210,Cartão de Crédito
AX3685,3/16/2023,A3100104,Boné,"27/160,99",Cartão de Crédito
AX844,3/16/2023,A1500108,Boné,"43/160,99",Cartão de Crédito
AX841,3/16/2023,A1500108,Malaa,"75/499,19",Cartão de Crédito
AX3683,3/16/2023,A3100104,Boné,"31/160,99",Cartão de Crédito
AX845,3/16/2023,A1500108,Tênis,"32/320,19",Cartão de Crédito
AX838,3/16/2023,A1500108,Boné,"36/160,99",Cartão de Crédito
AX846,3/16/2023,A1500108,Mochila,"27/630,99",Cartão de Crédito
AX3682,3/16/2023,A1500107,Garrafa,"180/119,3",Cartão de Crédito
AX3680,3/16/2023,A3100104,Malaa,"27/499,19",Cartão de Crédito
AX856,3/17/2023,A1500108,Carteira,38/210,Cartão de Crédito
AX867,3/17/2023,A1500108,Boné,"17/160,99",Cartão de Crédito
AX853,3/17/2023,A1500108,Boné,"31/160,99",Cartão de Crédito
AX862,3/17/2023,A1500108,Carteira,150/210,Cartão de Crédito
AX3689,3/18/2023,A3100104,Mochila,"50/630,99",Cartão de Crédito
AX876,3/18/2023,A1500108,Carteira,24/210,Cartão de Crédito
AX872,3/18/2023,A1500108,Malaa,"32/499,19",Cartão de Crédito
AX3687,3/18/2023,A3100104,BOLSA,39/999,Cartão de Crédito
AX873,3/18/2023,A1500108,Tênis,"35/320,19",Cartão de Crédito
AX875,3/18/2023,A1500108,Garrafa,"44/119,3",Cartão de Crédito
AX3692,3/18/2023,A1500107,Carteira,56/210,Cartão de Crédito
AX870,3/18/2023,A1500108,Mochila,"48/630,99",Cartão de Crédito
AX904,3/19/2023,A1500108,Carteira,36/210,Cartão de Crédito
AX3698,3/19/2023,A3100104,Garrafa,"17/119,3",Cartão de Crédito
AX905,3/19/2023,A1500108,FONE,66/159,Cartão de Crédito
AX3695,3/19/2023,A3100104,Tênis,"40/320,19",Cartão de Crédito
AX3699,3/19/2023,A3100104,FONE,37/159,Cartão de Crédito
AX3700,3/19/2023,A3100104,Boné,"23/160,99",Cartão de Crédito
AX902,3/19/2023,A1500108,BOLSA,43/999,Cartão de Crédito
AX3694,3/19/2023,A1500107,Mochila,"94/630,99",Cartão de Crédito
AX3702,3/20/2023,A3100104,BOLSA,25/999,Cartão de Crédito
AX908,3/20/2023,A1500108,Tênis,"33/320,19",Cartão de Crédito
AX912,3/21/2023,A1500108,Carteira,45/210,Cartão de Crédito
AX920,3/21/2023,A1500108,Carteira,18/210,Cartão de Crédito
AX3712,3/21/2023,A3100104,Malaa,"29/499,19",Cartão de Crédito
AX911,3/21/2023,A1500108,Garrafa,"35/119,3",Cartão de Crédito
AX3704,3/21/2023,A3100104,Tênis,"52/320,19",Cartão de Crédito
AX3711,3/21/2023,A1500107,Carteira,148/210,Cartão de Crédito
AX3717,3/22/2023,A3100104,Carteira,46/210,Cartão de Crédito
AX3718,3/22/2023,A1500107,BOLSA,88/999,Cartão de Crédito
AX3719,3/22/2023,A1500107,Mochila,"44/630,99",Cartão de Crédito
AX3715,3/22/2023,A3100104,Malaa,"45/499,19",Cartão de Crédito
AX3716,3/22/2023,A3100104,FONE,40/159,Cartão de Crédito
AX3721,3/22/2023,A1500107,Malaa,"100/499,19",Cartão de Crédito
AX3720,3/22/2023,A3100104,Boné,"27/160,99",Cartão de Crédito
AX3714,3/22/2023,A1500107,Tênis,"86/320,19",Cartão de Crédito
AX3724,3/23/2023,A1500107,BOLSA,30/999,Cartão de Crédito
AX937,3/23/2023,A1500108,Malaa,"24/499,19",Cartão de Crédito
AX3727,3/23/2023,A1500107,BOLSA,50/999,Cartão de Crédito
AX933,3/23/2023,A1500108,BOLSA,135/999,Cartão de Crédito
AX928,3/23/2023,A1500108,Garrafa,"21/119,3",Cartão de Crédito
AX3729,3/23/2023,A1500107,Tênis,"94/320,19",Cartão de Crédito
AX3726,3/23/2023,A3100104,BOLSA,20/999,Cartão de Crédito
AX945,3/23/2023,A1500108,Tênis,"33/320,19",Cartão de Crédito
AX3728,3/23/2023,A1500107,Boné,"88/160,99",Cartão de Crédito
AX938,3/23/2023,A1500108,Tênis,"99/320,19",Cartão de Crédito
AX948,3/24/2023,A1500108,FONE,33/159,Cartão de Crédito
AX947,3/24/2023,A1500108,Garrafa,"138/119,3",Cartão de Crédito
AX956,3/25/2023,A1500108,Boné,"16/160,99",Cartão de Crédito
AX3734,3/25/2023,A1500107,Carteira,30/210,Cartão de Crédito
AX3735,3/25/2023,A3100104,Garrafa,"19/119,3",Cartão de Crédito
AX3731,3/25/2023,A3100104,Tênis,"33/320,19",Cartão de Crédito
AX3733,3/25/2023,A1500107,Carteira,40/210,Cartão de Crédito
AX960,3/25/2023,A1500108,Tênis,"20/320,19",Cartão de Crédito
AX3737,3/25/2023,A1500107,Malaa,"80/499,19",Cartão de Crédito
AX3736,3/25/2023,A1500107,BOLSA,164/999,Cartão de Crédito
AX3739,3/26/2023,A3100104,Boné,"17/160,99",Cartão de Crédito
AX3740,3/26/2023,A3100104,Tênis,"24/320,19",Cartão de Crédito
AX974,3/26/2023,A1500108,Malaa,"108/499,19",Cartão de Crédito
AX3744,3/26/2023,A1500107,Garrafa,"64/119,3",Cartão de Crédito
AX3738,3/26/2023,A3100104,Malaa,"22/499,19",Cartão de Crédito
AX3741,3/26/2023,A1500107,BOLSA,34/999,Cartão de Crédito
AX968,3/26/2023,A1500108,Garrafa,"114/119,3",Transferência/PIX
AX3745,3/27/2023,A1500107,Garrafa,"60/119,3",Transferência/PIX
AX3746,3/27/2023,A3100104,Mochila,"40/630,99",Transferência/PIX
AX3747,3/27/2023,A3100104,FONE,39/159,Cartão de Crédito
AX991,3/28/2023,A1500108,FONE,31/159,Transferência/PIX
AX3757,3/28/2023,A1500107,BOLSA,48/999,Cartão de Crédito
AX988,3/28/2023,A1500108,BOLSA,52/999,Cartão de Crédito
AX3753,3/28/2023,A3100104,Tênis,"31/320,19",Transferência/PIX
AX3752,3/28/2023,A3100104,Mochila,"51/630,99",Transferência/PIX
AX994,3/28/2023,A1500108,Malaa,"60/499,19",Transferência/PIX
AX3748,3/28/2023,A1500107,Carteira,86/210,Cartão de Crédito
AX3750,3/28/2023,A1500107,Malaa,"64/499,19",Transferência/PIX
AX3756,3/28/2023,A1500107,Boné,"124/160,99",Transferência/PIX
AX3755,3/28/2023,A3100104,FONE,44/159,Transferência/PIX
AX3749,3/28/2023,A1500107,Boné,"120/160,99",Cartão de Crédito
AX3761,3/29/2023,A3100104,BOLSA,35/999,Transferência/PIX
AX3763,3/29/2023,A1500107,BOLSA,42/999,Transferência/PIX
AX3762,3/29/2023,A3100104,Mochila,"36/630,99",Transferência/PIX
AX3759,3/29/2023,A3100104,BOLSA,42/999,Transferência/PIX
AX3760,3/29/2023,A1500107,Carteira,30/210,Cartão de Crédito
AX1002,3/30/2023,A1500108,FONE,141/159,Cartão de Crédito
AX1013,3/30/2023,A1500108,BOLSA,26/999,Cartão de Crédito
AX1015,3/30/2023,A1500108,FONE,60/159,Transferência/PIX
AX3766,3/30/2023,A3100104,Tênis,"45/320,19",Transferência/PIX
AX1011,3/30/2023,A1500108,BOLSA,75/999,Cartão de Crédito
AX1006,3/30/2023,A1500108,Garrafa,"102/119,3",Cartão de Crédito
AX1023,3/31/2023,A1500108,Garrafa,"27/119,3",Transferência/PIX
AX1038,4/1/2023,A1500108,FONE,36/159,Transferência/PIX
AX1029,4/1/2023,A1500108,Tênis,"15/320,19",Transferência/PIX
AX1033,4/1/2023,A1500108,Malaa,"102/499,19",Transferência/PIX
AX1030,4/1/2023,A1500108,Mochila,"34/630,99",Transferência/PIX
AX3769,4/1/2023,A3100104,Malaa,"47/499,19",Cartão de Crédito
AX3771,4/1/2023,A1500107,Boné,"204/160,99",Cartão de Crédito
AX1046,4/2/2023,A1500108,Carteira,31/210,Cartão de Crédito
AX1040,4/2/2023,A1500108,BOLSA,26/999,Transferência/PIX
AX1043,4/2/2023,A1500108,Malaa,"50/499,19",Transferência/PIX
AX1056,4/2/2023,A1500108,Carteira,41/210,Cartão de Crédito
AX1048,4/2/2023,A1500108,Malaa,"49/499,19",Transferência/PIX
AX1050,4/2/2023,A1500108,Tênis,"16/320,19",Transferência/PIX
AX3777,4/2/2023,A3100104,Boné,"32/160,99",Transferência/PIX
AX3781,4/2/2023,A1500107,BOLSA,44/999,Transferência/PIX
AX3778,4/2/2023,A3100104,Mochila,"38/630,99",Cartão de Crédito
AX3776,4/2/2023,A1500107,Garrafa,"164/119,3",Cartão de Crédito
AX3787,4/3/2023,A3100104,Carteira,30/210,Cartão de Crédito
AX3783,4/3/2023,A3100104,Mochila,"46/630,99",Cartão de Crédito
AX3786,4/3/2023,A1500107,FONE,64/159,Transferência/PIX
AX3785,4/3/2023,A1500107,Malaa,"42/499,19",Transferência/PIX
AX3794,4/4/2023,A3100104,Carteira,16/210,Cartão de Crédito
AX1066,4/4/2023,A1500108,Carteira,99/210,Cartão de Crédito
AX1082,4/4/2023,A1500108,BOLSA,69/999,Cartão de Crédito
AX3795,4/4/2023,A1500107,BOLSA,120/999,Cartão de Crédito
AX1078,4/4/2023,A1500108,Carteira,141/210,Cartão de Crédito
AX3793,4/4/2023,A3100104,FONE,43/159,Transferência/PIX
AX1073,4/4/2023,A1500108,Malaa,"129/499,19",Transferência/PIX
AX3796,4/4/2023,A3100104,Carteira,50/210,Cartão de Crédito
AX1076,4/4/2023,A1500108,Tênis,"147/320,19",Cartão de Crédito
AX3808,4/5/2023,A3100104,Mochila,"41/630,99",Cartão de Crédito
AX3804,4/5/2023,A3100104,FONE,23/159,Transferência/PIX
AX3805,4/5/2023,A1500107,FONE,36/159,Transferência/PIX
AX3801,4/5/2023,A3100104,FONE,35/159,Transferência/PIX
AX3809,4/5/2023,A3100104,Garrafa,"35/119,3",Transferência/PIX
AX3803,4/5/2023,A3100104,FONE,33/159,Transferência/PIX
AX3799,4/5/2023,A3100104,Mochila,"40/630,99",Transferência/PIX
AX3806,4/5/2023,A3100104,Tênis,"42/320,19",Transferência/PIX
AX3807,4/5/2023,A1500107,Boné,"92/160,99",Transferência/PIX
AX3797,4/5/2023,A3100104,Garrafa,"47/119,3",Cartão de Crédito
AX3800,4/5/2023,A1500107,Mochila,"80/630,99",Transferência/PIX
AX1092,4/6/2023,A1500108,Malaa,"28/499,19",Cartão de Crédito
AX3811,4/6/2023,A1500107,Tênis,"56/320,19",Transferência/PIX
AX1088,4/6/2023,A1500108,BOLSA,36/999,Transferência/PIX
AX1090,4/6/2023,A1500108,Tênis,"37/320,19",Transferência/PIX
AX1087,4/6/2023,A1500108,Tênis,"40/320,19",Transferência/PIX
AX1091,4/6/2023,A1500108,Tênis,"78/320,19",Transferência/PIX
AX1110,4/7/2023,A1500108,BOLSA,40/999,Cartão de Crédito
AX1100,4/7/2023,A1500108,FONE,72/159,Transferência/PIX
AX1103,4/7/2023,A1500108,Garrafa,"41/119,3",Transferência/PIX
AX3813,4/8/2023,A3100104,Garrafa,"22/119,3",Cartão de Crédito
AX3820,4/8/2023,A1500107,Mochila,"68/630,99",Transferência/PIX
AX3815,4/8/2023,A3100104,FONE,27/159,Cartão de Crédito
AX3812,4/8/2023,A3100104,Mochila,"24/630,99",Transferência/PIX
AX3819,4/8/2023,A3100104,Garrafa,"26/119,3",Transferência/PIX
AX3816,4/8/2023,A1500107,Tênis,"74/320,19",Cartão de Crédito
AX3814,4/8/2023,A3100104,Tênis,"51/320,19",Cartão de Crédito
AX3817,4/8/2023,A1500107,Garrafa,"82/119,3",Transferência/PIX
AX1130,4/9/2023,A1500108,FONE,37/159,Transferência/PIX
AX1129,4/9/2023,A1500108,FONE,45/159,Cartão de Crédito
AX3823,4/9/2023,A3100104,BOLSA,35/999,Transferência/PIX
AX1132,4/9/2023,A1500108,Boné,"48/160,99",Transferência/PIX
AX1137,4/9/2023,A1500108,Malaa,"42/499,19",Transferência/PIX
AX3825,4/9/2023,A1500107,Carteira,88/210,Cartão de Crédito
AX1142,4/9/2023,A1500108,Garrafa,"126/119,3",Transferência/PIX
AX1154,4/10/2023,A1500108,Carteira,39/210,Transferência/PIX
AX1150,4/10/2023,A1500108,FONE,41/159,Cartão de Crédito
AX1149,4/10/2023,A1500108,Boné,"20/160,99",Cartão de Crédito
AX3831,4/10/2023,A1500107,Carteira,84/210,Transferência/PIX
AX1155,4/10/2023,A1500108,Mochila,"33/630,99",Cartão de Crédito
AX3839,4/11/2023,A3100104,Mochila,"19/630,99",Transferência/PIX
AX1162,4/11/2023,A1500108,Boné,"19/160,99",Transferência/PIX
AX1165,4/11/2023,A1500108,Carteira,51/210,Transferência/PIX
AX1157,4/11/2023,A1500108,Carteira,26/210,Transferência/PIX
AX3843,4/11/2023,A3100104,FONE,15/159,Cartão de Crédito
AX3841,4/11/2023,A3100104,Carteira,19/210,Transferência/PIX
AX3838,4/11/2023,A3100104,Boné,"41/160,99",Cartão de Crédito
AX3840,4/11/2023,A1500107,BOLSA,42/999,Cartão de Crédito
AX3835,4/11/2023,A3100104,FONE,34/159,Transferência/PIX
AX3844,4/11/2023,A1500107,Boné,"102/160,99",Transferência/PIX
AX1158,4/11/2023,A1500108,Garrafa,"69/119,3",Cartão de Crédito
AX1164,4/11/2023,A1500108,Mochila,"25/630,99",Transferência/PIX
AX3836,4/11/2023,A1500107,Garrafa,"144/119,3",Cartão de Crédito
AX3845,4/12/2023,A3100104,Boné,"20/160,99",Transferência/PIX
AX3848,4/12/2023,A3100104,Carteira,40/210,Transferência/PIX
AX3851,4/12/2023,A3100104,Boné,"15/160,99",Cartão de Crédito
AX3849,4/12/2023,A3100104,FONE,22/159,Transferência/PIX
AX3846,4/12/2023,A3100104,Garrafa,"26/119,3",Transferência/PIX
AX3847,4/12/2023,A3100104,FONE,50/159,Cartão de Crédito
AX3856,4/13/2023,A3100104,Garrafa,"16/119,3",Cartão de Crédito
AX1180,4/13/2023,A1500108,Malaa,"50/499,19",Transferência/PIX
AX1170,4/13/2023,A1500108,Garrafa,"27/119,3",Transferência/PIX
AX1167,4/13/2023,A1500108,Garrafa,"57/119,3",Transferência/PIX
AX3854,4/13/2023,A1500107,FONE,76/159,Transferência/PIX
AX1174,4/13/2023,A1500108,Garrafa,"123/119,3",Transferência/PIX
AX1192,4/14/2023,A1500108,Malaa,"15/499,19",Transferência/PIX
AX1191,4/14/2023,A1500108,Boné,"42/160,99",Transferência/PIX
AX1185,4/14/2023,A1500108,BOLSA,30/999,Transferência/PIX
AX1193,4/14/2023,A1500108,Tênis,"43/320,19",Transferência/PIX
AX1190,4/14/2023,A1500108,Mochila,"102/630,99",Transferência/PIX
AX3863,4/15/2023,A3100104,Mochila,"52/630,99",Cartão de Crédito
AX1199,4/15/2023,A1500108,BOLSA,50/999,Cartão de Crédito
AX1197,4/15/2023,A1500108,Carteira,99/210,Cartão de Crédito
AX3860,4/15/2023,A1500107,Garrafa,"66/119,3",Cartão de Crédito
AX1195,4/15/2023,A1500108,Garrafa,"99/119,3",Cartão de Crédito
AX3861,4/15/2023,A1500107,BOLSA,102/999,Transferência/PIX
AX3872,4/16/2023,A3100104,BOLSA,22/999,Transferência/PIX
AX3869,4/16/2023,A3100104,Tênis,"17/320,19",Cartão de Crédito
AX3868,4/16/2023,A1500107,Carteira,44/210,Cartão de Crédito
AX3871,4/16/2023,A3100104,BOLSA,19/999,Transferência/PIX
AX3867,4/16/2023,A3100104,Malaa,"46/499,19",Cartão de Crédito
AX1228,4/17/2023,A1500108,BOLSA,18/999,Cartão de Crédito
AX3875,4/17/2023,A3100104,BOLSA,31/999,Transferência/PIX
AX3874,4/17/2023,A3100104,Carteira,48/210,Transferência/PIX
AX3873,4/17/2023,A1500107,Mochila,"68/630,99",Cartão de Crédito
AX1227,4/17/2023,A1500108,Boné,"147/160,99",Transferência/PIX
AX1243,4/18/2023,A1500108,Carteira,50/210,Cartão de Crédito
AX3880,4/18/2023,A3100104,Tênis,"25/320,19",Transferência/PIX
AX1235,4/18/2023,A1500108,Carteira,150/210,Transferência/PIX
AX3881,4/18/2023,A3100104,BOLSA,43/999,Cartão de Crédito
AX3884,4/19/2023,A3100104,BOLSA,28/999,Transferência/PIX
AX3888,4/20/2023,A3100104,Garrafa,"47/119,3",Cartão de Crédito
AX3886,4/20/2023,A3100104,FONE,41/159,Cartão de Crédito
AX3887,4/20/2023,A3100104,Malaa,"19/499,19",Cartão de Crédito
AX1251,4/20/2023,A1500108,Garrafa,"37/119,3",Transferência/PIX
AX1252,4/20/2023,A1500108,Mochila,"24/630,99",Cartão de Crédito
AX1258,4/20/2023,A1500108,Tênis,"150/320,19",Transferência/PIX
AX1262,4/21/2023,A1500108,Malaa,"108/499,19",Transferência/PIX
AX1267,4/21/2023,A1500108,Mochila,"108/630,99",Cartão de Crédito
AX1276,4/22/2023,A1500108,FONE,46/159,Cartão de Crédito
AX3897,4/22/2023,A3100104,Carteira,48/210,Transferência/PIX
AX1279,4/22/2023,A1500108,Carteira,36/210,Cartão de Crédito
AX1278,4/22/2023,A1500108,Malaa,"43/499,19",Transferência/PIX
AX3893,4/22/2023,A1500107,FONE,86/159,Cartão de Crédito
AX3895,4/22/2023,A3100104,FONE,48/159,Cartão de Crédito
AX1277,4/22/2023,A1500108,Garrafa,"23/119,3",Transferência/PIX
AX3896,4/22/2023,A3100104,BOLSA,47/999,Cartão de Crédito
AX1280,4/22/2023,A1500108,Malaa,"129/499,19",Cartão de Crédito
AX3906,4/23/2023,A3100104,BOLSA,27/999,Cartão de Crédito
AX3901,4/23/2023,A3100104,Carteira,30/210,Transferência/PIX
AX3899,4/23/2023,A3100104,Boné,"50/160,99",Transferência/PIX
AX1294,4/23/2023,A1500108,Carteira,150/210,Cartão de Crédito
AX1288,4/23/2023,A1500108,BOLSA,25/999,Transferência/PIX
AX1299,4/23/2023,A1500108,Tênis,"38/320,19",Transferência/PIX
AX3907,4/23/2023,A1500107,BOLSA,52/999,Transferência/PIX
AX1301,4/23/2023,A1500108,BOLSA,75/999,Transferência/PIX
AX1293,4/23/2023,A1500108,Tênis,"29/320,19",Cartão de Crédito
AX3908,4/23/2023,A1500107,Boné,"92/160,99",Cartão de Crédito
AX3914,4/24/2023,A1500107,Garrafa,"31/119,3",Cartão de Crédito
AX3913,4/24/2023,A3100104,Carteira,26/210,Cartão de Crédito
AX3911,4/24/2023,A3100104,Malaa,"41/499,19",Cartão de Crédito
AX1332,4/25/2023,A1500108,Garrafa,"17/119,3",Cartão de Crédito
AX3919,4/25/2023,A1500107,Mochila,"44/630,99",Cartão de Crédito
AX3916,4/25/2023,A1500107,Malaa,"208/499,19",Cartão de Crédito
AX3922,4/26/2023,A3100104,Boné,"26/160,99",Cartão de Crédito
AX3924,4/26/2023,A1500107,Malaa,"68/499,19",Cartão de Crédito
AX1335,4/27/2023,A1500108,FONE,35/159,Cartão de Crédito
AX1346,4/27/2023,A1500108,BOLSA,50/999,Cartão de Crédito
AX3926,4/27/2023,A3100104,FONE,34/159,Cartão de Crédito
AX1337,4/27/2023,A1500108,Carteira,93/210,Cartão de Crédito
AX1356,4/28/2023,A1500108,Boné,"87/160,99",Cartão de Crédito
AX1358,4/28/2023,A1500108,Malaa,"63/499,19",Cartão de Crédito
AX1352,4/28/2023,A1500108,Mochila,"50/630,99",Cartão de Crédito
AX1360,4/28/2023,A1500108,Mochila,"135/630,99",Cartão de Crédito
AX3930,4/29/2023,A3100104,Carteira,20/210,Cartão de Crédito
AX3933,4/29/2023,A3100104,Mochila,"20/630,99",Cartão de Crédito
AX1369,4/29/2023,A1500108,Carteira,20/210,Cartão de Crédito
AX3928,4/29/2023,A3100104,BOLSA,40/999,Cartão de Crédito
AX3929,4/29/2023,A1500107,Garrafa,"30/119,3",Cartão de Crédito
AX1365,4/29/2023,A1500108,FONE,40/159,Cartão de Crédito
AX1366,4/29/2023,A1500108,Tênis,"15/320,19",Cartão de Crédito
AX3934,4/29/2023,A3100104,BOLSA,28/999,Cartão de Crédito
AX1368,4/29/2023,A1500108,BOLSA,49/999,Cartão de Crédito
AX3931,4/29/2023,A1500107,FONE,100/159,Cartão de Crédito
AX3937,4/30/2023,A1500107,FONE,36/159,Cartão de Crédito
AX1385,4/30/2023,A1500108,BOLSA,99/999,Cartão de Crédito
AX3940,4/30/2023,A1500107,Mochila,"80/630,99",Cartão de Crédito
AX1392,4/30/2023,A1500108,Tênis,"44/320,19",Cartão de Crédito
AX1379,4/30/2023,A1500108,Boné,"49/160,99",Cartão de Crédito
AX3938,4/30/2023,A3100104,FONE,49/159,Cartão de Crédito
AX1375,4/30/2023,A1500108,BOLSA,90/999,Cartão de Crédito
AX3943,5/1/2023,A3100104,Mochila,"41/630,99",Cartão de Crédito
AX1396,5/1/2023,A1500108,BOLSA,28/999,Cartão de Crédito
AX3948,5/1/2023,A1500107,Tênis,"30/320,19",Cartão de Crédito
AX3945,5/1/2023,A3100104,Malaa,"22/499,19",Cartão de Crédito
AX3942,5/1/2023,A3100104,FONE,32/159,Cartão de Crédito
AX1395,5/1/2023,A1500108,Carteira,57/210,Cartão de Crédito
AX1397,5/1/2023,A1500108,Tênis,"22/320,19",Cartão de Crédito
AX1406,5/2/2023,A1500108,Carteira,117/210,Cartão de Crédito
AX3949,5/2/2023,A3100104,Boné,"49/160,99",Cartão de Crédito
AX1421,5/2/2023,A1500108,Malaa,"34/499,19",Cartão de Crédito
AX3950,5/2/2023,A3100104,Garrafa,"19/119,3",Cartão de Crédito
AX3956,5/3/2023,A3100104,FONE,40/159,Cartão de Crédito
AX3955,5/3/2023,A3100104,Malaa,"51/499,19",Cartão de Crédito
AX1428,5/4/2023,A1500108,Carteira,78/210,Cartão de Crédito
AX3961,5/4/2023,A1500107,Garrafa,"36/119,3",Cartão de Crédito
AX3958,5/4/2023,A3100104,Carteira,25/210,Cartão de Crédito
AX3962,5/4/2023,A3100104,Garrafa,"19/119,3",Cartão de Crédito
AX1422,5/4/2023,A1500108,Garrafa,"93/119,3",Cartão de Crédito
AX1432,5/4/2023,A1500108,Mochila,"144/630,99",Cartão de Crédito
AX1429,5/4/2023,A1500108,Garrafa,"114/119,3",Cartão de Crédito
AX3963,5/4/2023,A1500107,BOLSA,148/999,Cartão de Crédito
AX1441,5/5/2023,A1500108,FONE,28/159,Cartão de Crédito
AX3972,5/6/2023,A1500107,BOLSA,52/999,Cartão de Crédito
AX3968,5/6/2023,A3100104,Carteira,25/210,Cartão de Crédito
AX1460,5/6/2023,A1500108,Carteira,30/210,Cartão de Crédito
AX3967,5/6/2023,A3100104,Carteira,33/210,Cartão de Crédito
AX1465,5/6/2023,A1500108,Malaa,"51/499,19",Cartão de Crédito
AX1458,5/6/2023,A1500108,Boné,"25/160,99",Cartão de Crédito
AX3969,5/6/2023,A1500107,Boné,"100/160,99",Cartão de Crédito
AX1454,5/6/2023,A1500108,Mochila,"51/630,99",Cartão de Crédito
AX1471,5/7/2023,A1500108,FONE,99/159,Cartão de Crédito
AX3979,5/7/2023,A3100104,Malaa,"22/499,19",Cartão de Crédito
AX3974,5/7/2023,A3100104,Mochila,"20/630,99",Cartão de Crédito
AX3975,5/7/2023,A3100104,Carteira,29/210,Cartão de Crédito
AX3978,5/7/2023,A1500107,Garrafa,"36/119,3",Cartão de Crédito
AX1476,5/7/2023,A1500108,Garrafa,"66/119,3",Cartão de Crédito
AX1467,5/7/2023,A1500108,Garrafa,"63/119,3",Transferência/PIX
AX1494,5/8/2023,A1500108,Malaa,"49/499,19",Cartão de Crédito
AX3983,5/8/2023,A3100104,Garrafa,"44/119,3",Transferência/PIX
AX1489,5/8/2023,A1500108,BOLSA,35/999,Cartão de Crédito
AX1497,5/9/2023,A1500108,FONE,39/159,Cartão de Crédito
AX3991,5/9/2023,A3100104,FONE,50/159,Cartão de Crédito
AX3990,5/9/2023,A1500107,Carteira,70/210,Cartão de Crédito
AX1500,5/9/2023,A1500108,Garrafa,"45/119,3",Transferência/PIX
AX3988,5/9/2023,A3100104,Tênis,"44/320,19",Transferência/PIX
AX3989,5/9/2023,A1500107,FONE,94/159,Transferência/PIX
AX1506,5/9/2023,A1500108,Boné,"111/160,99",Cartão de Crédito
AX3997,5/10/2023,A3100104,Mochila,"20/630,99",Cartão de Crédito
AX3994,5/10/2023,A3100104,FONE,34/159,Transferência/PIX
AX3995,5/10/2023,A3100104,FONE,37/159,Cartão de Crédito
AX1516,5/11/2023,A1500108,BOLSA,38/999,Transferência/PIX
AX3999,5/11/2023,A3100104,BOLSA,43/999,Transferência/PIX
AX4005,5/11/2023,A3100104,Garrafa,"42/119,3",Cartão de Crédito
AX1517,5/11/2023,A1500108,BOLSA,46/999,Transferência/PIX
AX4002,5/11/2023,A3100104,Garrafa,"46/119,3",Cartão de Crédito
AX4000,5/11/2023,A3100104,FONE,38/159,Transferência/PIX
AX4007,5/11/2023,A3100104,FONE,30/159,Cartão de Crédito
AX4006,5/11/2023,A1500107,Tênis,"140/320,19",Cartão de Crédito
AX3998,5/11/2023,A1500107,FONE,64/159,Cartão de Crédito
AX1524,5/12/2023,A1500108,FONE,35/159,Transferência/PIX
AX1530,5/12/2023,A1500108,Garrafa,"21/119,3",Cartão de Crédito
AX4012,5/13/2023,A3100104,Carteira,44/210,Transferência/PIX
AX1536,5/13/2023,A1500108,FONE,17/159,Cartão de Crédito
AX1543,5/13/2023,A1500108,Carteira,15/210,Cartão de Crédito
AX1535,5/13/2023,A1500108,Boné,"37/160,99",Transferência/PIX
AX1539,5/13/2023,A1500108,Garrafa,"40/119,3",Cartão de Crédito
AX4009,5/13/2023,A1500107,Tênis,"72/320,19",Transferência/PIX
AX4013,5/14/2023,A3100104,Mochila,"41/630,99",Cartão de Crédito
AX4014,5/14/2023,A3100104,Tênis,"37/320,19",Transferência/PIX
AX4017,5/14/2023,A1500107,Boné,"86/160,99",Transferência/PIX
AX1553,5/14/2023,A1500108,BOLSA,111/999,Transferência/PIX
AX4016,5/14/2023,A1500107,Malaa,"196/499,19",Cartão de Crédito
AX4018,5/15/2023,A1500107,Carteira,96/210,Cartão de Crédito
AX1576,5/15/2023,A1500108,Garrafa,"42/119,3",Transferência/PIX
AX1578,5/15/2023,A1500108,Malaa,"52/499,19",Transferência/PIX
AX4023,5/15/2023,A1500107,Mochila,"188/630,99",Transferência/PIX
AX4027,5/16/2023,A3100104,Tênis,"45/320,19",Cartão de Crédito
AX4028,5/16/2023,A3100104,Malaa,"34/499,19",Cartão de Crédito
AX4030,5/16/2023,A3100104,Malaa,"39/499,19",Transferência/PIX
AX4034,5/16/2023,A3100104,Boné,"38/160,99",Cartão de Crédito
AX4026,5/16/2023,A3100104,Mochila,"35/630,99",Transferência/PIX
AX4032,5/16/2023,A3100104,Mochila,"47/630,99",Transferência/PIX
AX1588,5/16/2023,A1500108,BOLSA,35/999,Cartão de Crédito
AX1584,5/16/2023,A1500108,Mochila,"46/630,99",Transferência/PIX
AX4042,5/17/2023,A3100104,Carteira,20/210,Transferência/PIX
AX4039,5/17/2023,A3100104,Carteira,42/210,Cartão de Crédito
AX4043,5/17/2023,A3100104,Tênis,"31/320,19",Cartão de Crédito
AX4035,5/17/2023,A3100104,BOLSA,35/999,Transferência/PIX
AX4036,5/17/2023,A3100104,FONE,46/159,Transferência/PIX
AX4047,5/17/2023,A3100104,Mochila,"29/630,99",Transferência/PIX
AX4038,5/17/2023,A3100104,Mochila,"27/630,99",Transferência/PIX
AX4040,5/17/2023,A3100104,FONE,44/159,Cartão de Crédito
AX4041,5/17/2023,A3100104,Mochila,"26/630,99",Cartão de Crédito
AX1606,5/18/2023,A1500108,Carteira,17/210,Transferência/PIX
AX1598,5/18/2023,A1500108,Carteira,39/210,Cartão de Crédito
AX4052,5/18/2023,A1500107,Mochila,"38/630,99",Cartão de Crédito
AX4056,5/18/2023,A1500107,Mochila,"96/630,99",Cartão de Crédito
AX4048,5/18/2023,A3100104,Boné,"39/160,99",Transferência/PIX
AX4051,5/18/2023,A3100104,Mochila,"29/630,99",Cartão de Crédito
AX1613,5/18/2023,A1500108,Tênis,"20/320,19",Cartão de Crédito
AX4054,5/18/2023,A3100104,Malaa,"52/499,19",Cartão de Crédito
AX4049,5/18/2023,A3100104,Boné,"43/160,99",Transferência/PIX
AX1615,5/19/2023,A1500108,BOLSA,15/999,Cartão de Crédito
AX1623,5/19/2023,A1500108,Carteira,21/210,Cartão de Crédito
AX1616,5/19/2023,A1500108,Carteira,28/210,Cartão de Crédito
AX1624,5/19/2023,A1500108,BOLSA,52/999,Cartão de Crédito
AX1626,5/19/2023,A1500108,FONE,72/159,Transferência/PIX
AX1619,5/19/2023,A1500108,Tênis,"34/320,19",Transferência/PIX
AX4061,5/20/2023,A3100104,Boné,"32/160,99",Cartão de Crédito
AX4059,5/20/2023,A1500107,Tênis,"172/320,19",Cartão de Crédito
AX1649,5/21/2023,A1500108,FONE,51/159,Transferência/PIX
AX1638,5/21/2023,A1500108,FONE,48/159,Transferência/PIX
AX1644,5/21/2023,A1500108,Carteira,22/210,Transferência/PIX
AX1650,5/21/2023,A1500108,Garrafa,"38/119,3",Cartão de Crédito
AX4070,5/21/2023,A1500107,BOLSA,40/999,Transferência/PIX
AX1639,5/21/2023,A1500108,Boné,"27/160,99",Transferência/PIX
AX4066,5/21/2023,A1500107,Carteira,29/210,Cartão de Crédito
AX1646,5/21/2023,A1500108,Mochila,"36/630,99",Transferência/PIX
AX4069,5/21/2023,A1500107,FONE,76/159,Transferência/PIX
AX4063,5/21/2023,A1500107,Mochila,"88/630,99",Transferência/PIX
AX4072,5/22/2023,A3100104,Tênis,"18/320,19",Cartão de Crédito
AX4071,5/22/2023,A1500107,Garrafa,"70/119,3",Cartão de Crédito
AX1675,5/23/2023,A1500108,FONE,30/159,Cartão de Crédito
AX4079,5/23/2023,A3100104,FONE,30/159,Cartão de Crédito
AX4078,5/23/2023,A1500107,Mochila,"34/630,99",Transferência/PIX
AX1661,5/23/2023,A1500108,BOLSA,50/999,Cartão de Crédito
AX1673,5/23/2023,A1500108,Malaa,"33/499,19",Transferência/PIX
AX4077,5/23/2023,A1500107,Garrafa,"32/119,3",Transferência/PIX
AX1664,5/23/2023,A1500108,BOLSA,44/999,Cartão de Crédito
AX4073,5/23/2023,A3100104,FONE,37/159,Cartão de Crédito
AX1674,5/23/2023,A1500108,BOLSA,26/999,Cartão de Crédito
AX4074,5/23/2023,A1500107,Tênis,"82/320,19",Cartão de Crédito
AX4081,5/24/2023,A3100104,Malaa,"27/499,19",Transferência/PIX
AX4091,5/25/2023,A1500107,BOLSA,78/999,Cartão de Crédito
AX1686,5/25/2023,A1500108,Carteira,60/210,Transferência/PIX
AX4087,5/25/2023,A3100104,FONE,19/159,Cartão de Crédito
AX1684,5/25/2023,A1500108,Tênis,"37/320,19",Cartão de Crédito
AX4085,5/25/2023,A1500107,Malaa,"176/499,19",Transferência/PIX
AX1702,5/26/2023,A1500108,FONE,40/159,Cartão de Crédito
AX1700,5/26/2023,A1500108,Malaa,"31/499,19",Transferência/PIX
AX1709,5/26/2023,A1500108,Tênis,"35/320,19",Transferência/PIX
AX1692,5/26/2023,A1500108,Tênis,"50/320,19",Cartão de Crédito
AX1708,5/26/2023,A1500108,Mochila,"29/630,99",Transferência/PIX
AX4092,5/27/2023,A3100104,Carteira,43/210,Transferência/PIX
AX4096,5/27/2023,A1500107,BOLSA,38/999,Transferência/PIX
AX1715,5/27/2023,A1500108,Garrafa,"44/119,3",Cartão de Crédito
AX4095,5/27/2023,A1500107,FONE,72/159,Cartão de Crédito
AX4100,5/28/2023,A3100104,Boné,"44/160,99",Cartão de Crédito
AX4101,5/28/2023,A1500107,Garrafa,"60/119,3",Transferência/PIX
AX1731,5/28/2023,A1500108,Garrafa,"41/119,3",Cartão de Crédito
AX4098,5/28/2023,A3100104,Carteira,36/210,Cartão de Crédito
AX4099,5/28/2023,A1500107,Garrafa,"56/119,3",Transferência/PIX
AX1743,5/29/2023,A1500108,Carteira,29/210,Cartão de Crédito
AX4107,5/29/2023,A3100104,Mochila,"22/630,99",Cartão de Crédito
AX1742,5/29/2023,A1500108,FONE,49/159,Transferência/PIX
AX1748,5/29/2023,A1500108,Mochila,"22/630,99",Transferência/PIX
AX4106,5/29/2023,A3100104,Carteira,38/210,Cartão de Crédito
AX4102,5/29/2023,A3100104,Malaa,"28/499,19",Cartão de Crédito
AX4104,5/29/2023,A1500107,BOLSA,68/999,Cartão de Crédito
AX4105,5/29/2023,A1500107,FONE,92/159,Transferência/PIX
AX4110,5/30/2023,A3100104,FONE,27/159,Cartão de Crédito
AX1757,5/30/2023,A1500108,FONE,60/159,Cartão de Crédito
AX1758,5/30/2023,A1500108,Malaa,"81/499,19",Cartão de Crédito
AX4115,5/30/2023,A3100104,Mochila,"37/630,99",Transferência/PIX
AX1762,5/30/2023,A1500108,BOLSA,43/999,Cartão de Crédito
AX1768,5/30/2023,A1500108,Carteira,54/210,Transferência/PIX
AX4111,5/30/2023,A3100104,BOLSA,37/999,Cartão de Crédito
AX1753,5/30/2023,A1500108,Mochila,"32/630,99",Cartão de Crédito
AX4109,5/30/2023,A1500107,Malaa,"80/499,19",Cartão de Crédito
AX1756,5/30/2023,A1500108,BOLSA,78/999,Cartão de Crédito
AX1763,5/30/2023,A1500108,Tênis,"141/320,19",Transferência/PIX
AX4119,5/31/2023,A3100104,Tênis,"36/320,19",Transferência/PIX
AX4116,5/31/2023,A3100104,Malaa,"41/499,19",Cartão de Crédito
AX4121,5/31/2023,A1500107,Boné,"96/160,99",Transferência/PIX
AX4117,5/31/2023,A3100104,Garrafa,"46/119,3",Transferência/PIX
AX1775,6/1/2023,A1500108,Carteira,48/210,Transferência/PIX
AX4129,6/1/2023,A1500107,Mochila,"102/630,99",Transferência/PIX
AX4125,6/1/2023,A3100104,Garrafa,"16/119,3",Transferência/PIX
AX4127,6/1/2023,A1500107,Boné,"50/160,99",Cartão de Crédito
AX4128,6/1/2023,A1500107,Tênis,"96/320,19",Transferência/PIX
AX4122,6/1/2023,A3100104,Carteira,31/210,Cartão de Crédito
AX4124,6/1/2023,A1500107,Malaa,"184/499,19",Cartão de Crédito
AX1779,6/2/2023,A1500108,FONE,31/159,Transferência/PIX
AX1778,6/2/2023,A1500108,Boné,"16/160,99",Cartão de Crédito
AX1785,6/2/2023,A1500108,Carteira,105/210,Transferência/PIX
AX4131,6/3/2023,A3100104,Mochila,"27/630,99",Cartão de Crédito
AX1801,6/3/2023,A1500108,FONE,23/159,Transferência/PIX
AX1816,6/3/2023,A1500108,Malaa,"25/499,19",Transferência/PIX
AX1814,6/3/2023,A1500108,FONE,35/159,Transferência/PIX
AX1808,6/3/2023,A1500108,FONE,26/159,Transferência/PIX
AX1811,6/3/2023,A1500108,FONE,38/159,Transferência/PIX
AX1812,6/3/2023,A1500108,Boné,"30/160,99",Transferência/PIX
AX1798,6/3/2023,A1500108,Boné,"30/160,99",Cartão de Crédito
AX4132,6/3/2023,A1500107,Carteira,70/210,Cartão de Crédito
AX4134,6/3/2023,A3100104,FONE,39/159,Transferência/PIX
AX4133,6/3/2023,A3100104,Carteira,46/210,Cartão de Crédito
AX1809,6/3/2023,A1500108,Boné,"129/160,99",Transferência/PIX
AX4140,6/4/2023,A3100104,Carteira,32/210,Transferência/PIX
AX4143,6/4/2023,A1500107,Boné,"98/160,99",Transferência/PIX
AX4138,6/4/2023,A1500107,Carteira,140/210,Transferência/PIX
AX4146,6/5/2023,A1500107,Mochila,"66/630,99",Transferência/PIX
AX1835,6/5/2023,A1500108,Carteira,51/210,Cartão de Crédito
AX1846,6/5/2023,A1500108,Garrafa,"34/119,3",Cartão de Crédito
AX4148,6/5/2023,A1500107,Malaa,"64/499,19",Cartão de Crédito
AX1852,6/6/2023,A1500108,Malaa,"37/499,19",Cartão de Crédito
AX4149,6/6/2023,A1500107,Tênis,"36/320,19",Transferência/PIX
AX4151,6/6/2023,A1500107,Garrafa,"68/119,3",Cartão de Crédito
AX1855,6/6/2023,A1500108,Mochila,"42/630,99",Cartão de Crédito
AX4152,6/6/2023,A1500107,Carteira,102/210,Cartão de Crédito
AX4160,6/7/2023,A3100104,Mochila,"18/630,99",Transferência/PIX
AX4162,6/7/2023,A3100104,Garrafa,"16/119,3",Cartão de Crédito
AX4159,6/7/2023,A3100104,FONE,33/159,Cartão de Crédito
AX4161,6/7/2023,A3100104,Boné,"24/160,99",Cartão de Crédito
AX4158,6/7/2023,A3100104,Garrafa,"29/119,3",Transferência/PIX
AX4157,6/7/2023,A3100104,Mochila,"41/630,99",Transferência/PIX
AX4164,6/8/2023,A3100104,BOLSA,21/999,Transferência/PIX
AX4166,6/8/2023,A3100104,Mochila,"39/630,99",Transferência/PIX
AX1869,6/8/2023,A1500108,Boné,"18/160,99",Transferência/PIX
AX1862,6/8/2023,A1500108,Malaa,"45/499,19",Cartão de Crédito
AX4165,6/8/2023,A3100104,FONE,19/159,Transferência/PIX
AX4163,6/8/2023,A3100104,Tênis,"19/320,19",Cartão de Crédito
AX4167,6/8/2023,A3100104,Malaa,"22/499,19",Transferência/PIX
AX1873,6/8/2023,A1500108,Tênis,"25/320,19",Transferência/PIX
AX1865,6/8/2023,A1500108,Garrafa,"39/119,3",Cartão de Crédito
AX1879,6/9/2023,A1500108,Garrafa,"17/119,3",Cartão de Crédito
AX1902,6/10/2023,A1500108,Tênis,"44/320,19",Transferência/PIX
AX4175,6/10/2023,A1500107,Garrafa,"66/119,3",Transferência/PIX
AX4172,6/10/2023,A1500107,Tênis,"70/320,19",Cartão de Crédito
AX4169,6/10/2023,A1500107,FONE,164/159,Cartão de Crédito
AX1897,6/10/2023,A1500108,Mochila,"69/630,99",Transferência/PIX
AX4173,6/10/2023,A3100104,Tênis,"23/320,19",Cartão de Crédito
AX4176,6/10/2023,A1500107,Carteira,68/210,Cartão de Crédito
AX1904,6/11/2023,A1500108,FONE,25/159,Transferência/PIX
AX1903,6/11/2023,A1500108,Carteira,46/210,Cartão de Crédito
AX4184,6/11/2023,A1500107,Carteira,58/210,Transferência/PIX
AX1909,6/11/2023,A1500108,Malaa,"30/499,19",Transferência/PIX
AX1907,6/11/2023,A1500108,Carteira,28/210,Transferência/PIX
AX4183,6/11/2023,A3100104,Garrafa,"41/119,3",Cartão de Crédito
AX4180,6/11/2023,A3100104,Boné,"34/160,99",Cartão de Crédito
AX4182,6/11/2023,A3100104,Tênis,"31/320,19",Transferência/PIX
AX4189,6/12/2023,A3100104,Boné,"46/160,99",Cartão de Crédito
AX4187,6/12/2023,A3100104,Carteira,43/210,Transferência/PIX
AX1914,6/12/2023,A1500108,Boné,"135/160,99",Transferência/PIX
AX4192,6/13/2023,A3100104,Tênis,"31/320,19",Transferência/PIX
AX4191,6/13/2023,A3100104,Malaa,"44/499,19",Cartão de Crédito
AX4196,6/13/2023,A3100104,Mochila,"20/630,99",Cartão de Crédito
AX1920,6/13/2023,A1500108,Carteira,44/210,Transferência/PIX
AX1924,6/13/2023,A1500108,Garrafa,"32/119,3",Transferência/PIX
AX4201,6/14/2023,A1500107,Malaa,"38/499,19",Cartão de Crédito
AX4203,6/14/2023,A1500107,Tênis,"32/320,19",Transferência/PIX
AX4200,6/14/2023,A3100104,FONE,41/159,Cartão de Crédito
AX4202,6/14/2023,A1500107,Tênis,"136/320,19",Cartão de Crédito
AX4209,6/15/2023,A3100104,Boné,"31/160,99",Transferência/PIX
AX4208,6/15/2023,A3100104,Malaa,"29/499,19",Transferência/PIX
AX1937,6/15/2023,A1500108,Boné,"19/160,99",Transferência/PIX
AX4206,6/15/2023,A1500107,Malaa,"84/499,19",Transferência/PIX
AX1940,6/15/2023,A1500108,Mochila,"34/630,99",Cartão de Crédito
AX1949,6/16/2023,A1500108,Boné,"15/160,99",Cartão de Crédito
AX4216,6/17/2023,A3100104,Tênis,"18/320,19",Cartão de Crédito
AX1962,6/17/2023,A1500108,Malaa,"45/499,19",Transferência/PIX
AX1958,6/17/2023,A1500108,Malaa,"49/499,19",Cartão de Crédito
AX4220,6/17/2023,A3100104,Garrafa,"51/119,3",Cartão de Crédito
AX4217,6/17/2023,A3100104,FONE,31/159,Cartão de Crédito
AX4214,6/17/2023,A1500107,Malaa,"32/499,19",Transferência/PIX
AX4215,6/17/2023,A1500107,Tênis,"100/320,19",Cartão de Crédito
AX4213,6/17/2023,A3100104,FONE,42/159,Cartão de Crédito
AX4223,6/18/2023,A3100104,Garrafa,"47/119,3",Cartão de Crédito
AX4222,6/18/2023,A1500107,Tênis,"44/320,19",Transferência/PIX
AX4221,6/18/2023,A3100104,Malaa,"49/499,19",Transferência/PIX
AX1982,6/18/2023,A1500108,Mochila,"16/630,99",Cartão de Crédito
AX1977,6/18/2023,A1500108,Tênis,"102/320,19",Cartão de Crédito
AX1988,6/19/2023,A1500108,BOLSA,17/999,Transferência/PIX
AX1998,6/19/2023,A1500108,Carteira,18/210,Cartão de Crédito
AX4230,6/19/2023,A3100104,BOLSA,21/999,Cartão de Crédito
AX1987,6/19/2023,A1500108,FONE,45/159,Cartão de Crédito
AX1996,6/19/2023,A1500108,Boné,"43/160,99",Cartão de Crédito
AX1991,6/19/2023,A1500108,Garrafa,"27/119,3",Transferência/PIX
AX1994,6/19/2023,A1500108,FONE,123/159,Transferência/PIX
AX1993,6/19/2023,A1500108,Boné,"24/160,99",Cartão de Crédito
AX4225,6/19/2023,A1500107,FONE,84/159,Cartão de Crédito
AX4224,6/19/2023,A1500107,Garrafa,"152/119,3",Cartão de Crédito
AX2001,6/20/2023,A1500108,FONE,31/159,Transferência/PIX
AX1999,6/20/2023,A1500108,Malaa,"41/499,19",Cartão de Crédito
AX4232,6/20/2023,A3100104,Mochila,"32/630,99",Transferência/PIX
AX4233,6/20/2023,A1500107,Boné,"82/160,99",Transferência/PIX
AX2000,6/20/2023,A1500108,Malaa,"45/499,19",Cartão de Crédito
AX4235,6/20/2023,A3100104,Malaa,"52/499,19",Transferência/PIX
AX2008,6/20/2023,A1500108,Tênis,"32/320,19",Cartão de Crédito
AX4234,6/20/2023,A3100104,Carteira,42/210,Transferência/PIX
AX2005,6/20/2023,A1500108,Mochila,"40/630,99",Transferência/PIX
AX4240,6/21/2023,A3100104,BOLSA,26/999,Transferência/PIX
AX4236,6/21/2023,A3100104,Boné,"20/160,99",Transferência/PIX
AX4239,6/21/2023,A3100104,Boné,"40/160,99",Cartão de Crédito
AX4237,6/21/2023,A1500107,Tênis,"96/320,19",Cartão de Crédito
AX4246,6/22/2023,A3100104,FONE,16/159,Cartão de Crédito
AX4245,6/22/2023,A1500107,Garrafa,"136/119,3",Cartão de Crédito
AX2037,6/22/2023,A1500108,Mochila,"42/630,99",Cartão de Crédito
AX2041,6/23/2023,A1500108,BOLSA,41/999,Cartão de Crédito
AX2040,6/23/2023,A1500108,BOLSA,17/999,Transferência/PIX
AX2045,6/23/2023,A1500108,Mochila,"63/630,99",Cartão de Crédito
AX4253,6/24/2023,A3100104,Mochila,"45/630,99",Cartão de Crédito
AX2060,6/24/2023,A1500108,Malaa,"27/499,19",Cartão de Crédito
AX4255,6/24/2023,A1500107,BOLSA,54/999,Transferência/PIX
AX4254,6/24/2023,A3100104,Tênis,"36/320,19",Cartão de Crédito
AX2058,6/24/2023,A1500108,Garrafa,"32/119,3",Cartão de Crédito
AX4252,6/24/2023,A3100104,Garrafa,"51/119,3",Transferência/PIX
AX2053,6/24/2023,A1500108,Boné,"66/160,99",Cartão de Crédito
AX2054,6/24/2023,A1500108,Garrafa,"87/119,3",Transferência/PIX
AX2071,6/25/2023,A1500108,Malaa,"30/499,19",Cartão de Crédito
AX2068,6/25/2023,A1500108,FONE,66/159,Transferência/PIX
AX2074,6/25/2023,A1500108,Malaa,"25/499,19",Transferência/PIX
AX2077,6/25/2023,A1500108,Carteira,48/210,Transferência/PIX
AX4256,6/25/2023,A3100104,Tênis,"39/320,19",Transferência/PIX
AX2066,6/25/2023,A1500108,Tênis,"38/320,19",Transferência/PIX
AX4263,6/26/2023,A3100104,Carteira,32/210,Cartão de Crédito
AX4266,6/26/2023,A3100104,FONE,16/159,Transferência/PIX
AX2084,6/26/2023,A1500108,Carteira,23/210,Cartão de Crédito
AX4260,6/26/2023,A3100104,Mochila,"36/630,99",Cartão de Crédito
AX4261,6/26/2023,A1500107,Malaa,"188/499,19",Cartão de Crédito
AX4265,6/26/2023,A3100104,Tênis,"15/320,19",Cartão de Crédito
AX2083,6/26/2023,A1500108,Boné,"41/160,99",Transferência/PIX
AX4258,6/26/2023,A1500107,FONE,46/159,Cartão de Crédito
AX4264,6/26/2023,A3100104,BOLSA,49/999,Transferência/PIX
AX2082,6/26/2023,A1500108,Garrafa,"117/119,3",Transferência/PIX
AX4272,6/27/2023,A3100104,BOLSA,40/999,Transferência/PIX
AX2105,6/27/2023,A1500108,Carteira,51/210,Cartão de Crédito
AX4275,6/27/2023,A3100104,Malaa,"17/499,19",Transferência/PIX
AX4278,6/27/2023,A3100104,Malaa,"51/499,19",Cartão de Crédito
AX4270,6/27/2023,A3100104,FONE,20/159,Cartão de Crédito
AX4271,6/27/2023,A1500107,FONE,68/159,Cartão de Crédito
AX4277,6/27/2023,A3100104,Malaa,"46/499,19",Transferência/PIX
AX2104,6/27/2023,A1500108,Garrafa,"138/119,3",Transferência/PIX
AX4273,6/27/2023,A3100104,Carteira,40/210,Cartão de Crédito
AX4274,6/27/2023,A3100104,Tênis,"17/320,19",Cartão de Crédito
AX4276,6/27/2023,A3100104,Mochila,"48/630,99",Cartão de Crédito
AX4279,6/28/2023,A3100104,Boné,"17/160,99",Cartão de Crédito
AX4281,6/28/2023,A1500107,Garrafa,"45/119,3",Cartão de Crédito
AX2115,6/29/2023,A1500108,Malaa,"38/499,19",Cartão de Crédito
AX4289,6/29/2023,A3100104,BOLSA,24/999,Cartão de Crédito
AX4283,6/29/2023,A1500107,FONE,152/159,Cartão de Crédito
AX4282,6/29/2023,A3100104,Malaa,"45/499,19",Cartão de Crédito
AX2114,6/29/2023,A1500108,Tênis,"37/320,19",Cartão de Crédito
AX2111,6/29/2023,A1500108,Garrafa,"38/119,3",Cartão de Crédito
AX4287,6/29/2023,A1500107,Garrafa,"76/119,3",Cartão de Crédito
AX2122,6/30/2023,A1500108,FONE,23/159,Cartão de Crédito
AX2127,6/30/2023,A1500108,FONE,153/159,Cartão de Crédito
AX2134,6/30/2023,A1500108,BOLSA,38/999,Cartão de Crédito
AX2133,6/30/2023,A1500108,Garrafa,"21/119,3",Cartão de Crédito
AX2128,6/30/2023,A1500108,Tênis,"147/320,19",Cartão de Crédito
AX2130,6/30/2023,A1500108,Mochila,"144/630,99",Cartão de Crédito
AX2144,7/1/2023,A1500108,Malaa,"27/499,19",Cartão de Crédito
AX4293,7/1/2023,A3100104,FONE,42/159,Cartão de Crédito
AX4295,7/1/2023,A3100104,Boné,"45/160,99",Cartão de Crédito
AX4296,7/1/2023,A3100104,BOLSA,38/999,Cartão de Crédito
AX2147,7/1/2023,A1500108,Mochila,"41/630,99",Cartão de Crédito
AX4301,7/2/2023,A3100104,BOLSA,21/999,Cartão de Crédito
AX2153,7/2/2023,A1500108,Carteira,38/210,Cartão de Crédito
AX4299,7/2/2023,A3100104,Mochila,"46/630,99",Cartão de Crédito
AX4297,7/2/2023,A1500107,Garrafa,"60/119,3",Cartão de Crédito
AX4306,7/3/2023,A3100104,Mochila,"36/630,99",Cartão de Crédito
AX4304,7/3/2023,A1500107,Mochila,"50/630,99",Cartão de Crédito
AX4303,7/3/2023,A1500107,Tênis,"68/320,19",Cartão de Crédito
AX4307,7/3/2023,A1500107,Malaa,"136/499,19",Cartão de Crédito
AX4314,7/4/2023,A1500107,BOLSA,72/999,Cartão de Crédito
AX2169,7/4/2023,A1500108,Mochila,"16/630,99",Cartão de Crédito
AX4313,7/4/2023,A3100104,Mochila,"19/630,99",Cartão de Crédito
AX4310,7/4/2023,A3100104,Tênis,"42/320,19",Cartão de Crédito
AX4315,7/4/2023,A3100104,Boné,"35/160,99",Cartão de Crédito
AX2166,7/4/2023,A1500108,FONE,126/159,Cartão de Crédito
AX4317,7/4/2023,A1500107,Malaa,"76/499,19",Cartão de Crédito
AX4312,7/4/2023,A1500107,FONE,86/159,Cartão de Crédito
AX2165,7/4/2023,A1500108,Garrafa,"123/119,3",Cartão de Crédito
AX2167,7/4/2023,A1500108,Garrafa,"129/119,3",Cartão de Crédito
AX4323,7/5/2023,A3100104,Carteira,28/210,Cartão de Crédito
AX4320,7/5/2023,A1500107,Carteira,62/210,Cartão de Crédito
AX4318,7/5/2023,A3100104,Malaa,"25/499,19",Cartão de Crédito
AX4321,7/5/2023,A3100104,Carteira,30/210,Cartão de Crédito
AX4322,7/5/2023,A1500107,Malaa,"52/499,19",Cartão de Crédito
AX4324,7/5/2023,A1500107,Tênis,"92/320,19",Cartão de Crédito
AX4319,7/5/2023,A3100104,Boné,"47/160,99",Cartão de Crédito
AX4326,7/5/2023,A3100104,Tênis,"30/320,19",Cartão de Crédito
AX4331,7/6/2023,A3100104,BOLSA,44/999,Cartão de Crédito
AX4332,7/6/2023,A3100104,FONE,16/159,Cartão de Crédito
AX4328,7/6/2023,A3100104,Tênis,"15/320,19",Cartão de Crédito
AX4335,7/6/2023,A3100104,Garrafa,"32/119,3",Cartão de Crédito
AX4330,7/6/2023,A1500107,Carteira,88/210,Cartão de Crédito
AX4336,7/6/2023,A3100104,Malaa,"51/499,19",Cartão de Crédito
AX2178,7/7/2023,A1500108,Boné,"47/160,99",Cartão de Crédito
AX2179,7/7/2023,A1500108,Tênis,"42/320,19",Cartão de Crédito
AX4337,7/8/2023,A3100104,BOLSA,48/999,Cartão de Crédito
AX4340,7/8/2023,A3100104,Boné,"46/160,99",Cartão de Crédito
AX4338,7/8/2023,A1500107,Carteira,104/210,Cartão de Crédito
AX4344,7/9/2023,A3100104,Boné,"46/160,99",Cartão de Crédito
AX4345,7/9/2023,A1500107,Malaa,"136/499,19",Cartão de Crédito
AX4346,7/9/2023,A3100104,Garrafa,"38/119,3",Cartão de Crédito
AX4347,7/9/2023,A3100104,Malaa,"39/499,19",Cartão de Crédito
AX4342,7/9/2023,A3100104,Carteira,45/210,Cartão de Crédito
AX4343,7/9/2023,A3100104,Garrafa,"19/119,3",Cartão de Crédito
AX4352,7/10/2023,A3100104,Mochila,"15/630,99",Cartão de Crédito
AX2189,7/10/2023,A1500108,Carteira,22/210,Cartão de Crédito
AX4350,7/10/2023,A1500107,Carteira,92/210,Cartão de Crédito
AX4349,7/10/2023,A3100104,Boné,"30/160,99",Cartão de Crédito
AX2188,7/10/2023,A1500108,FONE,69/159,Cartão de Crédito
AX4357,7/10/2023,A3100104,BOLSA,44/999,Cartão de Crédito
AX2190,7/10/2023,A1500108,Carteira,60/210,Cartão de Crédito
AX4353,7/10/2023,A3100104,Garrafa,"44/119,3",Cartão de Crédito
AX4348,7/10/2023,A1500107,Tênis,"192/320,19",Cartão de Crédito
AX4354,7/10/2023,A1500107,BOLSA,204/999,Cartão de Crédito
AX4358,7/11/2023,A3100104,BOLSA,19/999,Cartão de Crédito
AX2192,7/11/2023,A1500108,Mochila,"27/630,99",Cartão de Crédito
AX4359,7/11/2023,A1500107,Carteira,128/210,Cartão de Crédito
AX4361,7/11/2023,A3100104,Tênis,"21/320,19",Cartão de Crédito
AX4360,7/11/2023,A3100104,Tênis,"27/320,19",Cartão de Crédito
AX4364,7/12/2023,A1500107,BOLSA,78/999,Cartão de Crédito
AX4365,7/12/2023,A3100104,BOLSA,35/999,Cartão de Crédito
AX4377,7/13/2023,A3100104,Garrafa,"24/119,3",Cartão de Crédito
AX2201,7/13/2023,A1500108,FONE,24/159,Cartão de Crédito
AX4374,7/13/2023,A1500107,Carteira,180/210,Cartão de Crédito
AX4369,7/13/2023,A3100104,Carteira,22/210,Cartão de Crédito
AX4368,7/13/2023,A3100104,Boné,"20/160,99",Cartão de Crédito
AX4371,7/13/2023,A1500107,Malaa,"38/499,19",Cartão de Crédito
AX4373,7/13/2023,A1500107,Carteira,96/210,Cartão de Crédito
AX4370,7/13/2023,A3100104,Carteira,38/210,Cartão de Crédito
AX4375,7/13/2023,A1500107,BOLSA,96/999,Cartão de Crédito
AX2206,7/14/2023,A1500108,Carteira,20/210,Cartão de Crédito
AX2203,7/14/2023,A1500108,Garrafa,"18/119,3",Cartão de Crédito
AX4380,7/15/2023,A1500107,Malaa,"41/499,19",Cartão de Crédito
AX4384,7/15/2023,A3100104,Malaa,"17/499,19",Cartão de Crédito
AX4383,7/15/2023,A3100104,Carteira,28/210,Cartão de Crédito
AX4378,7/15/2023,A1500107,Tênis,"86/320,19",Cartão de Crédito
AX4379,7/15/2023,A1500107,Tênis,"176/320,19",Cartão de Crédito
AX2224,7/16/2023,A1500108,FONE,25/159,Cartão de Crédito
AX4389,7/16/2023,A3100104,BOLSA,22/999,Cartão de Crédito
AX2219,7/16/2023,A1500108,Carteira,22/210,Cartão de Crédito
AX2214,7/16/2023,A1500108,Tênis,"19/320,19",Cartão de Crédito
AX4387,7/16/2023,A1500107,FONE,184/159,Cartão de Crédito
AX4394,7/16/2023,A3100104,Malaa,"28/499,19",Cartão de Crédito
AX4390,7/16/2023,A1500107,Garrafa,"38/119,3",Cartão de Crédito
AX4392,7/16/2023,A3100104,Tênis,"29/320,19",Cartão de Crédito
AX4396,7/17/2023,A3100104,Mochila,"52/630,99",Cartão de Crédito
AX4397,7/17/2023,A1500107,BOLSA,86/999,Cartão de Crédito
AX4401,7/17/2023,A3100104,Carteira,21/210,Cartão de Crédito
AX4400,7/17/2023,A3100104,FONE,35/159,Cartão de Crédito
AX2229,7/17/2023,A1500108,Garrafa,"35/119,3",Cartão de Crédito
AX2230,7/17/2023,A1500108,Mochila,"43/630,99",Cartão de Crédito
AX4406,7/18/2023,A3100104,Carteira,21/210,Cartão de Crédito
AX4412,7/18/2023,A3100104,Malaa,"47/499,19",Cartão de Crédito
AX4407,7/18/2023,A3100104,FONE,24/159,Cartão de Crédito
AX4409,7/18/2023,A3100104,Tênis,"46/320,19",Cartão de Crédito
AX4419,7/19/2023,A1500107,Boné,"92/160,99",Cartão de Crédito
AX4416,7/19/2023,A1500107,FONE,52/159,Cartão de Crédito
AX4417,7/19/2023,A1500107,FONE,76/159,Cartão de Crédito
AX2241,7/20/2023,A1500108,Carteira,31/210,Cartão de Crédito
AX4421,7/20/2023,A3100104,Boné,"17/160,99",Cartão de Crédito
AX4424,7/20/2023,A1500107,Malaa,"52/499,19",Cartão de Crédito
AX4422,7/20/2023,A3100104,Malaa,"48/499,19",Cartão de Crédito
AX2248,7/20/2023,A1500108,Tênis,"52/320,19",Cartão de Crédito
AX4420,7/20/2023,A3100104,Carteira,44/210,Cartão de Crédito
AX4427,7/22/2023,A3100104,Tênis,"21/320,19",Cartão de Crédito
AX4429,7/22/2023,A3100104,Mochila,"16/630,99",Cartão de Crédito
AX4428,7/22/2023,A3100104,Tênis,"32/320,19",Cartão de Crédito
AX4431,7/22/2023,A1500107,FONE,70/159,Cartão de Crédito
AX2256,7/22/2023,A1500108,Tênis,"46/320,19",Cartão de Crédito
AX4430,7/22/2023,A1500107,Boné,"78/160,99",Cartão de Crédito
AX4435,7/23/2023,A1500107,Carteira,94/210,Cartão de Crédito
AX4432,7/23/2023,A3100104,Malaa,"26/499,19",Cartão de Crédito
AX2266,7/23/2023,A1500108,FONE,141/159,Cartão de Crédito
AX2270,7/23/2023,A1500108,Mochila,"22/630,99",Cartão de Crédito
AX4436,7/23/2023,A1500107,Mochila,"88/630,99",Cartão de Crédito
AX4441,7/24/2023,A3100104,Mochila,"23/630,99",Cartão de Crédito
AX2271,7/24/2023,A1500108,FONE,126/159,Cartão de Crédito
AX4439,7/24/2023,A1500107,Garrafa,"152/119,3",Cartão de Crédito
AX4440,7/24/2023,A3100104,BOLSA,48/999,Cartão de Crédito
AX4438,7/24/2023,A1500107,Carteira,38/210,Cartão de Crédito
AX4444,7/25/2023,A3100104,BOLSA,36/999,Cartão de Crédito
AX4445,7/25/2023,A1500107,Mochila,"92/630,99",Cartão de Crédito
AX4446,7/25/2023,A1500107,Carteira,68/210,Cartão de Crédito
AX4443,7/25/2023,A1500107,Boné,"50/160,99",Cartão de Crédito
AX4448,7/25/2023,A1500107,Carteira,64/210,Cartão de Crédito
AX4451,7/26/2023,A1500107,BOLSA,62/999,Cartão de Crédito
AX4453,7/26/2023,A3100104,BOLSA,25/999,Cartão de Crédito
AX4449,7/26/2023,A3100104,BOLSA,41/999,Cartão de Crédito
AX4459,7/27/2023,A3100104,Tênis,"37/320,19",Cartão de Crédito
AX4458,7/27/2023,A1500107,BOLSA,48/999,Transferência/PIX
AX4457,7/27/2023,A3100104,Malaa,"51/499,19",Transferência/PIX
AX2294,7/28/2023,A1500108,BOLSA,23/999,Cartão de Crédito
AX2291,7/28/2023,A1500108,Mochila,"72/630,99",Cartão de Crédito
AX2287,7/28/2023,A1500108,Mochila,"135/630,99",Cartão de Crédito
AX4462,7/29/2023,A3100104,Boné,"24/160,99",Transferência/PIX
AX2297,7/29/2023,A1500108,FONE,24/159,Transferência/PIX
AX4465,7/29/2023,A3100104,Boné,"26/160,99",Cartão de Crédito
AX4466,7/29/2023,A3100104,Garrafa,"30/119,3",Cartão de Crédito
AX4463,7/29/2023,A1500107,Garrafa,"160/119,3",Cartão de Crédito
AX4469,7/30/2023,A1500107,Malaa,"86/499,19",Cartão de Crédito
AX2300,7/30/2023,A1500108,Malaa,"39/499,19",Transferência/PIX
AX4472,7/30/2023,A3100104,Tênis,"29/320,19",Cartão de Crédito
AX2304,7/30/2023,A1500108,Boné,"150/160,99",Transferência/PIX
AX4476,7/31/2023,A3100104,Mochila,"34/630,99",Transferência/PIX
AX2308,7/31/2023,A1500108,FONE,102/159,Cartão de Crédito
AX4478,7/31/2023,A3100104,Boné,"52/160,99",Cartão de Crédito
AX4474,7/31/2023,A1500107,BOLSA,100/999,Cartão de Crédito
AX2315,8/1/2023,A1500108,Malaa,"30/499,19",Cartão de Crédito
AX4480,8/1/2023,A1500107,Boné,"76/160,99",Transferência/PIX
AX4488,8/1/2023,A1500107,BOLSA,90/999,Cartão de Crédito
AX4487,8/1/2023,A3100104,BOLSA,35/999,Transferência/PIX
AX4489,8/1/2023,A3100104,Boné,"48/160,99",Cartão de Crédito
AX4482,8/1/2023,A1500107,Tênis,"44/320,19",Transferência/PIX
AX4486,8/1/2023,A1500107,Carteira,184/210,Transferência/PIX
AX4484,8/1/2023,A1500107,Garrafa,"116/119,3",Cartão de Crédito
AX4481,8/1/2023,A1500107,Malaa,"90/499,19",Transferência/PIX
AX4479,8/1/2023,A1500107,Mochila,"176/630,99",Transferência/PIX
AX4495,8/2/2023,A3100104,Carteira,19/210,Cartão de Crédito
AX4494,8/2/2023,A3100104,Boné,"34/160,99",Transferência/PIX
AX2320,8/3/2023,A1500108,BOLSA,132/999,Transferência/PIX
AX4501,8/3/2023,A3100104,Malaa,"47/499,19",Cartão de Crédito
AX4497,8/3/2023,A3100104,Tênis,"22/320,19",Transferência/PIX
AX4499,8/3/2023,A3100104,Boné,"33/160,99",Cartão de Crédito
AX4507,8/3/2023,A3100104,FONE,27/159,Cartão de Crédito
AX4504,8/3/2023,A3100104,Garrafa,"47/119,3",Cartão de Crédito
AX2318,8/3/2023,A1500108,Garrafa,"51/119,3",Transferência/PIX
AX2317,8/3/2023,A1500108,Carteira,153/210,Transferência/PIX
AX4500,8/3/2023,A3100104,Malaa,"44/499,19",Transferência/PIX
AX4506,8/3/2023,A3100104,BOLSA,51/999,Cartão de Crédito
AX2333,8/4/2023,A1500108,FONE,48/159,Cartão de Crédito
AX2327,8/4/2023,A1500108,Carteira,60/210,Transferência/PIX
AX4509,8/5/2023,A3100104,BOLSA,45/999,Cartão de Crédito
AX4513,8/5/2023,A1500107,BOLSA,48/999,Transferência/PIX
AX4515,8/5/2023,A3100104,Malaa,"28/499,19",Transferência/PIX
AX4516,8/5/2023,A3100104,Mochila,"18/630,99",Cartão de Crédito
AX4508,8/5/2023,A3100104,Tênis,"16/320,19",Transferência/PIX
AX4512,8/5/2023,A1500107,Boné,"92/160,99",Transferência/PIX
AX2337,8/6/2023,A1500108,Malaa,"25/499,19",Cartão de Crédito
AX4519,8/6/2023,A3100104,Carteira,24/210,Transferência/PIX
AX4518,8/6/2023,A3100104,Mochila,"46/630,99",Transferência/PIX
AX2343,8/6/2023,A1500108,Mochila,"27/630,99",Transferência/PIX
AX4520,8/6/2023,A1500107,Carteira,80/210,Transferência/PIX
AX4524,8/7/2023,A3100104,Garrafa,"32/119,3",Cartão de Crédito
AX4533,8/7/2023,A3100104,Mochila,"28/630,99",Transferência/PIX
AX4529,8/7/2023,A3100104,Malaa,"16/499,19",Cartão de Crédito
AX4525,8/7/2023,A3100104,Carteira,29/210,Transferência/PIX
AX4527,8/7/2023,A3100104,Malaa,"40/499,19",Cartão de Crédito
AX4532,8/7/2023,A3100104,Tênis,"30/320,19",Cartão de Crédito
AX2353,8/7/2023,A1500108,Garrafa,"30/119,3",Cartão de Crédito
AX2356,8/7/2023,A1500108,BOLSA,52/999,Cartão de Crédito
AX4528,8/7/2023,A1500107,Carteira,60/210,Cartão de Crédito
AX4537,8/8/2023,A1500107,BOLSA,84/999,Cartão de Crédito
AX2365,8/8/2023,A1500108,Carteira,87/210,Cartão de Crédito
AX4538,8/8/2023,A3100104,Mochila,"21/630,99",Transferência/PIX
AX4539,8/8/2023,A1500107,Boné,"200/160,99",Cartão de Crédito
AX4545,8/9/2023,A3100104,Garrafa,"34/119,3",Transferência/PIX
AX4547,8/9/2023,A3100104,Malaa,"35/499,19",Cartão de Crédito
AX2368,8/10/2023,A1500108,Malaa,"28/499,19",Cartão de Crédito
AX4548,8/10/2023,A1500107,Garrafa,"56/119,3",Transferência/PIX
AX4549,8/10/2023,A1500107,Mochila,"92/630,99",Cartão de Crédito
AX4552,8/10/2023,A3100104,Tênis,"49/320,19",Cartão de Crédito
AX2371,8/11/2023,A1500108,BOLSA,48/999,Cartão de Crédito
AX2375,8/11/2023,A1500108,Tênis,"51/320,19",Cartão de Crédito
AX2376,8/11/2023,A1500108,Carteira,114/210,Transferência/PIX
AX4560,8/12/2023,A3100104,Mochila,"43/630,99",Transferência/PIX
AX4556,8/12/2023,A3100104,Carteira,26/210,Cartão de Crédito
AX4558,8/12/2023,A3100104,Mochila,"41/630,99",Transferência/PIX
AX2377,8/12/2023,A1500108,Garrafa,"49/119,3",Transferência/PIX
AX4554,8/12/2023,A1500107,Mochila,"196/630,99",Transferência/PIX
AX2384,8/13/2023,A1500108,Malaa,"46/499,19",Transferência/PIX
AX2383,8/13/2023,A1500108,FONE,49/159,Transferência/PIX
AX4563,8/13/2023,A1500107,Garrafa,"54/119,3",Cartão de Crédito
AX4565,8/13/2023,A1500107,Carteira,30/210,Cartão de Crédito
AX4562,8/13/2023,A1500107,FONE,76/159,Transferência/PIX
AX4564,8/13/2023,A1500107,Malaa,"82/499,19",Cartão de Crédito
AX4566,8/13/2023,A1500107,Malaa,"104/499,19",Transferência/PIX
AX4571,8/14/2023,A3100104,Tênis,"24/320,19",Cartão de Crédito
AX4570,8/14/2023,A3100104,Garrafa,"52/119,3",Transferência/PIX
AX4573,8/14/2023,A3100104,Malaa,"47/499,19",Cartão de Crédito
AX4574,8/14/2023,A1500107,BOLSA,50/999,Transferência/PIX
AX4572,8/14/2023,A3100104,FONE,38/159,Cartão de Crédito
AX2391,8/14/2023,A1500108,Tênis,"25/320,19",Cartão de Crédito
AX4583,8/15/2023,A3100104,Mochila,"24/630,99",Cartão de Crédito
AX2398,8/15/2023,A1500108,FONE,39/159,Cartão de Crédito
AX2395,8/15/2023,A1500108,Boné,"18/160,99",Cartão de Crédito
AX4584,8/15/2023,A3100104,Malaa,"15/499,19",Cartão de Crédito
AX4576,8/15/2023,A3100104,Carteira,35/210,Transferência/PIX
AX4578,8/15/2023,A3100104,Mochila,"34/630,99",Cartão de Crédito
AX4582,8/15/2023,A3100104,Mochila,"39/630,99",Transferência/PIX
AX4579,8/15/2023,A1500107,Tênis,"92/320,19",Cartão de Crédito
AX4580,8/15/2023,A1500107,Carteira,128/210,Transferência/PIX
AX4588,8/16/2023,A3100104,Mochila,"31/630,99",Transferência/PIX
AX4585,8/16/2023,A1500107,Tênis,"56/320,19",Cartão de Crédito
AX4587,8/16/2023,A1500107,BOLSA,100/999,Cartão de Crédito
AX2408,8/17/2023,A1500108,Malaa,"120/499,19",Cartão de Crédito
AX4590,8/17/2023,A3100104,Garrafa,"43/119,3",Cartão de Crédito
AX4597,8/17/2023,A3100104,FONE,35/159,Cartão de Crédito
AX4592,8/17/2023,A3100104,Carteira,30/210,Cartão de Crédito
AX2416,8/18/2023,A1500108,Malaa,"19/499,19",Cartão de Crédito
AX2413,8/18/2023,A1500108,Garrafa,"50/119,3",Transferência/PIX
AX4601,8/19/2023,A3100104,BOLSA,42/999,Cartão de Crédito
AX4604,8/19/2023,A3100104,Malaa,"50/499,19",Transferência/PIX
AX4614,8/20/2023,A3100104,Mochila,"27/630,99",Transferência/PIX
AX4612,8/20/2023,A3100104,Tênis,"16/320,19",Transferência/PIX
AX2431,8/20/2023,A1500108,FONE,26/159,Transferência/PIX
AX4616,8/20/2023,A3100104,Boné,"33/160,99",Cartão de Crédito
AX2434,8/20/2023,A1500108,Malaa,"33/499,19",Transferência/PIX
AX4608,8/20/2023,A1500107,Garrafa,"42/119,3",Transferência/PIX
AX4615,8/20/2023,A1500107,FONE,44/159,Cartão de Crédito
AX4613,8/20/2023,A3100104,FONE,25/159,Transferência/PIX
AX4609,8/20/2023,A3100104,FONE,44/159,Cartão de Crédito
AX4610,8/20/2023,A3100104,Malaa,"35/499,19",Cartão de Crédito
AX2430,8/20/2023,A1500108,Mochila,"35/630,99",Transferência/PIX
AX2435,8/21/2023,A1500108,Malaa,"21/499,19",Transferência/PIX
AX4621,8/21/2023,A3100104,Malaa,"27/499,19",Transferência/PIX
AX2440,8/21/2023,A1500108,BOLSA,24/999,Transferência/PIX
AX4620,8/21/2023,A3100104,Tênis,"19/320,19",Cartão de Crédito
AX4628,8/23/2023,A1500107,Carteira,88/210,Transferência/PIX
AX4627,8/23/2023,A3100104,Tênis,"28/320,19",Cartão de Crédito
AX4626,8/23/2023,A1500107,FONE,40/159,Cartão de Crédito
AX4633,8/23/2023,A3100104,Tênis,"52/320,19",Transferência/PIX
AX4632,8/23/2023,A3100104,Garrafa,"51/119,3",Transferência/PIX
AX4637,8/24/2023,A1500107,BOLSA,36/999,Transferência/PIX
AX2446,8/24/2023,A1500108,Carteira,153/210,Cartão de Crédito
AX2453,8/25/2023,A1500108,Garrafa,"40/119,3",Cartão de Crédito
AX4647,8/26/2023,A1500107,Tênis,"36/320,19",Transferência/PIX
AX4646,8/26/2023,A1500107,FONE,80/159,Cartão de Crédito
AX2456,8/26/2023,A1500108,Tênis,"45/320,19",Cartão de Crédito
AX2460,8/26/2023,A1500108,Mochila,"32/630,99",Cartão de Crédito
AX4655,8/27/2023,A3100104,Garrafa,"19/119,3",Transferência/PIX
AX4650,8/27/2023,A1500107,Carteira,56/210,Transferência/PIX
AX4653,8/27/2023,A3100104,FONE,42/159,Cartão de Crédito
AX2468,8/27/2023,A1500108,Malaa,"117/499,19",Cartão de Crédito
AX4649,8/27/2023,A1500107,BOLSA,102/999,Transferência/PIX
AX2469,8/27/2023,A1500108,Carteira,126/210,Cartão de Crédito
AX4656,8/28/2023,A1500107,BOLSA,116/999,Cartão de Crédito
AX4664,8/28/2023,A3100104,Garrafa,"49/119,3",Transferência/PIX
AX2473,8/28/2023,A1500108,BOLSA,33/999,Cartão de Crédito
AX4660,8/28/2023,A1500107,Boné,"66/160,99",Cartão de Crédito
AX4658,8/28/2023,A3100104,Malaa,"23/499,19",Transferência/PIX
AX4663,8/28/2023,A3100104,Boné,"44/160,99",Transferência/PIX
AX4671,8/29/2023,A3100104,Malaa,"48/499,19",Transferência/PIX
AX4670,8/29/2023,A3100104,BOLSA,26/999,Cartão de Crédito
AX4668,8/29/2023,A3100104,Tênis,"15/320,19",Transferência/PIX
AX2482,8/29/2023,A1500108,Mochila,"49/630,99",Cartão de Crédito
AX4666,8/29/2023,A1500107,BOLSA,100/999,Transferência/PIX
AX4674,8/30/2023,A3100104,BOLSA,44/999,Cartão de Crédito
AX4676,8/30/2023,A1500107,Carteira,192/210,Cartão de Crédito
AX4673,8/30/2023,A1500107,Tênis,"42/320,19",Transferência/PIX
AX2487,8/31/2023,A1500108,BOLSA,34/999,Cartão de Crédito
AX4677,8/31/2023,A1500107,BOLSA,90/999,Transferência/PIX
AX2495,9/1/2023,A1500108,Tênis,"19/320,19",Cartão de Crédito
AX2493,9/1/2023,A1500108,Mochila,"50/630,99",Cartão de Crédito
AX2490,9/1/2023,A1500108,Mochila,"22/630,99",Transferência/PIX
AX2491,9/1/2023,A1500108,Mochila,"48/630,99",Transferência/PIX
AX2500,9/2/2023,A1500108,Garrafa,"16/119,3",Cartão de Crédito
AX4683,9/2/2023,A3100104,Tênis,"32/320,19",Cartão de Crédito
AX4679,9/2/2023,A3100104,FONE,30/159,Cartão de Crédito
AX4682,9/2/2023,A1500107,Carteira,64/210,Transferência/PIX
AX4685,9/3/2023,A3100104,Mochila,"16/630,99",Cartão de Crédito
AX2505,9/3/2023,A1500108,FONE,48/159,Transferência/PIX
AX2507,9/3/2023,A1500108,Carteira,47/210,Cartão de Crédito
AX4693,9/3/2023,A3100104,Tênis,"26/320,19",Transferência/PIX
AX2509,9/3/2023,A1500108,Mochila,"28/630,99",Cartão de Crédito
AX4688,9/3/2023,A3100104,Garrafa,"48/119,3",Transferência/PIX
AX2508,9/3/2023,A1500108,Tênis,"45/320,19",Transferência/PIX
AX2521,9/4/2023,A1500108,Garrafa,"15/119,3",Transferência/PIX
AX4700,9/4/2023,A3100104,Carteira,15/210,Transferência/PIX
AX4698,9/4/2023,A1500107,Garrafa,"160/119,3",Transferência/PIX
AX4697,9/4/2023,A1500107,Malaa,"100/499,19",Transferência/PIX
AX4704,9/5/2023,A3100104,Garrafa,"34/119,3",Cartão de Crédito
AX4703,9/5/2023,A3100104,Malaa,"34/499,19",Transferência/PIX
AX2524,9/5/2023,A1500108,Carteira,102/210,Cartão de Crédito
AX2523,9/5/2023,A1500108,Garrafa,"38/119,3",Cartão de Crédito
AX4706,9/5/2023,A1500107,Garrafa,"152/119,3",Transferência/PIX
AX2525,9/5/2023,A1500108,Garrafa,"34/119,3",Cartão de Crédito
AX4701,9/5/2023,A1500107,Carteira,102/210,Transferência/PIX
AX4705,9/5/2023,A1500107,BOLSA,104/999,Cartão de Crédito
AX4707,9/5/2023,A3100104,BOLSA,46/999,Transferência/PIX
AX4708,9/6/2023,A3100104,Mochila,"40/630,99",Transferência/PIX
AX4710,9/6/2023,A3100104,BOLSA,17/999,Transferência/PIX
AX4713,9/6/2023,A1500107,Garrafa,"76/119,3",Transferência/PIX
AX4712,9/6/2023,A1500107,Carteira,84/210,Cartão de Crédito
AX4711,9/6/2023,A3100104,Malaa,"52/499,19",Cartão de Crédito
AX4709,9/6/2023,A3100104,Garrafa,"51/119,3",Transferência/PIX
AX4717,9/7/2023,A3100104,BOLSA,46/999,Transferência/PIX
AX2531,9/7/2023,A1500108,Malaa,"90/499,19",Cartão de Crédito
AX4716,9/7/2023,A1500107,Mochila,"208/630,99",Cartão de Crédito
AX4719,9/9/2023,A3100104,Mochila,"31/630,99",Cartão de Crédito
AX4723,9/9/2023,A3100104,BOLSA,20/999,Cartão de Crédito
AX2543,9/9/2023,A1500108,Boné,"32/160,99",Cartão de Crédito
AX4726,9/9/2023,A3100104,Mochila,"31/630,99",Transferência/PIX
AX4720,9/9/2023,A1500107,FONE,92/159,Cartão de Crédito
AX4727,9/9/2023,A3100104,Carteira,39/210,Transferência/PIX
AX2548,9/9/2023,A1500108,Tênis,"39/320,19",Transferência/PIX
AX4721,9/9/2023,A3100104,FONE,44/159,Cartão de Crédito
AX2546,9/9/2023,A1500108,Tênis,"126/320,19",Cartão de Crédito
AX4730,9/10/2023,A3100104,Mochila,"16/630,99",Cartão de Crédito
AX2551,9/10/2023,A1500108,Carteira,31/210,Transferência/PIX
AX2554,9/10/2023,A1500108,Mochila,"50/630,99",Cartão de Crédito
AX2550,9/10/2023,A1500108,Tênis,"72/320,19",Transferência/PIX
AX4733,9/11/2023,A3100104,Garrafa,"42/119,3",Cartão de Crédito
AX2559,9/11/2023,A1500108,Boné,"34/160,99",Transferência/PIX
AX4738,9/11/2023,A1500107,Carteira,70/210,Cartão de Crédito
AX2563,9/11/2023,A1500108,Carteira,51/210,Cartão de Crédito
AX4737,9/11/2023,A3100104,Boné,"15/160,99",Transferência/PIX
AX4736,9/11/2023,A1500107,Boné,"34/160,99",Transferência/PIX
AX2560,9/11/2023,A1500108,Malaa,"123/499,19",Transferência/PIX
AX4732,9/11/2023,A1500107,Mochila,"104/630,99",Cartão de Crédito
AX2568,9/12/2023,A1500108,Carteira,49/210,Transferência/PIX
AX2565,9/12/2023,A1500108,Boné,"27/160,99",Cartão de Crédito
AX4745,9/12/2023,A1500107,Garrafa,"60/119,3",Transferência/PIX
AX4741,9/12/2023,A3100104,Mochila,"33/630,99",Transferência/PIX
AX4744,9/12/2023,A3100104,Carteira,49/210,Cartão de Crédito
AX4743,9/12/2023,A1500107,Malaa,"78/499,19",Cartão de Crédito
AX4753,9/13/2023,A3100104,BOLSA,17/999,Cartão de Crédito
AX4751,9/13/2023,A3100104,Boné,"22/160,99",Cartão de Crédito
AX4754,9/13/2023,A1500107,Garrafa,"60/119,3",Cartão de Crédito
AX4750,9/13/2023,A3100104,FONE,26/159,Cartão de Crédito
AX4749,9/13/2023,A1500107,FONE,136/159,Cartão de Crédito
AX4755,9/14/2023,A3100104,FONE,46/159,Cartão de Crédito
AX4759,9/16/2023,A3100104,Garrafa,"46/119,3",Cartão de Crédito
AX2584,9/16/2023,A1500108,Garrafa,"26/119,3",Cartão de Crédito
AX2590,9/17/2023,A1500108,Mochila,"38/630,99",Cartão de Crédito
AX4766,9/17/2023,A3100104,FONE,25/159,Transferência/PIX
AX4769,9/17/2023,A1500107,Malaa,"40/499,19",Transferência/PIX
AX2595,9/17/2023,A1500108,FONE,60/159,Transferência/PIX
AX4767,9/17/2023,A3100104,Boné,"49/160,99",Transferência/PIX
AX2587,9/17/2023,A1500108,BOLSA,40/999,Transferência/PIX
AX4768,9/17/2023,A3100104,FONE,34/159,Cartão de Crédito
AX2589,9/17/2023,A1500108,Garrafa,"50/119,3",Transferência/PIX
AX4765,9/17/2023,A3100104,FONE,38/159,Cartão de Crédito
AX4764,9/17/2023,A1500107,BOLSA,44/999,Transferência/PIX
AX4770,9/18/2023,A3100104,Garrafa,"28/119,3",Cartão de Crédito
AX2600,9/18/2023,A1500108,Boné,"15/160,99",Transferência/PIX
AX2604,9/18/2023,A1500108,Carteira,46/210,Transferência/PIX
AX4779,9/18/2023,A3100104,Carteira,23/210,Cartão de Crédito
AX4772,9/18/2023,A1500107,FONE,30/159,Transferência/PIX
AX2606,9/18/2023,A1500108,Boné,"36/160,99",Transferência/PIX
AX4781,9/18/2023,A1500107,Boné,"144/160,99",Transferência/PIX
AX2598,9/18/2023,A1500108,Boné,"45/160,99",Cartão de Crédito
AX2597,9/18/2023,A1500108,BOLSA,39/999,Cartão de Crédito
AX4775,9/18/2023,A1500107,Garrafa,"204/119,3",Transferência/PIX
AX4786,9/19/2023,A3100104,Malaa,"20/499,19",Transferência/PIX
AX2609,9/19/2023,A1500108,BOLSA,46/999,Transferência/PIX
AX4785,9/19/2023,A3100104,Mochila,"46/630,99",Cartão de Crédito
AX4787,9/19/2023,A1500107,BOLSA,128/999,Transferência/PIX
AX4789,9/20/2023,A1500107,Boné,"74/160,99",Cartão de Crédito
AX4788,9/20/2023,A3100104,Garrafa,"51/119,3",Cartão de Crédito
AX4797,9/21/2023,A3100104,BOLSA,18/999,Transferência/PIX
AX4795,9/21/2023,A3100104,BOLSA,44/999,Cartão de Crédito
AX4790,9/21/2023,A1500107,Malaa,"32/499,19",Cartão de Crédito
AX2615,9/21/2023,A1500108,Boné,"28/160,99",Transferência/PIX
AX4793,9/21/2023,A3100104,Tênis,"39/320,19",Transferência/PIX
AX2622,9/21/2023,A1500108,BOLSA,51/999,Transferência/PIX
AX2619,9/21/2023,A1500108,Malaa,"153/499,19",Cartão de Crédito
AX4796,9/21/2023,A3100104,Tênis,"22/320,19",Cartão de Crédito
AX4791,9/21/2023,A3100104,Garrafa,"46/119,3",Transferência/PIX
AX2617,9/21/2023,A1500108,Tênis,"90/320,19",Cartão de Crédito
AX2614,9/21/2023,A1500108,Tênis,"135/320,19",Transferência/PIX
AX2627,9/23/2023,A1500108,FONE,54/159,Transferência/PIX
AX4802,9/23/2023,A3100104,Garrafa,"28/119,3",Cartão de Crédito
AX4799,9/23/2023,A3100104,Mochila,"29/630,99",Cartão de Crédito
AX4800,9/23/2023,A1500107,BOLSA,84/999,Transferência/PIX
AX4801,9/23/2023,A1500107,BOLSA,102/999,Transferência/PIX
AX2637,9/24/2023,A1500108,Malaa,"28/499,19",Cartão de Crédito
AX4815,9/24/2023,A3100104,FONE,16/159,Transferência/PIX
AX4814,9/24/2023,A1500107,Garrafa,"42/119,3",Transferência/PIX
AX2636,9/24/2023,A1500108,Mochila,"36/630,99",Cartão de Crédito
AX2641,9/24/2023,A1500108,Boné,"129/160,99",Transferência/PIX
AX4812,9/24/2023,A3100104,Mochila,"38/630,99",Cartão de Crédito
AX4808,9/24/2023,A1500107,FONE,72/159,Transferência/PIX
AX2643,9/25/2023,A1500108,FONE,34/159,Cartão de Crédito
AX4817,9/25/2023,A3100104,Mochila,"37/630,99",Cartão de Crédito
AX4816,9/25/2023,A3100104,FONE,17/159,Transferência/PIX
AX4819,9/26/2023,A1500107,Boné,"32/160,99",Transferência/PIX
AX4822,9/26/2023,A3100104,Mochila,"29/630,99",Cartão de Crédito
AX4823,9/26/2023,A1500107,Garrafa,"30/119,3",Transferência/PIX
AX4820,9/26/2023,A1500107,FONE,48/159,Transferência/PIX
AX2651,9/26/2023,A1500108,Garrafa,"27/119,3",Transferência/PIX
AX2653,9/26/2023,A1500108,BOLSA,48/999,Cartão de Crédito
AX4831,9/27/2023,A3100104,Tênis,"26/320,19",Cartão de Crédito
AX4825,9/27/2023,A3100104,Boné,"25/160,99",Transferência/PIX
AX4824,9/27/2023,A3100104,Tênis,"26/320,19",Cartão de Crédito
AX4827,9/27/2023,A1500107,Carteira,43/210,Cartão de Crédito
AX4837,9/28/2023,A1500107,BOLSA,72/999,Transferência/PIX
AX4844,9/28/2023,A3100104,Carteira,50/210,Transferência/PIX
AX4843,9/28/2023,A3100104,Malaa,"33/499,19",Cartão de Crédito
AX4838,9/28/2023,A3100104,Tênis,"47/320,19",Transferência/PIX
AX4835,9/28/2023,A3100104,Carteira,30/210,Transferência/PIX
AX2657,9/28/2023,A1500108,Garrafa,"72/119,3",Transferência/PIX
AX2661,9/28/2023,A1500108,Boné,"45/160,99",Transferência/PIX
AX2655,9/28/2023,A1500108,Tênis,"47/320,19",Cartão de Crédito
AX4836,9/28/2023,A3100104,Carteira,47/210,Transferência/PIX
AX2672,9/29/2023,A1500108,BOLSA,24/999,Cartão de Crédito
AX2667,9/29/2023,A1500108,Malaa,"45/499,19",Cartão de Crédito
AX2674,9/29/2023,A1500108,Tênis,"30/320,19",Transferência/PIX
AX2670,9/29/2023,A1500108,Garrafa,"129/119,3",Transferência/PIX
AX4846,9/30/2023,A3100104,FONE,35/159,Transferência/PIX
AX4849,9/30/2023,A3100104,Mochila,"22/630,99",Cartão de Crédito
AX2678,9/30/2023,A1500108,BOLSA,72/999,Cartão de Crédito
AX2681,9/30/2023,A1500108,BOLSA,93/999,Transferência/PIX
AX4852,9/30/2023,A1500107,Malaa,"76/499,19",Cartão de Crédito
AX4850,9/30/2023,A1500107,Garrafa,"92/119,3",Transferência/PIX
AX4856,10/1/2023,A3100104,Mochila,"15/630,99",Transferência/PIX
AX2689,10/1/2023,A1500108,BOLSA,19/999,Transferência/PIX
AX4857,10/1/2023,A3100104,FONE,49/159,Cartão de Crédito
AX2685,10/1/2023,A1500108,Mochila,"50/630,99",Cartão de Crédito
AX4862,10/2/2023,A1500107,BOLSA,50/999,Cartão de Crédito
AX2696,10/2/2023,A1500108,Carteira,39/210,Transferência/PIX
AX4865,10/2/2023,A3100104,FONE,45/159,Transferência/PIX
AX4861,10/2/2023,A3100104,Garrafa,"27/119,3",Cartão de Crédito
AX4863,10/2/2023,A3100104,Boné,"19/160,99",Cartão de Crédito
AX2690,10/2/2023,A1500108,Boné,"44/160,99",Transferência/PIX
AX4866,10/2/2023,A3100104,Boné,"49/160,99",Cartão de Crédito
AX4858,10/2/2023,A1500107,Mochila,"88/630,99",Cartão de Crédito
AX4875,10/3/2023,A1500107,Carteira,42/210,Cartão de Crédito
AX4873,10/3/2023,A3100104,Mochila,"40/630,99",Cartão de Crédito
AX4872,10/3/2023,A1500107,BOLSA,34/999,Cartão de Crédito
AX4869,10/3/2023,A3100104,Garrafa,"42/119,3",Cartão de Crédito
AX4871,10/3/2023,A1500107,Malaa,"160/499,19",Cartão de Crédito
AX4881,10/4/2023,A3100104,Carteira,37/210,Cartão de Crédito
AX4876,10/4/2023,A1500107,Malaa,"46/499,19",Cartão de Crédito
AX4880,10/4/2023,A1500107,Tênis,"62/320,19",Transferência/PIX
AX4878,10/4/2023,A1500107,Boné,"70/160,99",Transferência/PIX
AX4882,10/4/2023,A1500107,Malaa,"86/499,19",Cartão de Crédito
AX4888,10/5/2023,A3100104,Mochila,"43/630,99",Transferência/PIX
AX4889,10/5/2023,A3100104,BOLSA,23/999,Cartão de Crédito
AX2710,10/5/2023,A1500108,Malaa,"129/499,19",Cartão de Crédito
AX2711,10/5/2023,A1500108,Garrafa,"39/119,3",Transferência/PIX
AX4884,10/5/2023,A3100104,FONE,42/159,Cartão de Crédito
AX4891,10/5/2023,A3100104,Garrafa,"47/119,3",Cartão de Crédito
AX2720,10/6/2023,A1500108,Carteira,36/210,Transferência/PIX
AX2721,10/6/2023,A1500108,Boné,"41/160,99",Cartão de Crédito
AX2731,10/8/2023,A1500108,FONE,34/159,Transferência/PIX
AX4900,10/8/2023,A1500107,Carteira,54/210,Cartão de Crédito
AX4897,10/8/2023,A1500107,Tênis,"38/320,19",Transferência/PIX
AX4899,10/8/2023,A1500107,BOLSA,64/999,Cartão de Crédito
AX4902,10/9/2023,A3100104,Carteira,32/210,Cartão de Crédito
AX4903,10/9/2023,A1500107,Tênis,"52/320,19",Cartão de Crédito
AX4907,10/9/2023,A1500107,Carteira,54/210,Transferência/PIX
AX2738,10/9/2023,A1500108,Malaa,"27/499,19",Transferência/PIX
AX4908,10/9/2023,A1500107,BOLSA,98/999,Cartão de Crédito
AX4906,10/9/2023,A3100104,Carteira,31/210,Cartão de Crédito
AX2739,10/9/2023,A1500108,Boné,"60/160,99",Transferência/PIX
AX4909,10/9/2023,A3100104,FONE,23/159,Transferência/PIX
AX4910,10/9/2023,A1500107,FONE,180/159,Cartão de Crédito
AX2748,10/10/2023,A1500108,Carteira,135/210,Cartão de Crédito
AX4913,10/10/2023,A3100104,Garrafa,"31/119,3",Cartão de Crédito
AX2743,10/10/2023,A1500108,Malaa,"31/499,19",Transferência/PIX
AX2741,10/10/2023,A1500108,Garrafa,"96/119,3",Transferência/PIX
AX4921,10/11/2023,A3100104,BOLSA,40/999,Transferência/PIX
AX4919,10/11/2023,A3100104,Tênis,"23/320,19",Transferência/PIX
AX4922,10/11/2023,A1500107,FONE,152/159,Cartão de Crédito
AX4930,10/12/2023,A1500107,Mochila,"30/630,99",Transferência/PIX
AX4927,10/12/2023,A3100104,BOLSA,24/999,Transferência/PIX
AX4923,10/12/2023,A1500107,Boné,"62/160,99",Transferência/PIX
AX4928,10/12/2023,A1500107,Carteira,56/210,Transferência/PIX
AX2751,10/12/2023,A1500108,Garrafa,"75/119,3",Transferência/PIX
AX4929,10/12/2023,A3100104,Garrafa,"28/119,3",Cartão de Crédito
AX4924,10/12/2023,A3100104,FONE,25/159,Cartão de Crédito
AX2757,10/13/2023,A1500108,Carteira,42/210,Transferência/PIX
AX4931,10/14/2023,A3100104,Garrafa,"29/119,3",Cartão de Crédito
AX2764,10/14/2023,A1500108,FONE,87/159,Cartão de Crédito
AX4934,10/14/2023,A3100104,Carteira,23/210,Transferência/PIX
AX4935,10/14/2023,A3100104,Malaa,"35/499,19",Transferência/PIX
AX4946,10/15/2023,A3100104,Carteira,24/210,Cartão de Crédito
AX4939,10/15/2023,A3100104,BOLSA,37/999,Cartão de Crédito
AX4947,10/15/2023,A3100104,Malaa,"37/499,19",Transferência/PIX
AX2780,10/15/2023,A1500108,Boné,"81/160,99",Cartão de Crédito
AX2779,10/15/2023,A1500108,Garrafa,"25/119,3",Cartão de Crédito
AX4937,10/15/2023,A3100104,FONE,51/159,Cartão de Crédito
AX4941,10/15/2023,A1500107,BOLSA,52/999,Transferência/PIX
AX4940,10/15/2023,A3100104,Malaa,"32/499,19",Transferência/PIX
AX4948,10/15/2023,A3100104,Malaa,"40/499,19",Transferência/PIX
AX4938,10/15/2023,A1500107,BOLSA,80/999,Cartão de Crédito
AX4954,10/16/2023,A3100104,BOLSA,16/999,Transferência/PIX
AX2784,10/16/2023,A1500108,FONE,38/159,Cartão de Crédito
AX4950,10/16/2023,A1500107,Malaa,"30/499,19",Transferência/PIX
AX2785,10/16/2023,A1500108,Tênis,"32/320,19",Transferência/PIX
AX4953,10/16/2023,A3100104,BOLSA,48/999,Cartão de Crédito
AX4951,10/16/2023,A1500107,BOLSA,34/999,Cartão de Crédito
AX4955,10/16/2023,A1500107,Carteira,102/210,Transferência/PIX
AX4952,10/16/2023,A1500107,FONE,66/159,Cartão de Crédito
AX4958,10/17/2023,A3100104,Malaa,"15/499,19",Cartão de Crédito
AX2793,10/17/2023,A1500108,FONE,39/159,Transferência/PIX
AX4957,10/17/2023,A1500107,FONE,52/159,Transferência/PIX
AX4956,10/17/2023,A1500107,Tênis,"36/320,19",Transferência/PIX
AX4960,10/18/2023,A3100104,BOLSA,46/999,Cartão de Crédito
AX4962,10/18/2023,A3100104,Malaa,"38/499,19",Cartão de Crédito
AX4971,10/19/2023,A1500107,Carteira,72/210,Cartão de Crédito
AX4965,10/19/2023,A3100104,Tênis,"25/320,19",Transferência/PIX
AX4972,10/19/2023,A3100104,Mochila,"42/630,99",Cartão de Crédito
AX2796,10/19/2023,A1500108,Carteira,38/210,Cartão de Crédito
AX4969,10/19/2023,A1500107,Tênis,"36/320,19",Cartão de Crédito
AX4966,10/19/2023,A3100104,Carteira,40/210,Transferência/PIX
AX2805,10/20/2023,A1500108,Malaa,"24/499,19",Transferência/PIX
AX2808,10/20/2023,A1500108,Boné,"47/160,99",Cartão de Crédito
AX2809,10/20/2023,A1500108,Tênis,"50/320,19",Cartão de Crédito
AX4978,10/21/2023,A3100104,Garrafa,"15/119,3",Cartão de Crédito
AX4984,10/21/2023,A3100104,Carteira,23/210,Cartão de Crédito
AX4981,10/21/2023,A3100104,Mochila,"19/630,99",Transferência/PIX
AX4976,10/21/2023,A3100104,BOLSA,18/999,Cartão de Crédito
AX4979,10/21/2023,A1500107,FONE,98/159,Transferência/PIX
AX2816,10/21/2023,A1500108,Carteira,99/210,Cartão de Crédito
AX4977,10/21/2023,A1500107,Malaa,"51/499,19",Transferência/PIX
AX4985,10/22/2023,A1500107,Mochila,"66/630,99",Transferência/PIX
AX4986,10/22/2023,A1500107,Tênis,"52/320,19",Transferência/PIX
AX2817,10/22/2023,A1500108,Tênis,"78/320,19",Cartão de Crédito
AX4990,10/22/2023,A3100104,Tênis,"16/320,19",Transferência/PIX
AX2820,10/22/2023,A1500108,Tênis,"42/320,19",Cartão de Crédito
AX4987,10/22/2023,A3100104,Garrafa,"36/119,3",Transferência/PIX
AX2829,10/23/2023,A1500108,FONE,33/159,Cartão de Crédito
AX4994,10/23/2023,A3100104,Boné,"24/160,99",Transferência/PIX
AX4992,10/23/2023,A1500107,Garrafa,"76/119,3",Transferência/PIX
AX5006,10/24/2023,A3100104,Carteira,20/210,Transferência/PIX
AX2830,10/24/2023,A1500108,FONE,41/159,Cartão de Crédito
AX5007,10/24/2023,A3100104,Garrafa,"29/119,3",Transferência/PIX
AX5001,10/24/2023,A3100104,Tênis,"45/320,19",Transferência/PIX
AX2836,10/24/2023,A1500108,FONE,45/159,Transferência/PIX
AX4997,10/24/2023,A3100104,Malaa,"27/499,19",Transferência/PIX
AX5005,10/24/2023,A3100104,Tênis,"18/320,19",Cartão de Crédito
AX2844,10/24/2023,A1500108,Malaa,"36/499,19",Transferência/PIX
AX5004,10/24/2023,A3100104,Carteira,44/210,Cartão de Crédito
AX5000,10/24/2023,A3100104,FONE,40/159,Cartão de Crédito
AX5002,10/24/2023,A3100104,Boné,"28/160,99",Transferência/PIX
AX4998,10/24/2023,A3100104,Malaa,"37/499,19",Transferência/PIX
AX5011,10/25/2023,A3100104,BOLSA,50/999,Cartão de Crédito
AX5008,10/25/2023,A1500107,Garrafa,"37/119,3",Transferência/PIX
AX5014,10/25/2023,A3100104,FONE,50/159,Transferência/PIX
AX5020,10/26/2023,A1500107,Carteira,48/210,Transferência/PIX
AX2860,10/26/2023,A1500108,Carteira,38/210,Transferência/PIX
AX2857,10/26/2023,A1500108,FONE,22/159,Transferência/PIX
AX5017,10/26/2023,A3100104,Boné,"42/160,99",Cartão de Crédito
AX5023,10/26/2023,A3100104,Mochila,"26/630,99",Transferência/PIX
AX5025,10/26/2023,A1500107,Mochila,"76/630,99",Cartão de Crédito
AX5019,10/26/2023,A1500107,FONE,48/159,Cartão de Crédito
AX5031,10/28/2023,A1500107,BOLSA,54/999,Transferência/PIX
AX5034,10/28/2023,A3100104,Carteira,45/210,Cartão de Crédito
AX5029,10/28/2023,A3100104,Garrafa,"24/119,3",Transferência/PIX
AX5033,10/28/2023,A3100104,Mochila,"43/630,99",Transferência/PIX
AX5027,10/28/2023,A1500107,Malaa,"76/499,19",Cartão de Crédito
AX5028,10/28/2023,A3100104,Mochila,"44/630,99",Transferência/PIX
AX5032,10/28/2023,A1500107,Tênis,"192/320,19",Cartão de Crédito
AX5026,10/28/2023,A1500107,FONE,108/159,Transferência/PIX
AX2864,10/28/2023,A1500108,Mochila,"81/630,99",Cartão de Crédito
AX5038,10/29/2023,A3100104,FONE,39/159,Transferência/PIX
AX2873,10/29/2023,A1500108,BOLSA,15/999,Cartão de Crédito
AX5037,10/29/2023,A1500107,Carteira,160/210,Cartão de Crédito
AX5040,10/29/2023,A1500107,FONE,64/159,Cartão de Crédito
AX5046,10/30/2023,A1500107,Mochila,"50/630,99",Transferência/PIX
AX2878,10/30/2023,A1500108,FONE,32/159,Cartão de Crédito
AX5047,10/30/2023,A1500107,Mochila,"132/630,99",Transferência/PIX
AX2881,10/30/2023,A1500108,Garrafa,"38/119,3",Cartão de Crédito
AX2877,10/30/2023,A1500108,Tênis,"41/320,19",Cartão de Crédito
AX5042,10/30/2023,A3100104,FONE,46/159,Cartão de Crédito
AX5052,10/31/2023,A1500107,Carteira,54/210,Transferência/PIX
AX5053,10/31/2023,A1500107,Boné,"94/160,99",Transferência/PIX
AX5049,10/31/2023,A3100104,Tênis,"44/320,19",Cartão de Crédito
AX5051,10/31/2023,A3100104,Mochila,"38/630,99",Cartão de Crédito
AX5055,11/1/2023,A3100104,Carteira,15/210,Cartão de Crédito
AX5061,11/2/2023,A1500107,Carteira,76/210,Cartão de Crédito
AX2887,11/2/2023,A1500108,Mochila,"22/630,99",Cartão de Crédito
AX2892,11/3/2023,A1500108,Mochila,"23/630,99",Transferência/PIX
AX2893,11/3/2023,A1500108,Garrafa,"111/119,3",Cartão de Crédito
AX5064,11/4/2023,A1500107,Carteira,104/210,Transferência/PIX
AX2901,11/4/2023,A1500108,BOLSA,19/999,Cartão de Crédito
AX5066,11/4/2023,A3100104,Carteira,49/210,Cartão de Crédito
AX5073,11/5/2023,A3100104,Carteira,23/210,Transferência/PIX
AX2907,11/5/2023,A1500108,Boné,"15/160,99",Transferência/PIX
AX5071,11/5/2023,A3100104,Malaa,"16/499,19",Transferência/PIX
AX5074,11/5/2023,A3100104,Malaa,"23/499,19",Cartão de Crédito
AX5070,11/5/2023,A3100104,Carteira,51/210,Transferência/PIX
AX5076,11/5/2023,A3100104,Malaa,"52/499,19",Cartão de Crédito
AX5072,11/5/2023,A3100104,Mochila,"20/630,99",Cartão de Crédito
AX5080,11/6/2023,A1500107,FONE,38/159,Transferência/PIX
AX5077,11/6/2023,A1500107,Boné,"88/160,99",Transferência/PIX
AX2917,11/6/2023,A1500108,Mochila,"28/630,99",Cartão de Crédito
AX2925,11/7/2023,A1500108,Carteira,23/210,Cartão de Crédito
AX5087,11/7/2023,A1500107,FONE,42/159,Cartão de Crédito
AX5092,11/7/2023,A3100104,FONE,29/159,Cartão de Crédito
AX5091,11/7/2023,A1500107,Boné,"56/160,99",Cartão de Crédito
AX5093,11/7/2023,A1500107,FONE,70/159,Transferência/PIX
AX5090,11/7/2023,A1500107,FONE,98/159,Transferência/PIX
AX5088,11/7/2023,A1500107,Boné,"172/160,99",Transferência/PIX
AX5095,11/7/2023,A1500107,Malaa,"94/499,19",Cartão de Crédito
AX5102,11/8/2023,A3100104,Boné,"48/160,99",Cartão de Crédito
AX5103,11/8/2023,A3100104,BOLSA,39/999,Cartão de Crédito
AX5097,11/8/2023,A3100104,Carteira,48/210,Transferência/PIX
AX5101,11/8/2023,A3100104,BOLSA,23/999,Transferência/PIX
AX5108,11/9/2023,A3100104,Malaa,"18/499,19",Transferência/PIX
AX5112,11/9/2023,A3100104,BOLSA,15/999,Cartão de Crédito
AX5107,11/9/2023,A3100104,Tênis,"32/320,19",Cartão de Crédito
AX5111,11/9/2023,A3100104,Garrafa,"24/119,3",Transferência/PIX
AX5109,11/9/2023,A3100104,Garrafa,"30/119,3",Transferência/PIX
AX2932,11/10/2023,A1500108,Garrafa,"38/119,3",Cartão de Crédito
AX2936,11/10/2023,A1500108,Mochila,"144/630,99",Cartão de Crédito
AX5120,11/11/2023,A3100104,Carteira,16/210,Cartão de Crédito
AX2944,11/11/2023,A1500108,Carteira,16/210,Transferência/PIX
AX2938,11/11/2023,A1500108,Mochila,"26/630,99",Cartão de Crédito
AX5115,11/11/2023,A3100104,Carteira,42/210,Cartão de Crédito
AX5113,11/11/2023,A3100104,Carteira,26/210,Transferência/PIX
AX5116,11/11/2023,A1500107,Garrafa,"90/119,3",Transferência/PIX
AX2946,11/12/2023,A1500108,Mochila,"26/630,99",Cartão de Crédito
AX5128,11/12/2023,A3100104,Carteira,47/210,Cartão de Crédito
AX5129,11/12/2023,A3100104,Carteira,22/210,Cartão de Crédito
AX5124,11/12/2023,A3100104,Malaa,"35/499,19",Cartão de Crédito
AX5123,11/12/2023,A3100104,BOLSA,20/999,Transferência/PIX
AX5122,11/12/2023,A1500107,Malaa,"50/499,19",Transferência/PIX
AX5125,11/12/2023,A1500107,Mochila,"52/630,99",Cartão de Crédito
AX2948,11/12/2023,A1500108,Mochila,"99/630,99",Cartão de Crédito
AX5131,11/13/2023,A3100104,Mochila,"43/630,99",Transferência/PIX
AX5132,11/13/2023,A3100104,Boné,"48/160,99",Transferência/PIX
AX5133,11/13/2023,A3100104,Boné,"44/160,99",Transferência/PIX
AX2957,11/14/2023,A1500108,Mochila,"35/630,99",Cartão de Crédito
AX5135,11/14/2023,A1500107,FONE,21/159,Transferência/PIX
AX5137,11/14/2023,A3100104,BOLSA,20/999,Transferência/PIX
AX5136,11/14/2023,A1500107,Malaa,"44/499,19",Transferência/PIX
AX5143,11/15/2023,A1500107,Boné,"34/160,99",Cartão de Crédito
AX5139,11/15/2023,A1500107,Garrafa,"88/119,3",Transferência/PIX
AX5153,11/16/2023,A1500107,Garrafa,"34/119,3",Cartão de Crédito
AX5144,11/16/2023,A3100104,Malaa,"49/499,19",Cartão de Crédito
AX5150,11/16/2023,A3100104,Mochila,"45/630,99",Transferência/PIX
AX5152,11/16/2023,A3100104,FONE,30/159,Cartão de Crédito
AX5147,11/16/2023,A1500107,Tênis,"78/320,19",Transferência/PIX
AX2977,11/17/2023,A1500108,Boné,"16/160,99",Transferência/PIX
AX2983,11/17/2023,A1500108,Carteira,50/210,Transferência/PIX
AX2985,11/17/2023,A1500108,Tênis,"96/320,19",Transferência/PIX
AX5161,11/18/2023,A3100104,Mochila,"46/630,99",Transferência/PIX
AX5154,11/18/2023,A3100104,Carteira,46/210,Cartão de Crédito
AX5158,11/18/2023,A3100104,Mochila,"30/630,99",Transferência/PIX
AX2991,11/18/2023,A1500108,Malaa,"38/499,19",Cartão de Crédito
AX5160,11/18/2023,A3100104,Mochila,"38/630,99",Cartão de Crédito
AX5156,11/18/2023,A3100104,FONE,43/159,Cartão de Crédito
AX5157,11/18/2023,A3100104,FONE,27/159,Transferência/PIX
AX2990,11/18/2023,A1500108,Mochila,"30/630,99",Cartão de Crédito
AX3003,11/19/2023,A1500108,Boné,"20/160,99",Transferência/PIX
AX2997,11/19/2023,A1500108,BOLSA,50/999,Cartão de Crédito
AX5166,11/19/2023,A3100104,Tênis,"45/320,19",Transferência/PIX
AX3005,11/19/2023,A1500108,Tênis,"45/320,19",Transferência/PIX
AX3000,11/19/2023,A1500108,Mochila,"49/630,99",Cartão de Crédito
AX5167,11/19/2023,A1500107,Mochila,"84/630,99",Transferência/PIX
AX3001,11/19/2023,A1500108,BOLSA,138/999,Transferência/PIX
AX5168,11/19/2023,A3100104,Garrafa,"49/119,3",Cartão de Crédito
AX3004,11/19/2023,A1500108,Tênis,"147/320,19",Cartão de Crédito
AX5172,11/20/2023,A1500107,Tênis,"34/320,19",Cartão de Crédito
AX5169,11/20/2023,A3100104,Boné,"19/160,99",Transferência/PIX
AX3008,11/20/2023,A1500108,Malaa,"49/499,19",Cartão de Crédito
AX3010,11/20/2023,A1500108,Malaa,"75/499,19",Transferência/PIX
AX5175,11/21/2023,A3100104,Mochila,"21/630,99",Cartão de Crédito
AX3021,11/21/2023,A1500108,BOLSA,36/999,Transferência/PIX
AX5174,11/21/2023,A1500107,FONE,104/159,Transferência/PIX
AX5177,11/21/2023,A1500107,Carteira,52/210,Cartão de Crédito
AX5173,11/21/2023,A1500107,Carteira,100/210,Cartão de Crédito
AX5183,11/22/2023,A3100104,FONE,44/159,Transferência/PIX
AX5182,11/22/2023,A1500107,Boné,"96/160,99",Cartão de Crédito
AX5179,11/22/2023,A1500107,Malaa,"72/499,19",Transferência/PIX
AX5186,11/23/2023,A3100104,Boné,"41/160,99",Transferência/PIX
AX3029,11/23/2023,A1500108,Mochila,"49/630,99",Cartão de Crédito
AX3033,11/24/2023,A1500108,Tênis,"39/320,19",Cartão de Crédito
AX3037,11/24/2023,A1500108,Tênis,"41/320,19",Transferência/PIX
AX3038,11/24/2023,A1500108,BOLSA,42/999,Cartão de Crédito
AX3041,11/24/2023,A1500108,Garrafa,"35/119,3",Transferência/PIX
AX3034,11/24/2023,A1500108,Mochila,"41/630,99",Transferência/PIX
AX5196,11/25/2023,A3100104,Garrafa,"21/119,3",Transferência/PIX
AX5195,11/25/2023,A3100104,BOLSA,51/999,Transferência/PIX
AX5194,11/25/2023,A3100104,Boné,"24/160,99",Transferência/PIX
AX3051,11/26/2023,A1500108,Boné,"23/160,99",Cartão de Crédito
AX5200,11/26/2023,A1500107,Boné,"46/160,99",Cartão de Crédito
AX5203,11/26/2023,A1500107,Boné,"36/160,99",Transferência/PIX
AX5202,11/26/2023,A3100104,BOLSA,47/999,Cartão de Crédito
AX5201,11/26/2023,A3100104,Garrafa,"41/119,3",Cartão de Crédito
AX5212,11/27/2023,A3100104,Malaa,"38/499,19",Transferência/PIX
AX3057,11/27/2023,A1500108,BOLSA,31/999,Transferência/PIX
AX5209,11/27/2023,A3100104,Boné,"21/160,99",Cartão de Crédito
AX5208,11/27/2023,A1500107,Boné,"54/160,99",Transferência/PIX
AX3055,11/27/2023,A1500108,Mochila,"35/630,99",Transferência/PIX
AX5211,11/27/2023,A3100104,FONE,33/159,Transferência/PIX
AX5216,11/28/2023,A3100104,Tênis,"32/320,19",Cartão de Crédito
AX5213,11/28/2023,A3100104,Boné,"42/160,99",Cartão de Crédito
AX5215,11/28/2023,A1500107,Boné,"98/160,99",Cartão de Crédito
AX5221,11/29/2023,A3100104,Garrafa,"18/119,3",Transferência/PIX
AX5218,11/29/2023,A1500107,Mochila,"80/630,99",Cartão de Crédito
AX5227,11/30/2023,A1500107,Boné,"100/160,99",Transferência/PIX
AX5224,11/30/2023,A3100104,FONE,48/159,Transferência/PIX
AX3064,11/30/2023,A1500108,Mochila,"43/630,99",Transferência/PIX
AX5236,12/2/2023,A3100104,Boné,"36/160,99",Transferência/PIX
AX5231,12/2/2023,A3100104,Mochila,"48/630,99",Cartão de Crédito
AX5237,12/2/2023,A3100104,Mochila,"19/630,99",Cartão de Crédito
AX5240,12/2/2023,A3100104,Boné,"26/160,99",Transferência/PIX
AX3077,12/2/2023,A1500108,FONE,108/159,Cartão de Crédito
AX5234,12/2/2023,A3100104,Tênis,"15/320,19",Transferência/PIX
AX5232,12/2/2023,A3100104,FONE,32/159,Transferência/PIX
AX5239,12/2/2023,A3100104,Malaa,"38/499,19",Cartão de Crédito
AX5230,12/2/2023,A1500107,Malaa,"208/499,19",Transferência/PIX
AX3088,12/3/2023,A1500108,FONE,15/159,Transferência/PIX
AX5243,12/3/2023,A3100104,Mochila,"42/630,99",Cartão de Crédito
AX5247,12/3/2023,A3100104,Garrafa,"17/119,3",Cartão de Crédito
AX5241,12/3/2023,A3100104,Boné,"15/160,99",Transferência/PIX
AX5246,12/3/2023,A3100104,Malaa,"37/499,19",Transferência/PIX
AX5242,12/3/2023,A3100104,Malaa,"52/499,19",Transferência/PIX
AX5245,12/3/2023,A1500107,Tênis,"172/320,19",Cartão de Crédito
AX5255,12/4/2023,A1500107,FONE,84/159,Transferência/PIX
AX3099,12/4/2023,A1500108,Malaa,"52/499,19",Transferência/PIX
AX5248,12/4/2023,A3100104,Malaa,"52/499,19",Cartão de Crédito
AX5253,12/4/2023,A3100104,Boné,"37/160,99",Cartão de Crédito
AX3090,12/4/2023,A1500108,Carteira,63/210,Transferência/PIX
AX3097,12/4/2023,A1500108,Tênis,"25/320,19",Cartão de Crédito
AX3091,12/4/2023,A1500108,Boné,"47/160,99",Transferência/PIX
AX5250,12/4/2023,A1500107,Mochila,"96/630,99",Cartão de Crédito
AX5252,12/4/2023,A3100104,Garrafa,"46/119,3",Cartão de Crédito
AX5256,12/4/2023,A1500107,BOLSA,100/999,Transferência/PIX
AX5259,12/5/2023,A3100104,Boné,"31/160,99",Cartão de Crédito
AX5263,12/5/2023,A1500107,Boné,"40/160,99",Transferência/PIX
AX5258,12/5/2023,A1500107,Garrafa,"44/119,3",Transferência/PIX
AX5260,12/5/2023,A1500107,Boné,"94/160,99",Transferência/PIX
AX5261,12/5/2023,A1500107,FONE,132/159,Cartão de Crédito
AX5266,12/6/2023,A1500107,Malaa,"84/499,19",Transferência/PIX
AX5269,12/6/2023,A3100104,Mochila,"34/630,99",Cartão de Crédito
AX5268,12/6/2023,A1500107,FONE,66/159,Transferência/PIX
AX5267,12/6/2023,A1500107,Malaa,"92/499,19",Cartão de Crédito
AX5265,12/6/2023,A1500107,Carteira,102/210,Transferência/PIX
AX5270,12/7/2023,A3100104,Mochila,"18/630,99",Transferência/PIX
AX5273,12/7/2023,A3100104,Boné,"22/160,99",Transferência/PIX
AX5275,12/7/2023,A1500107,Tênis,"88/320,19",Cartão de Crédito
AX5272,12/7/2023,A1500107,Mochila,"84/630,99",Transferência/PIX
AX3113,12/8/2023,A1500108,Boné,"51/160,99",Cartão de Crédito
AX3119,12/9/2023,A1500108,Carteira,17/210,Cartão de Crédito
AX5281,12/9/2023,A1500107,FONE,36/159,Cartão de Crédito
AX5279,12/9/2023,A3100104,Malaa,"24/499,19",Transferência/PIX
AX5283,12/9/2023,A3100104,BOLSA,24/999,Cartão de Crédito
AX3121,12/9/2023,A1500108,Garrafa,"50/119,3",Transferência/PIX
AX3117,12/9/2023,A1500108,Tênis,"37/320,19",Transferência/PIX
AX3135,12/10/2023,A1500108,Carteira,17/210,Cartão de Crédito
AX5289,12/10/2023,A3100104,BOLSA,26/999,Transferência/PIX
AX3130,12/10/2023,A1500108,Garrafa,"34/119,3",Transferência/PIX
AX3137,12/10/2023,A1500108,Boné,"35/160,99",Cartão de Crédito
AX5291,12/10/2023,A3100104,Malaa,"43/499,19",Transferência/PIX
AX5290,12/10/2023,A3100104,Carteira,34/210,Transferência/PIX
AX5286,12/10/2023,A3100104,Malaa,"20/499,19",Cartão de Crédito
AX3131,12/10/2023,A1500108,Garrafa,"129/119,3",Cartão de Crédito
AX5296,12/11/2023,A3100104,BOLSA,50/999,Transferência/PIX
AX3139,12/11/2023,A1500108,Carteira,18/210,Cartão de Crédito
AX3143,12/11/2023,A1500108,BOLSA,31/999,Cartão de Crédito
AX3144,12/11/2023,A1500108,BOLSA,30/999,Cartão de Crédito
AX5297,12/11/2023,A3100104,Boné,"30/160,99",Cartão de Crédito
AX5293,12/11/2023,A3100104,Tênis,"45/320,19",Cartão de Crédito
AX5292,12/11/2023,A1500107,Mochila,"148/630,99",Cartão de Crédito
AX5302,12/12/2023,A3100104,Boné,"23/160,99",Transferência/PIX
AX5303,12/12/2023,A3100104,Garrafa,"39/119,3",Cartão de Crédito
AX3153,12/12/2023,A1500108,FONE,45/159,Transferência/PIX
AX5301,12/12/2023,A3100104,Boné,"18/160,99",Transferência/PIX
AX5312,12/13/2023,A1500107,Mochila,"88/630,99",Cartão de Crédito
AX5313,12/13/2023,A3100104,Boné,"28/160,99",Cartão de Crédito
AX5309,12/13/2023,A3100104,Mochila,"37/630,99",Cartão de Crédito
AX5314,12/13/2023,A3100104,Mochila,"49/630,99",Cartão de Crédito
AX5310,12/13/2023,A3100104,Carteira,29/210,Transferência/PIX
AX3157,12/14/2023,A1500108,Mochila,"45/630,99",Cartão de Crédito
AX5316,12/14/2023,A1500107,BOLSA,74/999,Transferência/PIX
AX5319,12/14/2023,A3100104,Garrafa,"42/119,3",Transferência/PIX
AX3162,12/14/2023,A1500108,Tênis,"75/320,19",Cartão de Crédito
AX5315,12/14/2023,A1500107,BOLSA,64/999,Transferência/PIX
AX3165,12/15/2023,A1500108,BOLSA,52/999,Transferência/PIX
AX3168,12/15/2023,A1500108,Boné,"41/160,99",Cartão de Crédito
AX3172,12/15/2023,A1500108,Malaa,"117/499,19",Cartão de Crédito
AX3170,12/15/2023,A1500108,Tênis,"99/320,19",Transferência/PIX
AX3178,12/16/2023,A1500108,BOLSA,43/999,Transferência/PIX
AX5327,12/16/2023,A3100104,Boné,"47/160,99",Cartão de Crédito
AX5320,12/16/2023,A3100104,Carteira,44/210,Transferência/PIX
AX3179,12/16/2023,A1500108,Carteira,43/210,Cartão de Crédito
AX5326,12/16/2023,A3100104,FONE,43/159,Cartão de Crédito
AX5321,12/16/2023,A3100104,BOLSA,50/999,Cartão de Crédito
AX5323,12/16/2023,A1500107,Boné,"192/160,99",Cartão de Crédito
AX5324,12/16/2023,A1500107,Garrafa,"188/119,3",Transferência/PIX
AX3183,12/17/2023,A1500108,Malaa,"31/499,19",Cartão de Crédito
AX5328,12/17/2023,A1500107,Garrafa,"62/119,3",Cartão de Crédito
AX3186,12/17/2023,A1500108,Malaa,"46/499,19",Cartão de Crédito
AX3188,12/17/2023,A1500108,Carteira,51/210,Transferência/PIX
AX5330,12/17/2023,A1500107,Malaa,"80/499,19",Cartão de Crédito
AX5334,12/18/2023,A3100104,FONE,32/159,Cartão de Crédito
AX5332,12/18/2023,A3100104,Malaa,"45/499,19",Cartão de Crédito
AX3191,12/18/2023,A1500108,BOLSA,78/999,Transferência/PIX
AX5331,12/18/2023,A3100104,Tênis,"52/320,19",Transferência/PIX
AX5336,12/19/2023,A1500107,Tênis,"40/320,19",Cartão de Crédito
AX3199,12/19/2023,A1500108,Boné,"33/160,99",Transferência/PIX
AX5341,12/19/2023,A1500107,Malaa,"82/499,19",Cartão de Crédito
AX5338,12/19/2023,A1500107,FONE,196/159,Cartão de Crédito
AX5340,12/19/2023,A3100104,Carteira,39/210,Transferência/PIX
AX5346,12/20/2023,A3100104,Carteira,49/210,Cartão de Crédito
AX5345,12/20/2023,A3100104,Tênis,"39/320,19",Transferência/PIX
AX5347,12/20/2023,A1500107,Carteira,108/210,Cartão de Crédito
AX5344,12/20/2023,A1500107,Malaa,"92/499,19",Transferência/PIX
AX5352,12/21/2023,A1500107,Garrafa,"108/119,3",Transferência/PIX
AX5351,12/21/2023,A3100104,Mochila,"41/630,99",Cartão de Crédito
AX3220,12/23/2023,A1500108,Garrafa,"15/119,3",Transferência/PIX
AX5355,12/23/2023,A3100104,Malaa,"27/499,19",Transferência/PIX
AX5354,12/23/2023,A3100104,Malaa,"40/499,19",Cartão de Crédito
AX3223,12/24/2023,A1500108,Carteira,49/210,Cartão de Crédito
AX3221,12/24/2023,A1500108,Mochila,"16/630,99",Cartão de Crédito
AX5361,12/24/2023,A3100104,Malaa,"24/499,19",Transferência/PIX
AX3222,12/24/2023,A1500108,BOLSA,43/999,Cartão de Crédito
AX5370,12/25/2023,A1500107,Carteira,42/210,Cartão de Crédito
AX5366,12/25/2023,A3100104,Mochila,"41/630,99",Transferência/PIX
AX5369,12/25/2023,A1500107,Garrafa,"108/119,3",Cartão de Crédito
AX5375,12/26/2023,A3100104,BOLSA,31/999,Cartão de Crédito
AX5374,12/26/2023,A3100104,Malaa,"31/499,19",Cartão de Crédito
AX5371,12/26/2023,A3100104,Tênis,"47/320,19",Transferência/PIX
AX3230,12/26/2023,A1500108,Garrafa,"44/119,3",Transferência/PIX
AX5373,12/26/2023,A1500107,Carteira,76/210,Transferência/PIX
AX5380,12/27/2023,A3100104,FONE,43/159,Transferência/PIX
AX5379,12/27/2023,A1500107,Tênis,"208/320,19",Transferência/PIX
AX5376,12/27/2023,A1500107,Tênis,"62/320,19",Transferência/PIX
AX5386,12/28/2023,A3100104,FONE,19/159,Transferência/PIX
AX5383,12/28/2023,A3100104,BOLSA,16/999,Cartão de Crédito
AX5389,12/28/2023,A3100104,Tênis,"49/320,19",Transferência/PIX
AX5388,12/28/2023,A3100104,Carteira,26/210,Cartão de Crédito
AX3237,12/28/2023,A1500108,BOLSA,90/999,Cartão de Crédito
AX5381,12/28/2023,A1500107,Malaa,"196/499,19",Cartão de Crédito
AX5394,12/30/2023,A3100104,Garrafa,"15/119,3",Transferência/PIX
AX3250,12/30/2023,A1500108,Boné,"26/160,99",Cartão de Crédito
AX5396,12/30/2023,A3100104,FONE,36/159,Cartão de Crédito
AX5395,12/30/2023,A1500107,FONE,42/159,Transferência/PIX
AX5391,12/30/2023,A3100104,Malaa,"33/499,19",Cartão de Crédito
AX3256,12/31/2023,A1500108,BOLSA,15/999,Cartão de Crédito
AX5405,12/31/2023,A3100104,Boné,"34/160,99",Transferência/PIX
AX5403,12/31/2023,A1500107,Mochila,"68/630,99",Cartão de Crédito
AX5410,12/31/2023,A3100104,Carteira,35/210,Cartão de Crédito
AX5408,12/31/2023,A3100104,Mochila,"19/630,99",Cartão de Crédito
AX5400,12/31/2023,A1500107,FONE,60/159,Transferência/PIX
AX5406,12/31/2023,A1500107,Garrafa,"100/119,3",Transferência/PIX
AX3255,12/31/2023,A1500108,Mochila,"29/630,99",Cartão de Crédito
AX5407,12/31/2023,A1500107,BOLSA,80/999,Cartão de Crédito
AX5401,12/31/2023,A1500107,Tênis,"184/320,19",Cartão de Crédito
AX3262,12/31/2023,A1500108,Mochila,"43/630,99",Cartão de Crédito
