id_pedido,data_pedido,nome _loja,produto,quantidade, preco_unitario , valor_total ,tipo_pagamento
AX04,1/1/2023,Filial02 / Niterói - RJ,Carteira,23, R$ 210.00 ," R$ 4,830.00 ",Cartão de Crédito
AX16,1/3/2023,Filial02 / Niterói - RJ,Produto,22, R$ 159.00 ," R$ 3,498.00 ",Transferência/PIX
AX15,1/3/2023,Filial02 / Niterói - RJ,Mala,69, R$ 499.19 ," R$ 34,444.11 ",Cartão de Crédito
AX13,1/3/2023,Filial02 / Niterói - RJ,Mochila,66, R$ 630.99 ," R$ 41,645.34 ",Cartão de Crédito
AX22,1/4/2023,Filial02 / Niterói - RJ,Boné,37, R$ 160.99 ," R$ 5,956.63 ",Cartão de Crédito
AX26,1/4/2023,Filial02 / Niterói - RJ,Garrafa,18, R$ 119.30 ," R$ 2,147.40 ",Cartão de Crédito
AX24,1/4/2023,Filial02 / Niterói - RJ,Tênis,32, R$ 320.19 ," R$ 10,246.08 ",Cartão de Crédito
AX29,1/4/2023,Filial02 / Niterói - RJ,Tênis,43, R$ 320.19 ," R$ 13,768.17 ",Cartão de Crédito
AX34,1/6/2023,Filial02 / Niterói - RJ,Mala,52, R$ 499.19 ," R$ 25,957.88 ",Cartão de Crédito
AX38,1/6/2023,Filial02 / Niterói - RJ,Tênis,29, R$ 320.19 ," R$ 9,285.51 ",Cartão de Crédito
AX30,1/6/2023,Filial02 / Niterói - RJ,Garrafa,42, R$ 119.30 ," R$ 5,010.60 ",Cartão de Crédito
AX50,1/7/2023,Filial02 / Niterói - RJ,Boné,38, R$ 160.99 ," R$ 6,117.62 ",Cartão de Crédito
AX3269,1/7/2023,Filial01 / Vitória - ES,Fone,18, R$ 159.00 ," R$ 2,862.00 ",Cartão de Crédito
AX43,1/7/2023,Filial02 / Niterói - RJ,Boné,96, R$ 160.99 ," R$ 15,455.04 ",Cartão de Crédito
AX51,1/7/2023,Filial02 / Niterói - RJ,Mala,114, R$ 499.19 ," R$ 56,907.66 ",Cartão de Crédito
AX3271,1/8/2023,Matriz - SP Capital,Mochila,144, R$ 630.99 ," R$ 90,862.56 ",Cartão de Crédito
AX67,1/8/2023,Filial02 / Niterói - RJ,Boné,18, R$ 160.99 ," R$ 2,897.82 ",Cartão de Crédito
AX3274,1/8/2023,Matriz - SP Capital,Fone,78, R$ 159.00 ," R$ 12,402.00 ",Cartão de Crédito
AX56,1/8/2023,Filial02 / Niterói - RJ,Boné,42, R$ 160.99 ," R$ 6,761.58 ",Cartão de Crédito
AX3273,1/8/2023,Matriz - SP Capital,Mala,112, R$ 499.19 ," R$ 55,909.28 ",Cartão de Crédito
AX62,1/8/2023,Filial02 / Niterói - RJ,Bolsa,93, R$ 999.00 ," R$ 92,907.00 ",Cartão de Crédito
AX71,1/8/2023,Filial02 / Niterói - RJ,Tênis,48, R$ 320.19 ," R$ 15,369.12 ",Cartão de Crédito
AX79,1/9/2023,Filial02 / Niterói - RJ,Fone,28, R$ 159.00 ," R$ 4,452.00 ",Cartão de Crédito
AX3278,1/9/2023,Filial01 / Vitória - ES,Fone,20, R$ 159.00 ," R$ 3,180.00 ",Cartão de Crédito
AX84,1/9/2023,Filial02 / Niterói - RJ,Tênis,21, R$ 320.19 ," R$ 6,723.99 ",Cartão de Crédito
AX3280,1/9/2023,Matriz - SP Capital,Boné,86, R$ 160.99 ," R$ 13,845.14 ",Cartão de Crédito
AX3282,1/9/2023,Matriz - SP Capital,Tênis,42, R$ 320.19 ," R$ 13,447.98 ",Cartão de Crédito
AX87,1/10/2023,Filial02 / Niterói - RJ,Carteira,16, R$ 210.00 ," R$ 3,360.00 ",Cartão de Crédito
AX100,1/10/2023,Filial02 / Niterói - RJ,Mala,16, R$ 499.19 ," R$ 7,987.04 ",Cartão de Crédito
AX91,1/10/2023,Filial02 / Niterói - RJ,Mala,23, R$ 499.19 ," R$ 11,481.37 ",Cartão de Crédito
AX90,1/10/2023,Filial02 / Niterói - RJ,Garrafa,18, R$ 119.30 ," R$ 2,147.40 ",Cartão de Crédito
AX94,1/10/2023,Filial02 / Niterói - RJ,Bolsa,18, R$ 999.00 ," R$ 17,982.00 ",Cartão de Crédito
AX86,1/10/2023,Filial02 / Niterói - RJ,Tênis,25, R$ 320.19 ," R$ 8,004.75 ",Cartão de Crédito
AX92,1/10/2023,Filial02 / Niterói - RJ,Garrafa,46, R$ 119.30 ," R$ 5,487.80 ",Cartão de Crédito
AX3284,1/10/2023,Matriz - SP Capital,Garrafa,78, R$ 119.30 ," R$ 9,305.40 ",Cartão de Crédito
AX3287,1/10/2023,Matriz - SP Capital,Tênis,74, R$ 320.19 ," R$ 23,694.06 ",Cartão de Crédito
AX101,1/11/2023,Filial02 / Niterói - RJ,Carteira,45, R$ 210.00 ," R$ 9,450.00 ",Cartão de Crédito
AX3290,1/11/2023,Filial01 / Vitória - ES,Mochila,41, R$ 630.99 ," R$ 25,870.59 ",Cartão de Crédito
AX3291,1/11/2023,Filial01 / Vitória - ES,Fone,32, R$ 159.00 ," R$ 5,088.00 ",Cartão de Crédito
AX3289,1/11/2023,Matriz - SP Capital,Mochila,144, R$ 630.99 ," R$ 90,862.56 ",Cartão de Crédito
AX102,1/11/2023,Filial02 / Niterói - RJ,Tênis,35, R$ 320.19 ," R$ 11,206.65 ",Cartão de Crédito
AX111,1/11/2023,Filial02 / Niterói - RJ,Mala,123, R$ 499.19 ," R$ 61,400.37 ",Cartão de Crédito
AX3288,1/11/2023,Matriz - SP Capital,Fone,78, R$ 159.00 ," R$ 12,402.00 ",Cartão de Crédito
AX3295,1/12/2023,Filial01 / Vitória - ES,Garrafa,45, R$ 119.30 ," R$ 5,368.50 ",Cartão de Crédito
AX3298,1/12/2023,Matriz - SP Capital,Mala,38, R$ 499.19 ," R$ 18,969.22 ",Cartão de Crédito
AX3297,1/12/2023,Filial01 / Vitória - ES,Boné,38, R$ 160.99 ," R$ 6,117.62 ",Cartão de Crédito
AX3294,1/12/2023,Matriz - SP Capital,Garrafa,84, R$ 119.30 ," R$ 10,021.20 ",Cartão de Crédito
AX119,1/13/2023,Filial02 / Niterói - RJ,Bolsa,41, R$ 999.00 ," R$ 40,959.00 ",Cartão de Crédito
AX118,1/13/2023,Filial02 / Niterói - RJ,Garrafa,96, R$ 119.30 ," R$ 11,452.80 ",Cartão de Crédito
AX3305,1/14/2023,Matriz - SP Capital,Boné,28, R$ 160.99 ," R$ 4,507.72 ",Cartão de Crédito
AX128,1/14/2023,Filial02 / Niterói - RJ,Garrafa,37, R$ 119.30 ," R$ 4,414.10 ",Cartão de Crédito
AX130,1/14/2023,Filial02 / Niterói - RJ,Garrafa,44, R$ 119.30 ," R$ 5,249.20 ",Cartão de Crédito
AX3300,1/14/2023,Matriz - SP Capital,Tênis,74, R$ 320.19 ," R$ 23,694.06 ",Cartão de Crédito
AX3302,1/14/2023,Filial01 / Vitória - ES,Carteira,44, R$ 210.00 ," R$ 9,240.00 ",Cartão de Crédito
AX149,1/15/2023,Filial02 / Niterói - RJ,Fone,35, R$ 159.00 ," R$ 5,565.00 ",Cartão de Crédito
AX3307,1/15/2023,Filial01 / Vitória - ES,Garrafa,35, R$ 119.30 ," R$ 4,175.50 ",Cartão de Crédito
AX153,1/15/2023,Filial02 / Niterói - RJ,Carteira,42, R$ 210.00 ," R$ 8,820.00 ",Transferência/PIX
AX3306,1/15/2023,Filial01 / Vitória - ES,Tênis,47, R$ 320.19 ," R$ 15,048.93 ",Cartão de Crédito
AX137,1/15/2023,Filial02 / Niterói - RJ,Garrafa,23, R$ 119.30 ," R$ 2,743.90 ",Transferência/PIX
AX3312,1/15/2023,Matriz - SP Capital,Boné,84, R$ 160.99 ," R$ 13,523.16 ",Transferência/PIX
AX3308,1/15/2023,Filial01 / Vitória - ES,Carteira,48, R$ 210.00 ," R$ 10,080.00 ",Cartão de Crédito
AX3309,1/15/2023,Filial01 / Vitória - ES,Bolsa,37, R$ 999.00 ," R$ 36,963.00 ",Transferência/PIX
AX3317,1/16/2023,Filial01 / Vitória - ES,Garrafa,19, R$ 119.30 ," R$ 2,266.70 ",Cartão de Crédito
AX166,1/16/2023,Filial02 / Niterói - RJ,Garrafa,22, R$ 119.30 ," R$ 2,624.60 ",Transferência/PIX
AX3316,1/16/2023,Filial01 / Vitória - ES,Mala,43, R$ 499.19 ," R$ 21,465.17 ",Cartão de Crédito
AX154,1/16/2023,Filial02 / Niterói - RJ,Mala,96, R$ 499.19 ," R$ 47,922.24 ",Transferência/PIX
AX3313,1/16/2023,Matriz - SP Capital,Mala,96, R$ 499.19 ," R$ 47,922.24 ",Cartão de Crédito
AX3320,1/16/2023,Filial01 / Vitória - ES,Mochila,50, R$ 630.99 ," R$ 31,549.50 ",Transferência/PIX
AX3318,1/16/2023,Matriz - SP Capital,Boné,44, R$ 160.99 ," R$ 7,083.56 ",Transferência/PIX
AX3323,1/17/2023,Filial01 / Vitória - ES,Carteira,36, R$ 210.00 ," R$ 7,560.00 ",Cartão de Crédito
AX173,1/17/2023,Filial02 / Niterói - RJ,Boné,39, R$ 160.99 ," R$ 6,278.61 ",Cartão de Crédito
AX3324,1/17/2023,Matriz - SP Capital,Bolsa,72, R$ 999.00 ," R$ 71,928.00 ",Transferência/PIX
AX3326,1/17/2023,Filial01 / Vitória - ES,Garrafa,38, R$ 119.30 ," R$ 4,533.40 ",Cartão de Crédito
AX197,1/18/2023,Filial02 / Niterói - RJ,Fone,29, R$ 159.00 ," R$ 4,611.00 ",Transferência/PIX
AX3328,1/18/2023,Filial01 / Vitória - ES,Boné,19, R$ 160.99 ," R$ 3,058.81 ",Cartão de Crédito
AX3330,1/18/2023,Filial01 / Vitória - ES,Mala,19, R$ 499.19 ," R$ 9,484.61 ",Transferência/PIX
AX3329,1/18/2023,Matriz - SP Capital,Boné,32, R$ 160.99 ," R$ 5,151.68 ",Cartão de Crédito
AX191,1/18/2023,Filial02 / Niterói - RJ,Boné,51, R$ 160.99 ," R$ 8,210.49 ",Transferência/PIX
AX3333,1/18/2023,Matriz - SP Capital,Tênis,54, R$ 320.19 ," R$ 17,290.26 ",Transferência/PIX
AX3337,1/19/2023,Filial01 / Vitória - ES,Boné,44, R$ 160.99 ," R$ 7,083.56 ",Transferência/PIX
AX209,1/21/2023,Filial02 / Niterói - RJ,Fone,38, R$ 159.00 ," R$ 6,042.00 ",Transferência/PIX
AX3343,1/21/2023,Matriz - SP Capital,Carteira,42, R$ 210.00 ," R$ 8,820.00 ",Transferência/PIX
AX207,1/21/2023,Filial02 / Niterói - RJ,Carteira,36, R$ 210.00 ," R$ 7,560.00 ",Cartão de Crédito
AX212,1/21/2023,Filial02 / Niterói - RJ,Boné,32, R$ 160.99 ," R$ 5,151.68 ",Transferência/PIX
AX3341,1/21/2023,Filial01 / Vitória - ES,Bolsa,49, R$ 999.00 ," R$ 48,951.00 ",Transferência/PIX
AX205,1/21/2023,Filial02 / Niterói - RJ,Mala,38, R$ 499.19 ," R$ 18,969.22 ",Cartão de Crédito
AX3342,1/21/2023,Matriz - SP Capital,Tênis,52, R$ 320.19 ," R$ 16,649.88 ",Transferência/PIX
AX3340,1/21/2023,Matriz - SP Capital,Tênis,84, R$ 320.19 ," R$ 26,895.96 ",Transferência/PIX
AX215,1/21/2023,Filial02 / Niterói - RJ,Mochila,22, R$ 630.99 ," R$ 13,881.78 ",Cartão de Crédito
AX3355,1/22/2023,Filial01 / Vitória - ES,Mochila,52, R$ 630.99 ," R$ 32,811.48 ",Cartão de Crédito
AX3345,1/22/2023,Filial01 / Vitória - ES,Carteira,20, R$ 210.00 ," R$ 4,200.00 ",Transferência/PIX
AX219,1/22/2023,Filial02 / Niterói - RJ,Carteira,34, R$ 210.00 ," R$ 7,140.00 ",Transferência/PIX
AX217,1/22/2023,Filial02 / Niterói - RJ,Fone,99, R$ 159.00 ," R$ 15,741.00 ",Transferência/PIX
AX226,1/22/2023,Filial02 / Niterói - RJ,Mala,35, R$ 499.19 ," R$ 17,471.65 ",Cartão de Crédito
AX3356,1/22/2023,Matriz - SP Capital,Mala,30, R$ 499.19 ," R$ 14,975.70 ",Cartão de Crédito
AX3347,1/22/2023,Matriz - SP Capital,Mala,66, R$ 499.19 ," R$ 32,946.54 ",Cartão de Crédito
AX3353,1/22/2023,Filial01 / Vitória - ES,Mala,37, R$ 499.19 ," R$ 18,470.03 ",Transferência/PIX
AX3348,1/22/2023,Matriz - SP Capital,Garrafa,80, R$ 119.30 ," R$ 9,544.00 ",Transferência/PIX
AX3351,1/22/2023,Filial01 / Vitória - ES,Boné,23, R$ 160.99 ," R$ 3,702.77 ",Cartão de Crédito
AX221,1/22/2023,Filial02 / Niterói - RJ,Mochila,15, R$ 630.99 ," R$ 9,464.85 ",Cartão de Crédito
AX216,1/22/2023,Filial02 / Niterói - RJ,Garrafa,52, R$ 119.30 ," R$ 6,203.60 ",Transferência/PIX
AX3346,1/22/2023,Matriz - SP Capital,Garrafa,100, R$ 119.30 ," R$ 11,930.00 ",Transferência/PIX
AX3350,1/22/2023,Matriz - SP Capital,Bolsa,90, R$ 999.00 ," R$ 89,910.00 ",Transferência/PIX
AX235,1/23/2023,Filial02 / Niterói - RJ,Mala,19, R$ 499.19 ," R$ 9,484.61 ",Transferência/PIX
AX3361,1/23/2023,Filial01 / Vitória - ES,Mochila,19, R$ 630.99 ," R$ 11,988.81 ",Transferência/PIX
AX3363,1/23/2023,Filial01 / Vitória - ES,Fone,25, R$ 159.00 ," R$ 3,975.00 ",Cartão de Crédito
AX3364,1/23/2023,Filial01 / Vitória - ES,Fone,44, R$ 159.00 ," R$ 6,996.00 ",Cartão de Crédito
AX3362,1/23/2023,Filial01 / Vitória - ES,Garrafa,34, R$ 119.30 ," R$ 4,056.20 ",Transferência/PIX
AX3366,1/23/2023,Filial01 / Vitória - ES,Tênis,51, R$ 320.19 ," R$ 16,329.69 ",Cartão de Crédito
AX228,1/23/2023,Filial02 / Niterói - RJ,Fone,90, R$ 159.00 ," R$ 14,310.00 ",Transferência/PIX
AX3357,1/23/2023,Matriz - SP Capital,Carteira,66, R$ 210.00 ," R$ 13,860.00 ",Cartão de Crédito
AX3360,1/23/2023,Filial01 / Vitória - ES,Mala,43, R$ 499.19 ," R$ 21,465.17 ",Transferência/PIX
AX233,1/23/2023,Filial02 / Niterói - RJ,Tênis,43, R$ 320.19 ," R$ 13,768.17 ",Cartão de Crédito
AX230,1/23/2023,Filial02 / Niterói - RJ,Boné,156, R$ 160.99 ," R$ 25,114.44 ",Cartão de Crédito
AX3358,1/23/2023,Matriz - SP Capital,Tênis,94, R$ 320.19 ," R$ 30,097.86 ",Transferência/PIX
AX3370,1/24/2023,Filial01 / Vitória - ES,Mochila,38, R$ 630.99 ," R$ 23,977.62 ",Transferência/PIX
AX3371,1/24/2023,Filial01 / Vitória - ES,Bolsa,16, R$ 999.00 ," R$ 15,984.00 ",Transferência/PIX
AX241,1/24/2023,Filial02 / Niterói - RJ,Mala,16, R$ 499.19 ," R$ 7,987.04 ",Transferência/PIX
AX247,1/24/2023,Filial02 / Niterói - RJ,Carteira,50, R$ 210.00 ," R$ 10,500.00 ",Transferência/PIX
AX243,1/24/2023,Filial02 / Niterói - RJ,Carteira,32, R$ 210.00 ," R$ 6,720.00 ",Transferência/PIX
AX3367,1/24/2023,Matriz - SP Capital,Mala,196, R$ 499.19 ," R$ 97,841.24 ",Transferência/PIX
AX244,1/24/2023,Filial02 / Niterói - RJ,Mochila,37, R$ 630.99 ," R$ 23,346.63 ",Cartão de Crédito
AX3376,1/25/2023,Filial01 / Vitória - ES,Carteira,48, R$ 210.00 ," R$ 10,080.00 ",Cartão de Crédito
AX254,1/25/2023,Filial02 / Niterói - RJ,Garrafa,36, R$ 119.30 ," R$ 4,294.80 ",Cartão de Crédito
AX3373,1/25/2023,Matriz - SP Capital,Carteira,38, R$ 210.00 ," R$ 7,980.00 ",Cartão de Crédito
AX3374,1/25/2023,Matriz - SP Capital,Bolsa,204, R$ 999.00 ," R$ 203,796.00 ",Cartão de Crédito
AX260,1/25/2023,Filial02 / Niterói - RJ,Mochila,40, R$ 630.99 ," R$ 25,239.60 ",Cartão de Crédito
AX3386,1/26/2023,Matriz - SP Capital,Garrafa,68, R$ 119.30 ," R$ 8,112.40 ",Cartão de Crédito
AX3378,1/26/2023,Filial01 / Vitória - ES,Mochila,15, R$ 630.99 ," R$ 9,464.85 ",Cartão de Crédito
AX3379,1/26/2023,Matriz - SP Capital,Mala,58, R$ 499.19 ," R$ 28,953.02 ",Cartão de Crédito
AX3382,1/26/2023,Matriz - SP Capital,Mala,136, R$ 499.19 ," R$ 67,889.84 ",Transferência/PIX
AX3387,1/26/2023,Matriz - SP Capital,Bolsa,72, R$ 999.00 ," R$ 71,928.00 ",Cartão de Crédito
AX275,1/27/2023,Filial02 / Niterói - RJ,Boné,15, R$ 160.99 ," R$ 2,414.85 ",Transferência/PIX
AX272,1/27/2023,Filial02 / Niterói - RJ,Fone,66, R$ 159.00 ," R$ 10,494.00 ",Cartão de Crédito
AX283,1/27/2023,Filial02 / Niterói - RJ,Tênis,36, R$ 320.19 ," R$ 11,526.84 ",Transferência/PIX
AX282,1/27/2023,Filial02 / Niterói - RJ,Fone,87, R$ 159.00 ," R$ 13,833.00 ",Transferência/PIX
AX267,1/27/2023,Filial02 / Niterói - RJ,Carteira,141, R$ 210.00 ," R$ 29,610.00 ",Cartão de Crédito
AX281,1/27/2023,Filial02 / Niterói - RJ,Tênis,24, R$ 320.19 ," R$ 7,684.56 ",Transferência/PIX
AX269,1/27/2023,Filial02 / Niterói - RJ,Garrafa,50, R$ 119.30 ," R$ 5,965.00 ",Cartão de Crédito
AX3391,1/28/2023,Matriz - SP Capital,Garrafa,56, R$ 119.30 ," R$ 6,680.80 ",Cartão de Crédito
AX3392,1/28/2023,Filial01 / Vitória - ES,Tênis,27, R$ 320.19 ," R$ 8,645.13 ",Transferência/PIX
AX3393,1/28/2023,Matriz - SP Capital,Garrafa,62, R$ 119.30 ," R$ 7,396.60 ",Transferência/PIX
AX3388,1/28/2023,Filial01 / Vitória - ES,Carteira,44, R$ 210.00 ," R$ 9,240.00 ",Transferência/PIX
AX297,1/28/2023,Filial02 / Niterói - RJ,Bolsa,39, R$ 999.00 ," R$ 38,961.00 ",Transferência/PIX
AX291,1/28/2023,Filial02 / Niterói - RJ,Mochila,32, R$ 630.99 ," R$ 20,191.68 ",Transferência/PIX
AX304,1/28/2023,Filial02 / Niterói - RJ,Mochila,54, R$ 630.99 ," R$ 34,073.46 ",Transferência/PIX
AX316,1/29/2023,Filial02 / Niterói - RJ,Mochila,17, R$ 630.99 ," R$ 10,726.83 ",Cartão de Crédito
AX320,1/29/2023,Filial02 / Niterói - RJ,Boné,27, R$ 160.99 ," R$ 4,346.73 ",Cartão de Crédito
AX3402,1/29/2023,Filial01 / Vitória - ES,Mala,28, R$ 499.19 ," R$ 13,977.32 ",Transferência/PIX
AX308,1/29/2023,Filial02 / Niterói - RJ,Boné,45, R$ 160.99 ," R$ 7,244.55 ",Transferência/PIX
AX3399,1/29/2023,Filial01 / Vitória - ES,Fone,40, R$ 159.00 ," R$ 6,360.00 ",Cartão de Crédito
AX3396,1/29/2023,Filial01 / Vitória - ES,Bolsa,37, R$ 999.00 ," R$ 36,963.00 ",Cartão de Crédito
AX3397,1/29/2023,Filial01 / Vitória - ES,Garrafa,25, R$ 119.30 ," R$ 2,982.50 ",Transferência/PIX
AX3400,1/29/2023,Matriz - SP Capital,Garrafa,60, R$ 119.30 ," R$ 7,158.00 ",Cartão de Crédito
AX314,1/29/2023,Filial02 / Niterói - RJ,Mochila,49, R$ 630.99 ," R$ 30,918.51 ",Cartão de Crédito
AX335,1/30/2023,Filial02 / Niterói - RJ,Bolsa,29, R$ 999.00 ," R$ 28,971.00 ",Cartão de Crédito
AX329,1/30/2023,Filial02 / Niterói - RJ,Carteira,42, R$ 210.00 ," R$ 8,820.00 ",Cartão de Crédito
AX3416,1/30/2023,Matriz - SP Capital,Carteira,58, R$ 210.00 ," R$ 12,180.00 ",Transferência/PIX
AX325,1/30/2023,Filial02 / Niterói - RJ,Bolsa,132, R$ 999.00 ," R$ 131,868.00 ",Transferência/PIX
AX326,1/30/2023,Filial02 / Niterói - RJ,Tênis,156, R$ 320.19 ," R$ 49,949.64 ",Transferência/PIX
AX3412,1/30/2023,Matriz - SP Capital,Fone,80, R$ 159.00 ," R$ 12,720.00 ",Cartão de Crédito
AX323,1/30/2023,Filial02 / Niterói - RJ,Mochila,156, R$ 630.99 ," R$ 98,434.44 ",Cartão de Crédito
AX3420,1/31/2023,Filial01 / Vitória - ES,Garrafa,26, R$ 119.30 ," R$ 3,101.80 ",Transferência/PIX
AX3418,1/31/2023,Filial01 / Vitória - ES,Garrafa,28, R$ 119.30 ," R$ 3,340.40 ",Transferência/PIX
AX348,1/31/2023,Filial02 / Niterói - RJ,Bolsa,48, R$ 999.00 ," R$ 47,952.00 ",Cartão de Crédito
AX346,1/31/2023,Filial02 / Niterói - RJ,Boné,120, R$ 160.99 ," R$ 19,318.80 ",Cartão de Crédito
AX345,1/31/2023,Filial02 / Niterói - RJ,Bolsa,39, R$ 999.00 ," R$ 38,961.00 ",Transferência/PIX
AX3425,1/31/2023,Filial01 / Vitória - ES,Bolsa,43, R$ 999.00 ," R$ 42,957.00 ",Cartão de Crédito
AX3424,1/31/2023,Filial01 / Vitória - ES,Carteira,48, R$ 210.00 ," R$ 10,080.00 ",Cartão de Crédito
AX3417,1/31/2023,Matriz - SP Capital,Mala,108, R$ 499.19 ," R$ 53,912.52 ",Cartão de Crédito
AX3426,2/1/2023,Filial01 / Vitória - ES,Mochila,16, R$ 630.99 ," R$ 10,095.84 ",Transferência/PIX
AX3433,2/1/2023,Filial01 / Vitória - ES,Carteira,45, R$ 210.00 ," R$ 9,450.00 ",Cartão de Crédito
AX3431,2/1/2023,Filial01 / Vitória - ES,Boné,45, R$ 160.99 ," R$ 7,244.55 ",Cartão de Crédito
AX353,2/1/2023,Filial02 / Niterói - RJ,Fone,24, R$ 159.00 ," R$ 3,816.00 ",Transferência/PIX
AX363,2/1/2023,Filial02 / Niterói - RJ,Boné,27, R$ 160.99 ," R$ 4,346.73 ",Transferência/PIX
AX3430,2/1/2023,Filial01 / Vitória - ES,Carteira,36, R$ 210.00 ," R$ 7,560.00 ",Cartão de Crédito
AX356,2/1/2023,Filial02 / Niterói - RJ,Fone,144, R$ 159.00 ," R$ 22,896.00 ",Transferência/PIX
AX364,2/1/2023,Filial02 / Niterói - RJ,Mochila,32, R$ 630.99 ," R$ 20,191.68 ",Cartão de Crédito
AX366,2/1/2023,Filial02 / Niterói - RJ,Mochila,36, R$ 630.99 ," R$ 22,715.64 ",Cartão de Crédito
AX360,2/1/2023,Filial02 / Niterói - RJ,Mala,114, R$ 499.19 ," R$ 56,907.66 ",Transferência/PIX
AX3429,2/1/2023,Matriz - SP Capital,Garrafa,64, R$ 119.30 ," R$ 7,635.20 ",Transferência/PIX
AX3439,2/2/2023,Filial01 / Vitória - ES,Mala,15, R$ 499.19 ," R$ 7,487.85 ",Cartão de Crédito
AX3436,2/2/2023,Matriz - SP Capital,Boné,56, R$ 160.99 ," R$ 9,015.44 ",Transferência/PIX
AX3438,2/2/2023,Filial01 / Vitória - ES,Tênis,47, R$ 320.19 ," R$ 15,048.93 ",Cartão de Crédito
AX3440,2/2/2023,Filial01 / Vitória - ES,Garrafa,26, R$ 119.30 ," R$ 3,101.80 ",Transferência/PIX
AX382,2/3/2023,Filial02 / Niterói - RJ,Carteira,52, R$ 210.00 ," R$ 10,920.00 ",Transferência/PIX
AX372,2/3/2023,Filial02 / Niterói - RJ,Carteira,37, R$ 210.00 ," R$ 7,770.00 ",Transferência/PIX
AX378,2/3/2023,Filial02 / Niterói - RJ,Boné,27, R$ 160.99 ," R$ 4,346.73 ",Cartão de Crédito
AX375,2/3/2023,Filial02 / Niterói - RJ,Bolsa,84, R$ 999.00 ," R$ 83,916.00 ",Transferência/PIX
AX376,2/3/2023,Filial02 / Niterói - RJ,Tênis,45, R$ 320.19 ," R$ 14,408.55 ",Transferência/PIX
AX3446,2/4/2023,Filial01 / Vitória - ES,Boné,39, R$ 160.99 ," R$ 6,278.61 ",Cartão de Crédito
AX3442,2/4/2023,Filial01 / Vitória - ES,Bolsa,39, R$ 999.00 ," R$ 38,961.00 ",Cartão de Crédito
AX383,2/4/2023,Filial02 / Niterói - RJ,Boné,32, R$ 160.99 ," R$ 5,151.68 ",Cartão de Crédito
AX3445,2/4/2023,Matriz - SP Capital,Boné,84, R$ 160.99 ," R$ 13,523.16 ",Cartão de Crédito
AX398,2/5/2023,Filial02 / Niterói - RJ,Mala,27, R$ 499.19 ," R$ 13,478.13 ",Transferência/PIX
AX3448,2/5/2023,Filial01 / Vitória - ES,Tênis,42, R$ 320.19 ," R$ 13,447.98 ",Transferência/PIX
AX395,2/5/2023,Filial02 / Niterói - RJ,Boné,66, R$ 160.99 ," R$ 10,625.34 ",Transferência/PIX
AX3453,2/5/2023,Filial01 / Vitória - ES,Tênis,27, R$ 320.19 ," R$ 8,645.13 ",Cartão de Crédito
AX3452,2/5/2023,Filial01 / Vitória - ES,Mochila,51, R$ 630.99 ," R$ 32,180.49 ",Cartão de Crédito
AX3450,2/5/2023,Filial01 / Vitória - ES,Mala,47, R$ 499.19 ," R$ 23,461.93 ",Cartão de Crédito
AX400,2/5/2023,Filial02 / Niterói - RJ,Tênis,40, R$ 320.19 ," R$ 12,807.60 ",Cartão de Crédito
AX3455,2/5/2023,Filial01 / Vitória - ES,Mochila,22, R$ 630.99 ," R$ 13,881.78 ",Cartão de Crédito
AX3451,2/5/2023,Matriz - SP Capital,Fone,62, R$ 159.00 ," R$ 9,858.00 ",Cartão de Crédito
AX399,2/5/2023,Filial02 / Niterói - RJ,Mochila,93, R$ 630.99 ," R$ 58,682.07 ",Cartão de Crédito
AX3463,2/6/2023,Filial01 / Vitória - ES,Fone,18, R$ 159.00 ," R$ 2,862.00 ",Cartão de Crédito
AX3460,2/6/2023,Filial01 / Vitória - ES,Carteira,32, R$ 210.00 ," R$ 6,720.00 ",Cartão de Crédito
AX3457,2/6/2023,Matriz - SP Capital,Carteira,38, R$ 210.00 ," R$ 7,980.00 ",Cartão de Crédito
AX422,2/6/2023,Filial02 / Niterói - RJ,Mala,18, R$ 499.19 ," R$ 8,985.42 ",Cartão de Crédito
AX3459,2/6/2023,Filial01 / Vitória - ES,Fone,50, R$ 159.00 ," R$ 7,950.00 ",Cartão de Crédito
AX421,2/6/2023,Filial02 / Niterói - RJ,Garrafa,22, R$ 119.30 ," R$ 2,624.60 ",Cartão de Crédito
AX411,2/6/2023,Filial02 / Niterói - RJ,Garrafa,87, R$ 119.30 ," R$ 10,379.10 ",Cartão de Crédito
AX3461,2/6/2023,Filial01 / Vitória - ES,Fone,33, R$ 159.00 ," R$ 5,247.00 ",Cartão de Crédito
AX3464,2/6/2023,Matriz - SP Capital,Bolsa,34, R$ 999.00 ," R$ 33,966.00 ",Cartão de Crédito
AX3465,2/7/2023,Filial01 / Vitória - ES,Carteira,34, R$ 210.00 ," R$ 7,140.00 ",Cartão de Crédito
AX430,2/7/2023,Filial02 / Niterói - RJ,Carteira,44, R$ 210.00 ," R$ 9,240.00 ",Cartão de Crédito
AX3466,2/7/2023,Filial01 / Vitória - ES,Mochila,39, R$ 630.99 ," R$ 24,608.61 ",Cartão de Crédito
AX432,2/7/2023,Filial02 / Niterói - RJ,Mochila,27, R$ 630.99 ," R$ 17,036.73 ",Cartão de Crédito
AX456,2/8/2023,Filial02 / Niterói - RJ,Bolsa,45, R$ 999.00 ," R$ 44,955.00 ",Cartão de Crédito
AX457,2/8/2023,Filial02 / Niterói - RJ,Mochila,19, R$ 630.99 ," R$ 11,988.81 ",Cartão de Crédito
AX3470,2/8/2023,Filial01 / Vitória - ES,Mala,49, R$ 499.19 ," R$ 24,460.31 ",Cartão de Crédito
AX449,2/8/2023,Filial02 / Niterói - RJ,Carteira,117, R$ 210.00 ," R$ 24,570.00 ",Cartão de Crédito
AX452,2/8/2023,Filial02 / Niterói - RJ,Tênis,40, R$ 320.19 ," R$ 12,807.60 ",Cartão de Crédito
AX3471,2/8/2023,Filial01 / Vitória - ES,Mala,40, R$ 499.19 ," R$ 19,967.60 ",Cartão de Crédito
AX3476,2/9/2023,Matriz - SP Capital,Fone,42, R$ 159.00 ," R$ 6,678.00 ",Cartão de Crédito
AX3474,2/9/2023,Matriz - SP Capital,Carteira,42, R$ 210.00 ," R$ 8,820.00 ",Cartão de Crédito
AX3473,2/9/2023,Filial01 / Vitória - ES,Tênis,50, R$ 320.19 ," R$ 16,009.50 ",Cartão de Crédito
AX3472,2/9/2023,Matriz - SP Capital,Mala,60, R$ 499.19 ," R$ 29,951.40 ",Cartão de Crédito
AX461,2/10/2023,Filial02 / Niterói - RJ,Carteira,22, R$ 210.00 ," R$ 4,620.00 ",Cartão de Crédito
AX460,2/10/2023,Filial02 / Niterói - RJ,Carteira,35, R$ 210.00 ," R$ 7,350.00 ",Cartão de Crédito
AX464,2/10/2023,Filial02 / Niterói - RJ,Mala,57, R$ 499.19 ," R$ 28,453.83 ",Cartão de Crédito
AX463,2/10/2023,Filial02 / Niterói - RJ,Bolsa,60, R$ 999.00 ," R$ 59,940.00 ",Cartão de Crédito
AX471,2/10/2023,Filial02 / Niterói - RJ,Garrafa,25, R$ 119.30 ," R$ 2,982.50 ",Cartão de Crédito
AX468,2/10/2023,Filial02 / Niterói - RJ,Bolsa,47, R$ 999.00 ," R$ 46,953.00 ",Cartão de Crédito
AX472,2/10/2023,Filial02 / Niterói - RJ,Garrafa,47, R$ 119.30 ," R$ 5,607.10 ",Cartão de Crédito
AX485,2/11/2023,Filial02 / Niterói - RJ,Bolsa,16, R$ 999.00 ," R$ 15,984.00 ",Cartão de Crédito
AX488,2/11/2023,Filial02 / Niterói - RJ,Carteira,17, R$ 210.00 ," R$ 3,570.00 ",Cartão de Crédito
AX3485,2/11/2023,Filial01 / Vitória - ES,Mochila,17, R$ 630.99 ," R$ 10,726.83 ",Cartão de Crédito
AX3483,2/11/2023,Filial01 / Vitória - ES,Mochila,49, R$ 630.99 ," R$ 30,918.51 ",Cartão de Crédito
AX476,2/11/2023,Filial02 / Niterói - RJ,Carteira,33, R$ 210.00 ," R$ 6,930.00 ",Cartão de Crédito
AX3480,2/11/2023,Filial01 / Vitória - ES,Mala,50, R$ 499.19 ," R$ 24,959.50 ",Cartão de Crédito
AX3482,2/11/2023,Filial01 / Vitória - ES,Fone,45, R$ 159.00 ," R$ 7,155.00 ",Cartão de Crédito
AX3484,2/11/2023,Filial01 / Vitória - ES,Garrafa,42, R$ 119.30 ," R$ 5,010.60 ",Cartão de Crédito
AX478,2/11/2023,Filial02 / Niterói - RJ,Mala,52, R$ 499.19 ," R$ 25,957.88 ",Cartão de Crédito
AX3477,2/11/2023,Matriz - SP Capital,Fone,132, R$ 159.00 ," R$ 20,988.00 ",Cartão de Crédito
AX3481,2/11/2023,Matriz - SP Capital,Mochila,66, R$ 630.99 ," R$ 41,645.34 ",Cartão de Crédito
AX477,2/11/2023,Filial02 / Niterói - RJ,Boné,60, R$ 160.99 ," R$ 9,659.40 ",Cartão de Crédito
AX484,2/11/2023,Filial02 / Niterói - RJ,Boné,99, R$ 160.99 ," R$ 15,938.01 ",Cartão de Crédito
AX3479,2/11/2023,Matriz - SP Capital,Carteira,100, R$ 210.00 ," R$ 21,000.00 ",Cartão de Crédito
AX502,2/12/2023,Filial02 / Niterói - RJ,Bolsa,15, R$ 999.00 ," R$ 14,985.00 ",Cartão de Crédito
AX3487,2/12/2023,Filial01 / Vitória - ES,Fone,50, R$ 159.00 ," R$ 7,950.00 ",Cartão de Crédito
AX491,2/12/2023,Filial02 / Niterói - RJ,Bolsa,33, R$ 999.00 ," R$ 32,967.00 ",Cartão de Crédito
AX3486,2/12/2023,Matriz - SP Capital,Mala,54, R$ 499.19 ," R$ 26,956.26 ",Cartão de Crédito
AX3493,2/13/2023,Matriz - SP Capital,Tênis,66, R$ 320.19 ," R$ 21,132.54 ",Cartão de Crédito
AX3495,2/13/2023,Matriz - SP Capital,Mala,54, R$ 499.19 ," R$ 26,956.26 ",Cartão de Crédito
AX3494,2/13/2023,Filial01 / Vitória - ES,Tênis,41, R$ 320.19 ," R$ 13,127.79 ",Cartão de Crédito
AX509,2/13/2023,Filial02 / Niterói - RJ,Boné,111, R$ 160.99 ," R$ 17,869.89 ",Cartão de Crédito
AX3489,2/13/2023,Filial01 / Vitória - ES,Mochila,48, R$ 630.99 ," R$ 30,287.52 ",Cartão de Crédito
AX3488,2/13/2023,Matriz - SP Capital,Fone,128, R$ 159.00 ," R$ 20,352.00 ",Cartão de Crédito
AX3490,2/13/2023,Matriz - SP Capital,Boné,184, R$ 160.99 ," R$ 29,622.16 ",Cartão de Crédito
AX519,2/14/2023,Filial02 / Niterói - RJ,Bolsa,41, R$ 999.00 ," R$ 40,959.00 ",Cartão de Crédito
AX3497,2/14/2023,Filial01 / Vitória - ES,Boné,43, R$ 160.99 ," R$ 6,922.57 ",Cartão de Crédito
AX524,2/14/2023,Filial02 / Niterói - RJ,Fone,105, R$ 159.00 ," R$ 16,695.00 ",Cartão de Crédito
AX523,2/14/2023,Filial02 / Niterói - RJ,Mala,43, R$ 499.19 ," R$ 21,465.17 ",Cartão de Crédito
AX3496,2/14/2023,Filial01 / Vitória - ES,Mala,45, R$ 499.19 ," R$ 22,463.55 ",Cartão de Crédito
AX514,2/14/2023,Filial02 / Niterói - RJ,Garrafa,108, R$ 119.30 ," R$ 12,884.40 ",Cartão de Crédito
AX3501,2/15/2023,Matriz - SP Capital,Mala,62, R$ 499.19 ," R$ 30,949.78 ",Cartão de Crédito
AX3502,2/15/2023,Filial01 / Vitória - ES,Mochila,17, R$ 630.99 ," R$ 10,726.83 ",Cartão de Crédito
AX3504,2/16/2023,Matriz - SP Capital,Mochila,62, R$ 630.99 ," R$ 39,121.38 ",Cartão de Crédito
AX3507,2/16/2023,Matriz - SP Capital,Carteira,70, R$ 210.00 ," R$ 14,700.00 ",Cartão de Crédito
AX3503,2/16/2023,Matriz - SP Capital,Carteira,34, R$ 210.00 ," R$ 7,140.00 ",Cartão de Crédito
AX3505,2/16/2023,Filial01 / Vitória - ES,Bolsa,29, R$ 999.00 ," R$ 28,971.00 ",Cartão de Crédito
AX3506,2/16/2023,Filial01 / Vitória - ES,Fone,49, R$ 159.00 ," R$ 7,791.00 ",Cartão de Crédito
AX533,2/17/2023,Filial02 / Niterói - RJ,Tênis,18, R$ 320.19 ," R$ 5,763.42 ",Cartão de Crédito
AX536,2/17/2023,Filial02 / Niterói - RJ,Mochila,35, R$ 630.99 ," R$ 22,084.65 ",Cartão de Crédito
AX3509,2/18/2023,Filial01 / Vitória - ES,Fone,21, R$ 159.00 ," R$ 3,339.00 ",Cartão de Crédito
AX3508,2/18/2023,Filial01 / Vitória - ES,Bolsa,51, R$ 999.00 ," R$ 50,949.00 ",Cartão de Crédito
AX555,2/18/2023,Filial02 / Niterói - RJ,Carteira,48, R$ 210.00 ," R$ 10,080.00 ",Cartão de Crédito
AX3510,2/18/2023,Filial01 / Vitória - ES,Garrafa,37, R$ 119.30 ," R$ 4,414.10 ",Cartão de Crédito
AX547,2/18/2023,Filial02 / Niterói - RJ,Garrafa,19, R$ 119.30 ," R$ 2,266.70 ",Cartão de Crédito
AX3513,2/18/2023,Matriz - SP Capital,Mochila,54, R$ 630.99 ," R$ 34,073.46 ",Cartão de Crédito
AX546,2/18/2023,Filial02 / Niterói - RJ,Tênis,51, R$ 320.19 ," R$ 16,329.69 ",Cartão de Crédito
AX3512,2/18/2023,Filial01 / Vitória - ES,Carteira,27, R$ 210.00 ," R$ 5,670.00 ",Cartão de Crédito
AX550,2/18/2023,Filial02 / Niterói - RJ,Mochila,120, R$ 630.99 ," R$ 75,718.80 ",Cartão de Crédito
AX3519,2/19/2023,Matriz - SP Capital,Mala,60, R$ 499.19 ," R$ 29,951.40 ",Cartão de Crédito
AX3520,2/19/2023,Filial01 / Vitória - ES,Mala,28, R$ 499.19 ," R$ 13,977.32 ",Cartão de Crédito
AX561,2/19/2023,Filial02 / Niterói - RJ,Carteira,41, R$ 210.00 ," R$ 8,610.00 ",Cartão de Crédito
AX571,2/19/2023,Filial02 / Niterói - RJ,Bolsa,46, R$ 999.00 ," R$ 45,954.00 ",Cartão de Crédito
AX575,2/19/2023,Filial02 / Niterói - RJ,Boné,39, R$ 160.99 ," R$ 6,278.61 ",Cartão de Crédito
AX3515,2/19/2023,Filial01 / Vitória - ES,Boné,47, R$ 160.99 ," R$ 7,566.53 ",Cartão de Crédito
AX566,2/19/2023,Filial02 / Niterói - RJ,Garrafa,105, R$ 119.30 ," R$ 12,526.50 ",Cartão de Crédito
AX3527,2/20/2023,Filial01 / Vitória - ES,Bolsa,48, R$ 999.00 ," R$ 47,952.00 ",Cartão de Crédito
AX3526,2/20/2023,Filial01 / Vitória - ES,Bolsa,49, R$ 999.00 ," R$ 48,951.00 ",Cartão de Crédito
AX3524,2/20/2023,Filial01 / Vitória - ES,Carteira,49, R$ 210.00 ," R$ 10,290.00 ",Cartão de Crédito
AX591,2/20/2023,Filial02 / Niterói - RJ,Mochila,39, R$ 630.99 ," R$ 24,608.61 ",Cartão de Crédito
AX585,2/20/2023,Filial02 / Niterói - RJ,Fone,93, R$ 159.00 ," R$ 14,787.00 ",Cartão de Crédito
AX3529,2/20/2023,Matriz - SP Capital,Bolsa,100, R$ 999.00 ," R$ 99,900.00 ",Cartão de Crédito
AX594,2/21/2023,Filial02 / Niterói - RJ,Bolsa,46, R$ 999.00 ," R$ 45,954.00 ",Cartão de Crédito
AX601,2/21/2023,Filial02 / Niterói - RJ,Carteira,23, R$ 210.00 ," R$ 4,830.00 ",Cartão de Crédito
AX593,2/21/2023,Filial02 / Niterói - RJ,Garrafa,25, R$ 119.30 ," R$ 2,982.50 ",Cartão de Crédito
AX3532,2/21/2023,Matriz - SP Capital,Garrafa,58, R$ 119.30 ," R$ 6,919.40 ",Cartão de Crédito
AX3535,2/21/2023,Matriz - SP Capital,Garrafa,92, R$ 119.30 ," R$ 10,975.60 ",Cartão de Crédito
AX3537,2/21/2023,Filial01 / Vitória - ES,Mala,16, R$ 499.19 ," R$ 7,987.04 ",Cartão de Crédito
AX3531,2/21/2023,Matriz - SP Capital,Fone,96, R$ 159.00 ," R$ 15,264.00 ",Cartão de Crédito
AX606,2/21/2023,Filial02 / Niterói - RJ,Mochila,16, R$ 630.99 ," R$ 10,095.84 ",Cartão de Crédito
AX3539,2/22/2023,Filial01 / Vitória - ES,Mala,40, R$ 499.19 ," R$ 19,967.60 ",Cartão de Crédito
AX3540,2/22/2023,Matriz - SP Capital,Garrafa,86, R$ 119.30 ," R$ 10,259.80 ",Cartão de Crédito
AX3538,2/22/2023,Matriz - SP Capital,Carteira,188, R$ 210.00 ," R$ 39,480.00 ",Cartão de Crédito
AX3550,2/23/2023,Filial01 / Vitória - ES,Fone,48, R$ 159.00 ," R$ 7,632.00 ",Cartão de Crédito
AX3551,2/23/2023,Matriz - SP Capital,Tênis,98, R$ 320.19 ," R$ 31,378.62 ",Cartão de Crédito
AX3554,2/23/2023,Filial01 / Vitória - ES,Mochila,20, R$ 630.99 ," R$ 12,619.80 ",Cartão de Crédito
AX3547,2/23/2023,Filial01 / Vitória - ES,Garrafa,35, R$ 119.30 ," R$ 4,175.50 ",Cartão de Crédito
AX3553,2/23/2023,Matriz - SP Capital,Tênis,74, R$ 320.19 ," R$ 23,694.06 ",Cartão de Crédito
AX3552,2/23/2023,Matriz - SP Capital,Fone,120, R$ 159.00 ," R$ 19,080.00 ",Cartão de Crédito
AX3542,2/23/2023,Matriz - SP Capital,Fone,104, R$ 159.00 ," R$ 16,536.00 ",Cartão de Crédito
AX3545,2/23/2023,Matriz - SP Capital,Boné,96, R$ 160.99 ," R$ 15,455.04 ",Cartão de Crédito
AX622,2/24/2023,Filial02 / Niterói - RJ,Fone,49, R$ 159.00 ," R$ 7,791.00 ",Transferência/PIX
AX615,2/24/2023,Filial02 / Niterói - RJ,Mala,45, R$ 499.19 ," R$ 22,463.55 ",Transferência/PIX
AX619,2/24/2023,Filial02 / Niterói - RJ,Boné,81, R$ 160.99 ," R$ 13,040.19 ",Transferência/PIX
AX3562,2/25/2023,Filial01 / Vitória - ES,Mochila,34, R$ 630.99 ," R$ 21,453.66 ",Cartão de Crédito
AX3555,2/25/2023,Matriz - SP Capital,Mochila,52, R$ 630.99 ," R$ 32,811.48 ",Cartão de Crédito
AX3558,2/25/2023,Filial01 / Vitória - ES,Bolsa,18, R$ 999.00 ," R$ 17,982.00 ",Cartão de Crédito
AX3567,2/25/2023,Filial01 / Vitória - ES,Boné,22, R$ 160.99 ," R$ 3,541.78 ",Transferência/PIX
AX3568,2/25/2023,Matriz - SP Capital,Mochila,88, R$ 630.99 ," R$ 55,527.12 ",Transferência/PIX
AX3563,2/25/2023,Filial01 / Vitória - ES,Boné,47, R$ 160.99 ," R$ 7,566.53 ",Transferência/PIX
AX3557,2/25/2023,Filial01 / Vitória - ES,Carteira,33, R$ 210.00 ," R$ 6,930.00 ",Transferência/PIX
AX636,2/25/2023,Filial02 / Niterói - RJ,Bolsa,24, R$ 999.00 ," R$ 23,976.00 ",Cartão de Crédito
AX637,2/25/2023,Filial02 / Niterói - RJ,Boné,29, R$ 160.99 ," R$ 4,668.71 ",Cartão de Crédito
AX3561,2/25/2023,Matriz - SP Capital,Bolsa,40, R$ 999.00 ," R$ 39,960.00 ",Cartão de Crédito
AX3564,2/25/2023,Filial01 / Vitória - ES,Mala,52, R$ 499.19 ," R$ 25,957.88 ",Transferência/PIX
AX3559,2/25/2023,Filial01 / Vitória - ES,Garrafa,42, R$ 119.30 ," R$ 5,010.60 ",Cartão de Crédito
AX645,2/26/2023,Filial02 / Niterói - RJ,Mala,45, R$ 499.19 ," R$ 22,463.55 ",Cartão de Crédito
AX643,2/26/2023,Filial02 / Niterói - RJ,Garrafa,33, R$ 119.30 ," R$ 3,936.90 ",Cartão de Crédito
AX3572,2/26/2023,Matriz - SP Capital,Boné,64, R$ 160.99 ," R$ 10,303.36 ",Transferência/PIX
AX648,2/26/2023,Filial02 / Niterói - RJ,Mochila,25, R$ 630.99 ," R$ 15,774.75 ",Transferência/PIX
AX3580,2/27/2023,Matriz - SP Capital,Mochila,94, R$ 630.99 ," R$ 59,313.06 ",Cartão de Crédito
AX3579,2/27/2023,Filial01 / Vitória - ES,Fone,20, R$ 159.00 ," R$ 3,180.00 ",Cartão de Crédito
AX3577,2/27/2023,Filial01 / Vitória - ES,Bolsa,22, R$ 999.00 ," R$ 21,978.00 ",Cartão de Crédito
AX653,2/27/2023,Filial02 / Niterói - RJ,Mala,15, R$ 499.19 ," R$ 7,487.85 ",Transferência/PIX
AX3576,2/27/2023,Filial01 / Vitória - ES,Bolsa,48, R$ 999.00 ," R$ 47,952.00 ",Transferência/PIX
AX3578,2/27/2023,Matriz - SP Capital,Mochila,94, R$ 630.99 ," R$ 59,313.06 ",Transferência/PIX
AX657,2/27/2023,Filial02 / Niterói - RJ,Bolsa,52, R$ 999.00 ," R$ 51,948.00 ",Transferência/PIX
AX3581,2/27/2023,Filial01 / Vitória - ES,Garrafa,48, R$ 119.30 ," R$ 5,726.40 ",Transferência/PIX
AX665,2/28/2023,Filial02 / Niterói - RJ,Fone,39, R$ 159.00 ," R$ 6,201.00 ",Transferência/PIX
AX3587,2/28/2023,Matriz - SP Capital,Mochila,120, R$ 630.99 ," R$ 75,718.80 ",Transferência/PIX
AX3586,2/28/2023,Filial01 / Vitória - ES,Mochila,17, R$ 630.99 ," R$ 10,726.83 ",Cartão de Crédito
AX3588,2/28/2023,Filial01 / Vitória - ES,Fone,52, R$ 159.00 ," R$ 8,268.00 ",Transferência/PIX
AX3582,2/28/2023,Filial01 / Vitória - ES,Boné,35, R$ 160.99 ," R$ 5,634.65 ",Transferência/PIX
AX663,2/28/2023,Filial02 / Niterói - RJ,Garrafa,35, R$ 119.30 ," R$ 4,175.50 ",Cartão de Crédito
AX3584,2/28/2023,Matriz - SP Capital,Boné,104, R$ 160.99 ," R$ 16,742.96 ",Cartão de Crédito
AX3589,3/1/2023,Matriz - SP Capital,Bolsa,172, R$ 999.00 ," R$ 171,828.00 ",Transferência/PIX
AX3590,3/1/2023,Matriz - SP Capital,Tênis,72, R$ 320.19 ," R$ 23,053.68 ",Transferência/PIX
AX3594,3/1/2023,Filial01 / Vitória - ES,Fone,37, R$ 159.00 ," R$ 5,883.00 ",Cartão de Crédito
AX3592,3/1/2023,Filial01 / Vitória - ES,Mochila,36, R$ 630.99 ," R$ 22,715.64 ",Cartão de Crédito
AX3595,3/1/2023,Filial01 / Vitória - ES,Mala,45, R$ 499.19 ," R$ 22,463.55 ",Transferência/PIX
AX3598,3/1/2023,Filial01 / Vitória - ES,Tênis,49, R$ 320.19 ," R$ 15,689.31 ",Cartão de Crédito
AX3596,3/1/2023,Filial01 / Vitória - ES,Mochila,51, R$ 630.99 ," R$ 32,180.49 ",Transferência/PIX
AX3599,3/1/2023,Matriz - SP Capital,Bolsa,44, R$ 999.00 ," R$ 43,956.00 ",Cartão de Crédito
AX3593,3/1/2023,Matriz - SP Capital,Carteira,66, R$ 210.00 ," R$ 13,860.00 ",Cartão de Crédito
AX3605,3/2/2023,Filial01 / Vitória - ES,Bolsa,18, R$ 999.00 ," R$ 17,982.00 ",Transferência/PIX
AX680,3/2/2023,Filial02 / Niterói - RJ,Mala,25, R$ 499.19 ," R$ 12,479.75 ",Transferência/PIX
AX3607,3/2/2023,Filial01 / Vitória - ES,Fone,30, R$ 159.00 ," R$ 4,770.00 ",Cartão de Crédito
AX676,3/2/2023,Filial02 / Niterói - RJ,Garrafa,32, R$ 119.30 ," R$ 3,817.60 ",Cartão de Crédito
AX3603,3/2/2023,Filial01 / Vitória - ES,Mochila,50, R$ 630.99 ," R$ 31,549.50 ",Transferência/PIX
AX678,3/2/2023,Filial02 / Niterói - RJ,Bolsa,135, R$ 999.00 ," R$ 134,865.00 ",Transferência/PIX
AX3606,3/2/2023,Filial01 / Vitória - ES,Fone,39, R$ 159.00 ," R$ 6,201.00 ",Transferência/PIX
AX692,3/3/2023,Filial02 / Niterói - RJ,Bolsa,30, R$ 999.00 ," R$ 29,970.00 ",Cartão de Crédito
AX698,3/3/2023,Filial02 / Niterói - RJ,Garrafa,31, R$ 119.30 ," R$ 3,698.30 ",Cartão de Crédito
AX689,3/3/2023,Filial02 / Niterói - RJ,Boné,44, R$ 160.99 ," R$ 7,083.56 ",Cartão de Crédito
AX3610,3/4/2023,Filial01 / Vitória - ES,Bolsa,37, R$ 999.00 ," R$ 36,963.00 ",Transferência/PIX
AX710,3/4/2023,Filial02 / Niterói - RJ,Carteira,44, R$ 210.00 ," R$ 9,240.00 ",Transferência/PIX
AX3611,3/4/2023,Filial01 / Vitória - ES,Carteira,44, R$ 210.00 ," R$ 9,240.00 ",Transferência/PIX
AX709,3/4/2023,Filial02 / Niterói - RJ,Fone,37, R$ 159.00 ," R$ 5,883.00 ",Transferência/PIX
AX3608,3/4/2023,Matriz - SP Capital,Bolsa,62, R$ 999.00 ," R$ 61,938.00 ",Cartão de Crédito
AX3613,3/5/2023,Matriz - SP Capital,Fone,46, R$ 159.00 ," R$ 7,314.00 ",Transferência/PIX
AX3618,3/5/2023,Filial01 / Vitória - ES,Mala,32, R$ 499.19 ," R$ 15,974.08 ",Cartão de Crédito
AX3614,3/5/2023,Filial01 / Vitória - ES,Carteira,33, R$ 210.00 ," R$ 6,930.00 ",Cartão de Crédito
AX718,3/5/2023,Filial02 / Niterói - RJ,Fone,150, R$ 159.00 ," R$ 23,850.00 ",Cartão de Crédito
AX3617,3/5/2023,Filial01 / Vitória - ES,Tênis,50, R$ 320.19 ," R$ 16,009.50 ",Cartão de Crédito
AX3616,3/5/2023,Matriz - SP Capital,Fone,200, R$ 159.00 ," R$ 31,800.00 ",Cartão de Crédito
AX3619,3/5/2023,Filial01 / Vitória - ES,Mala,46, R$ 499.19 ," R$ 22,962.74 ",Transferência/PIX
AX730,3/6/2023,Filial02 / Niterói - RJ,Garrafa,36, R$ 119.30 ," R$ 4,294.80 ",Cartão de Crédito
AX732,3/6/2023,Filial02 / Niterói - RJ,Mala,45, R$ 499.19 ," R$ 22,463.55 ",Cartão de Crédito
AX3621,3/6/2023,Filial01 / Vitória - ES,Mala,46, R$ 499.19 ," R$ 22,962.74 ",Transferência/PIX
AX733,3/6/2023,Filial02 / Niterói - RJ,Mochila,28, R$ 630.99 ," R$ 17,667.72 ",Transferência/PIX
AX3620,3/6/2023,Matriz - SP Capital,Mala,200, R$ 499.19 ," R$ 99,838.00 ",Cartão de Crédito
AX726,3/6/2023,Filial02 / Niterói - RJ,Tênis,108, R$ 320.19 ," R$ 34,580.52 ",Transferência/PIX
AX3623,3/6/2023,Matriz - SP Capital,Boné,56, R$ 160.99 ," R$ 9,015.44 ",Transferência/PIX
AX3625,3/7/2023,Filial01 / Vitória - ES,Mochila,27, R$ 630.99 ," R$ 17,036.73 ",Transferência/PIX
AX3633,3/7/2023,Matriz - SP Capital,Carteira,56, R$ 210.00 ," R$ 11,760.00 ",Transferência/PIX
AX3626,3/7/2023,Matriz - SP Capital,Mochila,56, R$ 630.99 ," R$ 35,335.44 ",Transferência/PIX
AX3624,3/7/2023,Matriz - SP Capital,Mochila,52, R$ 630.99 ," R$ 32,811.48 ",Transferência/PIX
AX3632,3/7/2023,Filial01 / Vitória - ES,Fone,31, R$ 159.00 ," R$ 4,929.00 ",Cartão de Crédito
AX744,3/7/2023,Filial02 / Niterói - RJ,Boné,30, R$ 160.99 ," R$ 4,829.70 ",Cartão de Crédito
AX3631,3/7/2023,Filial01 / Vitória - ES,Mala,31, R$ 499.19 ," R$ 15,474.89 ",Transferência/PIX
AX3627,3/7/2023,Filial01 / Vitória - ES,Bolsa,30, R$ 999.00 ," R$ 29,970.00 ",Transferência/PIX
AX745,3/7/2023,Filial02 / Niterói - RJ,Carteira,144, R$ 210.00 ," R$ 30,240.00 ",Cartão de Crédito
AX743,3/7/2023,Filial02 / Niterói - RJ,Mala,90, R$ 499.19 ," R$ 44,927.10 ",Cartão de Crédito
AX736,3/7/2023,Filial02 / Niterói - RJ,Tênis,30, R$ 320.19 ," R$ 9,605.70 ",Transferência/PIX
AX3634,3/7/2023,Matriz - SP Capital,Bolsa,156, R$ 999.00 ," R$ 155,844.00 ",Cartão de Crédito
AX3643,3/8/2023,Matriz - SP Capital,Fone,50, R$ 159.00 ," R$ 7,950.00 ",Cartão de Crédito
AX3639,3/8/2023,Filial01 / Vitória - ES,Mochila,44, R$ 630.99 ," R$ 27,763.56 ",Transferência/PIX
AX3641,3/8/2023,Matriz - SP Capital,Mochila,76, R$ 630.99 ," R$ 47,955.24 ",Transferência/PIX
AX3638,3/8/2023,Matriz - SP Capital,Boné,26, R$ 160.99 ," R$ 4,185.74 ",Cartão de Crédito
AX3636,3/8/2023,Matriz - SP Capital,Carteira,48, R$ 210.00 ," R$ 10,080.00 ",Cartão de Crédito
AX761,3/9/2023,Filial02 / Niterói - RJ,Mochila,28, R$ 630.99 ," R$ 17,667.72 ",Transferência/PIX
AX3646,3/9/2023,Filial01 / Vitória - ES,Garrafa,44, R$ 119.30 ," R$ 5,249.20 ",Cartão de Crédito
AX3649,3/9/2023,Filial01 / Vitória - ES,Mochila,17, R$ 630.99 ," R$ 10,726.83 ",Cartão de Crédito
AX3650,3/9/2023,Filial01 / Vitória - ES,Bolsa,21, R$ 999.00 ," R$ 20,979.00 ",Transferência/PIX
AX3652,3/9/2023,Matriz - SP Capital,Tênis,88, R$ 320.19 ," R$ 28,176.72 ",Transferência/PIX
AX3648,3/9/2023,Matriz - SP Capital,Carteira,36, R$ 210.00 ," R$ 7,560.00 ",Transferência/PIX
AX765,3/9/2023,Filial02 / Niterói - RJ,Mochila,37, R$ 630.99 ," R$ 23,346.63 ",Transferência/PIX
AX3644,3/9/2023,Filial01 / Vitória - ES,Mala,38, R$ 499.19 ," R$ 18,969.22 ",Cartão de Crédito
AX769,3/9/2023,Filial02 / Niterói - RJ,Mochila,45, R$ 630.99 ," R$ 28,394.55 ",Transferência/PIX
AX3651,3/9/2023,Matriz - SP Capital,Bolsa,180, R$ 999.00 ," R$ 179,820.00 ",Transferência/PIX
AX772,3/10/2023,Filial02 / Niterói - RJ,Mala,48, R$ 499.19 ," R$ 23,961.12 ",Transferência/PIX
AX776,3/10/2023,Filial02 / Niterói - RJ,Mala,52, R$ 499.19 ," R$ 25,957.88 ",Transferência/PIX
AX777,3/10/2023,Filial02 / Niterói - RJ,Bolsa,37, R$ 999.00 ," R$ 36,963.00 ",Transferência/PIX
AX771,3/10/2023,Filial02 / Niterói - RJ,Garrafa,141, R$ 119.30 ," R$ 16,821.30 ",Cartão de Crédito
AX778,3/10/2023,Filial02 / Niterói - RJ,Tênis,48, R$ 320.19 ," R$ 15,369.12 ",Cartão de Crédito
AX789,3/11/2023,Filial02 / Niterói - RJ,Fone,33, R$ 159.00 ," R$ 5,247.00 ",Cartão de Crédito
AX786,3/11/2023,Filial02 / Niterói - RJ,Carteira,27, R$ 210.00 ," R$ 5,670.00 ",Transferência/PIX
AX783,3/11/2023,Filial02 / Niterói - RJ,Mochila,15, R$ 630.99 ," R$ 9,464.85 ",Transferência/PIX
AX790,3/11/2023,Filial02 / Niterói - RJ,Bolsa,41, R$ 999.00 ," R$ 40,959.00 ",Cartão de Crédito
AX791,3/11/2023,Filial02 / Niterói - RJ,Garrafa,52, R$ 119.30 ," R$ 6,203.60 ",Cartão de Crédito
AX794,3/11/2023,Filial02 / Niterói - RJ,Tênis,35, R$ 320.19 ," R$ 11,206.65 ",Transferência/PIX
AX3654,3/11/2023,Matriz - SP Capital,Boné,96, R$ 160.99 ," R$ 15,455.04 ",Cartão de Crédito
AX3653,3/11/2023,Matriz - SP Capital,Carteira,100, R$ 210.00 ," R$ 21,000.00 ",Cartão de Crédito
AX3664,3/12/2023,Filial01 / Vitória - ES,Bolsa,30, R$ 999.00 ," R$ 29,970.00 ",Cartão de Crédito
AX3663,3/12/2023,Filial01 / Vitória - ES,Tênis,51, R$ 320.19 ," R$ 16,329.69 ",Cartão de Crédito
AX805,3/12/2023,Filial02 / Niterói - RJ,Mala,51, R$ 499.19 ," R$ 25,458.69 ",Cartão de Crédito
AX797,3/12/2023,Filial02 / Niterói - RJ,Garrafa,36, R$ 119.30 ," R$ 4,294.80 ",Cartão de Crédito
AX3662,3/12/2023,Filial01 / Vitória - ES,Garrafa,39, R$ 119.30 ," R$ 4,652.70 ",Cartão de Crédito
AX798,3/12/2023,Filial02 / Niterói - RJ,Mochila,29, R$ 630.99 ," R$ 18,298.71 ",Cartão de Crédito
AX3669,3/13/2023,Matriz - SP Capital,Mala,54, R$ 499.19 ," R$ 26,956.26 ",Cartão de Crédito
AX3666,3/13/2023,Matriz - SP Capital,Boné,192, R$ 160.99 ," R$ 30,910.08 ",Cartão de Crédito
AX811,3/13/2023,Filial02 / Niterói - RJ,Bolsa,52, R$ 999.00 ," R$ 51,948.00 ",Cartão de Crédito
AX3667,3/13/2023,Filial01 / Vitória - ES,Boné,32, R$ 160.99 ," R$ 5,151.68 ",Cartão de Crédito
AX833,3/14/2023,Filial02 / Niterói - RJ,Fone,38, R$ 159.00 ," R$ 6,042.00 ",Cartão de Crédito
AX823,3/14/2023,Filial02 / Niterói - RJ,Fone,34, R$ 159.00 ," R$ 5,406.00 ",Cartão de Crédito
AX3672,3/14/2023,Filial01 / Vitória - ES,Fone,27, R$ 159.00 ," R$ 4,293.00 ",Cartão de Crédito
AX3671,3/14/2023,Matriz - SP Capital,Tênis,32, R$ 320.19 ," R$ 10,246.08 ",Cartão de Crédito
AX824,3/14/2023,Filial02 / Niterói - RJ,Bolsa,22, R$ 999.00 ," R$ 21,978.00 ",Cartão de Crédito
AX3675,3/14/2023,Filial01 / Vitória - ES,Mala,38, R$ 499.19 ," R$ 18,969.22 ",Cartão de Crédito
AX832,3/14/2023,Filial02 / Niterói - RJ,Bolsa,29, R$ 999.00 ," R$ 28,971.00 ",Cartão de Crédito
AX827,3/14/2023,Filial02 / Niterói - RJ,Garrafa,29, R$ 119.30 ," R$ 3,459.70 ",Cartão de Crédito
AX3670,3/14/2023,Matriz - SP Capital,Mochila,160, R$ 630.99 ," R$ 100,958.40 ",Cartão de Crédito
AX829,3/14/2023,Filial02 / Niterói - RJ,Garrafa,102, R$ 119.30 ," R$ 12,168.60 ",Cartão de Crédito
AX3679,3/15/2023,Filial01 / Vitória - ES,Garrafa,34, R$ 119.30 ," R$ 4,056.20 ",Cartão de Crédito
AX3681,3/16/2023,Filial01 / Vitória - ES,Carteira,43, R$ 210.00 ," R$ 9,030.00 ",Cartão de Crédito
AX3685,3/16/2023,Filial01 / Vitória - ES,Boné,27, R$ 160.99 ," R$ 4,346.73 ",Cartão de Crédito
AX844,3/16/2023,Filial02 / Niterói - RJ,Boné,43, R$ 160.99 ," R$ 6,922.57 ",Cartão de Crédito
AX841,3/16/2023,Filial02 / Niterói - RJ,Mala,75, R$ 499.19 ," R$ 37,439.25 ",Cartão de Crédito
AX3683,3/16/2023,Filial01 / Vitória - ES,Boné,31, R$ 160.99 ," R$ 4,990.69 ",Cartão de Crédito
AX845,3/16/2023,Filial02 / Niterói - RJ,Tênis,32, R$ 320.19 ," R$ 10,246.08 ",Cartão de Crédito
AX838,3/16/2023,Filial02 / Niterói - RJ,Boné,36, R$ 160.99 ," R$ 5,795.64 ",Cartão de Crédito
AX846,3/16/2023,Filial02 / Niterói - RJ,Mochila,27, R$ 630.99 ," R$ 17,036.73 ",Cartão de Crédito
AX3682,3/16/2023,Matriz - SP Capital,Garrafa,180, R$ 119.30 ," R$ 21,474.00 ",Cartão de Crédito
AX3680,3/16/2023,Filial01 / Vitória - ES,Mala,27, R$ 499.19 ," R$ 13,478.13 ",Cartão de Crédito
AX856,3/17/2023,Filial02 / Niterói - RJ,Carteira,38, R$ 210.00 ," R$ 7,980.00 ",Cartão de Crédito
AX867,3/17/2023,Filial02 / Niterói - RJ,Boné,17, R$ 160.99 ," R$ 2,736.83 ",Cartão de Crédito
AX853,3/17/2023,Filial02 / Niterói - RJ,Boné,31, R$ 160.99 ," R$ 4,990.69 ",Cartão de Crédito
AX862,3/17/2023,Filial02 / Niterói - RJ,Carteira,150, R$ 210.00 ," R$ 31,500.00 ",Cartão de Crédito
AX3689,3/18/2023,Filial01 / Vitória - ES,Mochila,50, R$ 630.99 ," R$ 31,549.50 ",Cartão de Crédito
AX876,3/18/2023,Filial02 / Niterói - RJ,Carteira,24, R$ 210.00 ," R$ 5,040.00 ",Cartão de Crédito
AX872,3/18/2023,Filial02 / Niterói - RJ,Mala,32, R$ 499.19 ," R$ 15,974.08 ",Cartão de Crédito
AX3687,3/18/2023,Filial01 / Vitória - ES,Bolsa,39, R$ 999.00 ," R$ 38,961.00 ",Cartão de Crédito
AX873,3/18/2023,Filial02 / Niterói - RJ,Tênis,35, R$ 320.19 ," R$ 11,206.65 ",Cartão de Crédito
AX875,3/18/2023,Filial02 / Niterói - RJ,Garrafa,44, R$ 119.30 ," R$ 5,249.20 ",Cartão de Crédito
AX3692,3/18/2023,Matriz - SP Capital,Carteira,56, R$ 210.00 ," R$ 11,760.00 ",Cartão de Crédito
AX870,3/18/2023,Filial02 / Niterói - RJ,Mochila,48, R$ 630.99 ," R$ 30,287.52 ",Cartão de Crédito
AX904,3/19/2023,Filial02 / Niterói - RJ,Carteira,36, R$ 210.00 ," R$ 7,560.00 ",Cartão de Crédito
AX3698,3/19/2023,Filial01 / Vitória - ES,Garrafa,17, R$ 119.30 ," R$ 2,028.10 ",Cartão de Crédito
AX905,3/19/2023,Filial02 / Niterói - RJ,Fone,66, R$ 159.00 ," R$ 10,494.00 ",Cartão de Crédito
AX3695,3/19/2023,Filial01 / Vitória - ES,Tênis,40, R$ 320.19 ," R$ 12,807.60 ",Cartão de Crédito
AX3699,3/19/2023,Filial01 / Vitória - ES,Fone,37, R$ 159.00 ," R$ 5,883.00 ",Cartão de Crédito
AX3700,3/19/2023,Filial01 / Vitória - ES,Boné,23, R$ 160.99 ," R$ 3,702.77 ",Cartão de Crédito
AX902,3/19/2023,Filial02 / Niterói - RJ,Bolsa,43, R$ 999.00 ," R$ 42,957.00 ",Cartão de Crédito
AX3694,3/19/2023,Matriz - SP Capital,Mochila,94, R$ 630.99 ," R$ 59,313.06 ",Cartão de Crédito
AX3702,3/20/2023,Filial01 / Vitória - ES,Bolsa,25, R$ 999.00 ," R$ 24,975.00 ",Cartão de Crédito
AX908,3/20/2023,Filial02 / Niterói - RJ,Tênis,33, R$ 320.19 ," R$ 10,566.27 ",Cartão de Crédito
AX912,3/21/2023,Filial02 / Niterói - RJ,Carteira,45, R$ 210.00 ," R$ 9,450.00 ",Cartão de Crédito
AX920,3/21/2023,Filial02 / Niterói - RJ,Carteira,18, R$ 210.00 ," R$ 3,780.00 ",Cartão de Crédito
AX3712,3/21/2023,Filial01 / Vitória - ES,Mala,29, R$ 499.19 ," R$ 14,476.51 ",Cartão de Crédito
AX911,3/21/2023,Filial02 / Niterói - RJ,Garrafa,35, R$ 119.30 ," R$ 4,175.50 ",Cartão de Crédito
AX3704,3/21/2023,Filial01 / Vitória - ES,Tênis,52, R$ 320.19 ," R$ 16,649.88 ",Cartão de Crédito
AX3711,3/21/2023,Matriz - SP Capital,Carteira,148, R$ 210.00 ," R$ 31,080.00 ",Cartão de Crédito
AX3717,3/22/2023,Filial01 / Vitória - ES,Carteira,46, R$ 210.00 ," R$ 9,660.00 ",Cartão de Crédito
AX3718,3/22/2023,Matriz - SP Capital,Bolsa,88, R$ 999.00 ," R$ 87,912.00 ",Cartão de Crédito
AX3719,3/22/2023,Matriz - SP Capital,Mochila,44, R$ 630.99 ," R$ 27,763.56 ",Cartão de Crédito
AX3715,3/22/2023,Filial01 / Vitória - ES,Mala,45, R$ 499.19 ," R$ 22,463.55 ",Cartão de Crédito
AX3716,3/22/2023,Filial01 / Vitória - ES,Fone,40, R$ 159.00 ," R$ 6,360.00 ",Cartão de Crédito
AX3721,3/22/2023,Matriz - SP Capital,Mala,100, R$ 499.19 ," R$ 49,919.00 ",Cartão de Crédito
AX3720,3/22/2023,Filial01 / Vitória - ES,Boné,27, R$ 160.99 ," R$ 4,346.73 ",Cartão de Crédito
AX3714,3/22/2023,Matriz - SP Capital,Tênis,86, R$ 320.19 ," R$ 27,536.34 ",Cartão de Crédito
AX3724,3/23/2023,Matriz - SP Capital,Bolsa,30, R$ 999.00 ," R$ 29,970.00 ",Cartão de Crédito
AX937,3/23/2023,Filial02 / Niterói - RJ,Mala,24, R$ 499.19 ," R$ 11,980.56 ",Cartão de Crédito
AX3727,3/23/2023,Matriz - SP Capital,Bolsa,50, R$ 999.00 ," R$ 49,950.00 ",Cartão de Crédito
AX933,3/23/2023,Filial02 / Niterói - RJ,Bolsa,135, R$ 999.00 ," R$ 134,865.00 ",Cartão de Crédito
AX928,3/23/2023,Filial02 / Niterói - RJ,Garrafa,21, R$ 119.30 ," R$ 2,505.30 ",Cartão de Crédito
AX3729,3/23/2023,Matriz - SP Capital,Tênis,94, R$ 320.19 ," R$ 30,097.86 ",Cartão de Crédito
AX3726,3/23/2023,Filial01 / Vitória - ES,Bolsa,20, R$ 999.00 ," R$ 19,980.00 ",Cartão de Crédito
AX945,3/23/2023,Filial02 / Niterói - RJ,Tênis,33, R$ 320.19 ," R$ 10,566.27 ",Cartão de Crédito
AX3728,3/23/2023,Matriz - SP Capital,Boné,88, R$ 160.99 ," R$ 14,167.12 ",Cartão de Crédito
AX938,3/23/2023,Filial02 / Niterói - RJ,Tênis,99, R$ 320.19 ," R$ 31,698.81 ",Cartão de Crédito
AX948,3/24/2023,Filial02 / Niterói - RJ,Fone,33, R$ 159.00 ," R$ 5,247.00 ",Cartão de Crédito
AX947,3/24/2023,Filial02 / Niterói - RJ,Garrafa,138, R$ 119.30 ," R$ 16,463.40 ",Cartão de Crédito
AX956,3/25/2023,Filial02 / Niterói - RJ,Boné,16, R$ 160.99 ," R$ 2,575.84 ",Cartão de Crédito
AX3734,3/25/2023,Matriz - SP Capital,Carteira,30, R$ 210.00 ," R$ 6,300.00 ",Cartão de Crédito
AX3735,3/25/2023,Filial01 / Vitória - ES,Garrafa,19, R$ 119.30 ," R$ 2,266.70 ",Cartão de Crédito
AX3731,3/25/2023,Filial01 / Vitória - ES,Tênis,33, R$ 320.19 ," R$ 10,566.27 ",Cartão de Crédito
AX3733,3/25/2023,Matriz - SP Capital,Carteira,40, R$ 210.00 ," R$ 8,400.00 ",Cartão de Crédito
AX960,3/25/2023,Filial02 / Niterói - RJ,Tênis,20, R$ 320.19 ," R$ 6,403.80 ",Cartão de Crédito
AX3737,3/25/2023,Matriz - SP Capital,Mala,80, R$ 499.19 ," R$ 39,935.20 ",Cartão de Crédito
AX3736,3/25/2023,Matriz - SP Capital,Bolsa,164, R$ 999.00 ," R$ 163,836.00 ",Cartão de Crédito
AX3739,3/26/2023,Filial01 / Vitória - ES,Boné,17, R$ 160.99 ," R$ 2,736.83 ",Cartão de Crédito
AX3740,3/26/2023,Filial01 / Vitória - ES,Tênis,24, R$ 320.19 ," R$ 7,684.56 ",Cartão de Crédito
AX974,3/26/2023,Filial02 / Niterói - RJ,Mala,108, R$ 499.19 ," R$ 53,912.52 ",Cartão de Crédito
AX3744,3/26/2023,Matriz - SP Capital,Garrafa,64, R$ 119.30 ," R$ 7,635.20 ",Cartão de Crédito
AX3738,3/26/2023,Filial01 / Vitória - ES,Mala,22, R$ 499.19 ," R$ 10,982.18 ",Cartão de Crédito
AX3741,3/26/2023,Matriz - SP Capital,Bolsa,34, R$ 999.00 ," R$ 33,966.00 ",Cartão de Crédito
AX968,3/26/2023,Filial02 / Niterói - RJ,Garrafa,114, R$ 119.30 ," R$ 13,600.20 ",Transferência/PIX
AX3745,3/27/2023,Matriz - SP Capital,Garrafa,60, R$ 119.30 ," R$ 7,158.00 ",Transferência/PIX
AX3746,3/27/2023,Filial01 / Vitória - ES,Mochila,40, R$ 630.99 ," R$ 25,239.60 ",Transferência/PIX
AX3747,3/27/2023,Filial01 / Vitória - ES,Fone,39, R$ 159.00 ," R$ 6,201.00 ",Cartão de Crédito
AX991,3/28/2023,Filial02 / Niterói - RJ,Fone,31, R$ 159.00 ," R$ 4,929.00 ",Transferência/PIX
AX3757,3/28/2023,Matriz - SP Capital,Bolsa,48, R$ 999.00 ," R$ 47,952.00 ",Cartão de Crédito
AX988,3/28/2023,Filial02 / Niterói - RJ,Bolsa,52, R$ 999.00 ," R$ 51,948.00 ",Cartão de Crédito
AX3753,3/28/2023,Filial01 / Vitória - ES,Tênis,31, R$ 320.19 ," R$ 9,925.89 ",Transferência/PIX
AX3752,3/28/2023,Filial01 / Vitória - ES,Mochila,51, R$ 630.99 ," R$ 32,180.49 ",Transferência/PIX
AX994,3/28/2023,Filial02 / Niterói - RJ,Mala,60, R$ 499.19 ," R$ 29,951.40 ",Transferência/PIX
AX3748,3/28/2023,Matriz - SP Capital,Carteira,86, R$ 210.00 ," R$ 18,060.00 ",Cartão de Crédito
AX3750,3/28/2023,Matriz - SP Capital,Mala,64, R$ 499.19 ," R$ 31,948.16 ",Transferência/PIX
AX3756,3/28/2023,Matriz - SP Capital,Boné,124, R$ 160.99 ," R$ 19,962.76 ",Transferência/PIX
AX3755,3/28/2023,Filial01 / Vitória - ES,Fone,44, R$ 159.00 ," R$ 6,996.00 ",Transferência/PIX
AX3749,3/28/2023,Matriz - SP Capital,Boné,120, R$ 160.99 ," R$ 19,318.80 ",Cartão de Crédito
AX3761,3/29/2023,Filial01 / Vitória - ES,Bolsa,35, R$ 999.00 ," R$ 34,965.00 ",Transferência/PIX
AX3763,3/29/2023,Matriz - SP Capital,Bolsa,42, R$ 999.00 ," R$ 41,958.00 ",Transferência/PIX
AX3762,3/29/2023,Filial01 / Vitória - ES,Mochila,36, R$ 630.99 ," R$ 22,715.64 ",Transferência/PIX
AX3759,3/29/2023,Filial01 / Vitória - ES,Bolsa,42, R$ 999.00 ," R$ 41,958.00 ",Transferência/PIX
AX3760,3/29/2023,Matriz - SP Capital,Carteira,30, R$ 210.00 ," R$ 6,300.00 ",Cartão de Crédito
AX1002,3/30/2023,Filial02 / Niterói - RJ,Fone,141, R$ 159.00 ," R$ 22,419.00 ",Cartão de Crédito
AX1013,3/30/2023,Filial02 / Niterói - RJ,Bolsa,26, R$ 999.00 ," R$ 25,974.00 ",Cartão de Crédito
AX1015,3/30/2023,Filial02 / Niterói - RJ,Fone,60, R$ 159.00 ," R$ 9,540.00 ",Transferência/PIX
AX3766,3/30/2023,Filial01 / Vitória - ES,Tênis,45, R$ 320.19 ," R$ 14,408.55 ",Transferência/PIX
AX1011,3/30/2023,Filial02 / Niterói - RJ,Bolsa,75, R$ 999.00 ," R$ 74,925.00 ",Cartão de Crédito
AX1006,3/30/2023,Filial02 / Niterói - RJ,Garrafa,102, R$ 119.30 ," R$ 12,168.60 ",Cartão de Crédito
AX1023,3/31/2023,Filial02 / Niterói - RJ,Garrafa,27, R$ 119.30 ," R$ 3,221.10 ",Transferência/PIX
AX1038,4/1/2023,Filial02 / Niterói - RJ,Fone,36, R$ 159.00 ," R$ 5,724.00 ",Transferência/PIX
AX1029,4/1/2023,Filial02 / Niterói - RJ,Tênis,15, R$ 320.19 ," R$ 4,802.85 ",Transferência/PIX
AX1033,4/1/2023,Filial02 / Niterói - RJ,Mala,102, R$ 499.19 ," R$ 50,917.38 ",Transferência/PIX
AX1030,4/1/2023,Filial02 / Niterói - RJ,Mochila,34, R$ 630.99 ," R$ 21,453.66 ",Transferência/PIX
AX3769,4/1/2023,Filial01 / Vitória - ES,Mala,47, R$ 499.19 ," R$ 23,461.93 ",Cartão de Crédito
AX3771,4/1/2023,Matriz - SP Capital,Boné,204, R$ 160.99 ," R$ 32,841.96 ",Cartão de Crédito
AX1046,4/2/2023,Filial02 / Niterói - RJ,Carteira,31, R$ 210.00 ," R$ 6,510.00 ",Cartão de Crédito
AX1040,4/2/2023,Filial02 / Niterói - RJ,Bolsa,26, R$ 999.00 ," R$ 25,974.00 ",Transferência/PIX
AX1043,4/2/2023,Filial02 / Niterói - RJ,Mala,50, R$ 499.19 ," R$ 24,959.50 ",Transferência/PIX
AX1056,4/2/2023,Filial02 / Niterói - RJ,Carteira,41, R$ 210.00 ," R$ 8,610.00 ",Cartão de Crédito
AX1048,4/2/2023,Filial02 / Niterói - RJ,Mala,49, R$ 499.19 ," R$ 24,460.31 ",Transferência/PIX
AX1050,4/2/2023,Filial02 / Niterói - RJ,Tênis,16, R$ 320.19 ," R$ 5,123.04 ",Transferência/PIX
AX3777,4/2/2023,Filial01 / Vitória - ES,Boné,32, R$ 160.99 ," R$ 5,151.68 ",Transferência/PIX
AX3781,4/2/2023,Matriz - SP Capital,Bolsa,44, R$ 999.00 ," R$ 43,956.00 ",Transferência/PIX
AX3778,4/2/2023,Filial01 / Vitória - ES,Mochila,38, R$ 630.99 ," R$ 23,977.62 ",Cartão de Crédito
AX3776,4/2/2023,Matriz - SP Capital,Garrafa,164, R$ 119.30 ," R$ 19,565.20 ",Cartão de Crédito
AX3787,4/3/2023,Filial01 / Vitória - ES,Carteira,30, R$ 210.00 ," R$ 6,300.00 ",Cartão de Crédito
AX3783,4/3/2023,Filial01 / Vitória - ES,Mochila,46, R$ 630.99 ," R$ 29,025.54 ",Cartão de Crédito
AX3786,4/3/2023,Matriz - SP Capital,Fone,64, R$ 159.00 ," R$ 10,176.00 ",Transferência/PIX
AX3785,4/3/2023,Matriz - SP Capital,Mala,42, R$ 499.19 ," R$ 20,965.98 ",Transferência/PIX
AX3794,4/4/2023,Filial01 / Vitória - ES,Carteira,16, R$ 210.00 ," R$ 3,360.00 ",Cartão de Crédito
AX1066,4/4/2023,Filial02 / Niterói - RJ,Carteira,99, R$ 210.00 ," R$ 20,790.00 ",Cartão de Crédito
AX1082,4/4/2023,Filial02 / Niterói - RJ,Bolsa,69, R$ 999.00 ," R$ 68,931.00 ",Cartão de Crédito
AX3795,4/4/2023,Matriz - SP Capital,Bolsa,120, R$ 999.00 ," R$ 119,880.00 ",Cartão de Crédito
AX1078,4/4/2023,Filial02 / Niterói - RJ,Carteira,141, R$ 210.00 ," R$ 29,610.00 ",Cartão de Crédito
AX3793,4/4/2023,Filial01 / Vitória - ES,Fone,43, R$ 159.00 ," R$ 6,837.00 ",Transferência/PIX
AX1073,4/4/2023,Filial02 / Niterói - RJ,Mala,129, R$ 499.19 ," R$ 64,395.51 ",Transferência/PIX
AX3796,4/4/2023,Filial01 / Vitória - ES,Carteira,50, R$ 210.00 ," R$ 10,500.00 ",Cartão de Crédito
AX1076,4/4/2023,Filial02 / Niterói - RJ,Tênis,147, R$ 320.19 ," R$ 47,067.93 ",Cartão de Crédito
AX3808,4/5/2023,Filial01 / Vitória - ES,Mochila,41, R$ 630.99 ," R$ 25,870.59 ",Cartão de Crédito
AX3804,4/5/2023,Filial01 / Vitória - ES,Fone,23, R$ 159.00 ," R$ 3,657.00 ",Transferência/PIX
AX3805,4/5/2023,Matriz - SP Capital,Fone,36, R$ 159.00 ," R$ 5,724.00 ",Transferência/PIX
AX3801,4/5/2023,Filial01 / Vitória - ES,Fone,35, R$ 159.00 ," R$ 5,565.00 ",Transferência/PIX
AX3809,4/5/2023,Filial01 / Vitória - ES,Garrafa,35, R$ 119.30 ," R$ 4,175.50 ",Transferência/PIX
AX3803,4/5/2023,Filial01 / Vitória - ES,Fone,33, R$ 159.00 ," R$ 5,247.00 ",Transferência/PIX
AX3799,4/5/2023,Filial01 / Vitória - ES,Mochila,40, R$ 630.99 ," R$ 25,239.60 ",Transferência/PIX
AX3806,4/5/2023,Filial01 / Vitória - ES,Tênis,42, R$ 320.19 ," R$ 13,447.98 ",Transferência/PIX
AX3807,4/5/2023,Matriz - SP Capital,Boné,92, R$ 160.99 ," R$ 14,811.08 ",Transferência/PIX
AX3797,4/5/2023,Filial01 / Vitória - ES,Garrafa,47, R$ 119.30 ," R$ 5,607.10 ",Cartão de Crédito
AX3800,4/5/2023,Matriz - SP Capital,Mochila,80, R$ 630.99 ," R$ 50,479.20 ",Transferência/PIX
AX1092,4/6/2023,Filial02 / Niterói - RJ,Mala,28, R$ 499.19 ," R$ 13,977.32 ",Cartão de Crédito
AX3811,4/6/2023,Matriz - SP Capital,Tênis,56, R$ 320.19 ," R$ 17,930.64 ",Transferência/PIX
AX1088,4/6/2023,Filial02 / Niterói - RJ,Bolsa,36, R$ 999.00 ," R$ 35,964.00 ",Transferência/PIX
AX1090,4/6/2023,Filial02 / Niterói - RJ,Tênis,37, R$ 320.19 ," R$ 11,847.03 ",Transferência/PIX
AX1087,4/6/2023,Filial02 / Niterói - RJ,Tênis,40, R$ 320.19 ," R$ 12,807.60 ",Transferência/PIX
AX1091,4/6/2023,Filial02 / Niterói - RJ,Tênis,78, R$ 320.19 ," R$ 24,974.82 ",Transferência/PIX
AX1110,4/7/2023,Filial02 / Niterói - RJ,Bolsa,40, R$ 999.00 ," R$ 39,960.00 ",Cartão de Crédito
AX1100,4/7/2023,Filial02 / Niterói - RJ,Fone,72, R$ 159.00 ," R$ 11,448.00 ",Transferência/PIX
AX1103,4/7/2023,Filial02 / Niterói - RJ,Garrafa,41, R$ 119.30 ," R$ 4,891.30 ",Transferência/PIX
AX3813,4/8/2023,Filial01 / Vitória - ES,Garrafa,22, R$ 119.30 ," R$ 2,624.60 ",Cartão de Crédito
AX3820,4/8/2023,Matriz - SP Capital,Mochila,68, R$ 630.99 ," R$ 42,907.32 ",Transferência/PIX
AX3815,4/8/2023,Filial01 / Vitória - ES,Fone,27, R$ 159.00 ," R$ 4,293.00 ",Cartão de Crédito
AX3812,4/8/2023,Filial01 / Vitória - ES,Mochila,24, R$ 630.99 ," R$ 15,143.76 ",Transferência/PIX
AX3819,4/8/2023,Filial01 / Vitória - ES,Garrafa,26, R$ 119.30 ," R$ 3,101.80 ",Transferência/PIX
AX3816,4/8/2023,Matriz - SP Capital,Tênis,74, R$ 320.19 ," R$ 23,694.06 ",Cartão de Crédito
AX3814,4/8/2023,Filial01 / Vitória - ES,Tênis,51, R$ 320.19 ," R$ 16,329.69 ",Cartão de Crédito
AX3817,4/8/2023,Matriz - SP Capital,Garrafa,82, R$ 119.30 ," R$ 9,782.60 ",Transferência/PIX
AX1130,4/9/2023,Filial02 / Niterói - RJ,Fone,37, R$ 159.00 ," R$ 5,883.00 ",Transferência/PIX
AX1129,4/9/2023,Filial02 / Niterói - RJ,Fone,45, R$ 159.00 ," R$ 7,155.00 ",Cartão de Crédito
AX3823,4/9/2023,Filial01 / Vitória - ES,Bolsa,35, R$ 999.00 ," R$ 34,965.00 ",Transferência/PIX
AX1132,4/9/2023,Filial02 / Niterói - RJ,Boné,48, R$ 160.99 ," R$ 7,727.52 ",Transferência/PIX
AX1137,4/9/2023,Filial02 / Niterói - RJ,Mala,42, R$ 499.19 ," R$ 20,965.98 ",Transferência/PIX
AX3825,4/9/2023,Matriz - SP Capital,Carteira,88, R$ 210.00 ," R$ 18,480.00 ",Cartão de Crédito
AX1142,4/9/2023,Filial02 / Niterói - RJ,Garrafa,126, R$ 119.30 ," R$ 15,031.80 ",Transferência/PIX
AX1154,4/10/2023,Filial02 / Niterói - RJ,Carteira,39, R$ 210.00 ," R$ 8,190.00 ",Transferência/PIX
AX1150,4/10/2023,Filial02 / Niterói - RJ,Fone,41, R$ 159.00 ," R$ 6,519.00 ",Cartão de Crédito
AX1149,4/10/2023,Filial02 / Niterói - RJ,Boné,20, R$ 160.99 ," R$ 3,219.80 ",Cartão de Crédito
AX3831,4/10/2023,Matriz - SP Capital,Carteira,84, R$ 210.00 ," R$ 17,640.00 ",Transferência/PIX
AX1155,4/10/2023,Filial02 / Niterói - RJ,Mochila,33, R$ 630.99 ," R$ 20,822.67 ",Cartão de Crédito
AX3839,4/11/2023,Filial01 / Vitória - ES,Mochila,19, R$ 630.99 ," R$ 11,988.81 ",Transferência/PIX
AX1162,4/11/2023,Filial02 / Niterói - RJ,Boné,19, R$ 160.99 ," R$ 3,058.81 ",Transferência/PIX
AX1165,4/11/2023,Filial02 / Niterói - RJ,Carteira,51, R$ 210.00 ," R$ 10,710.00 ",Transferência/PIX
AX1157,4/11/2023,Filial02 / Niterói - RJ,Carteira,26, R$ 210.00 ," R$ 5,460.00 ",Transferência/PIX
AX3843,4/11/2023,Filial01 / Vitória - ES,Fone,15, R$ 159.00 ," R$ 2,385.00 ",Cartão de Crédito
AX3841,4/11/2023,Filial01 / Vitória - ES,Carteira,19, R$ 210.00 ," R$ 3,990.00 ",Transferência/PIX
AX3838,4/11/2023,Filial01 / Vitória - ES,Boné,41, R$ 160.99 ," R$ 6,600.59 ",Cartão de Crédito
AX3840,4/11/2023,Matriz - SP Capital,Bolsa,42, R$ 999.00 ," R$ 41,958.00 ",Cartão de Crédito
AX3835,4/11/2023,Filial01 / Vitória - ES,Fone,34, R$ 159.00 ," R$ 5,406.00 ",Transferência/PIX
AX3844,4/11/2023,Matriz - SP Capital,Boné,102, R$ 160.99 ," R$ 16,420.98 ",Transferência/PIX
AX1158,4/11/2023,Filial02 / Niterói - RJ,Garrafa,69, R$ 119.30 ," R$ 8,231.70 ",Cartão de Crédito
AX1164,4/11/2023,Filial02 / Niterói - RJ,Mochila,25, R$ 630.99 ," R$ 15,774.75 ",Transferência/PIX
AX3836,4/11/2023,Matriz - SP Capital,Garrafa,144, R$ 119.30 ," R$ 17,179.20 ",Cartão de Crédito
AX3845,4/12/2023,Filial01 / Vitória - ES,Boné,20, R$ 160.99 ," R$ 3,219.80 ",Transferência/PIX
AX3848,4/12/2023,Filial01 / Vitória - ES,Carteira,40, R$ 210.00 ," R$ 8,400.00 ",Transferência/PIX
AX3851,4/12/2023,Filial01 / Vitória - ES,Boné,15, R$ 160.99 ," R$ 2,414.85 ",Cartão de Crédito
AX3849,4/12/2023,Filial01 / Vitória - ES,Fone,22, R$ 159.00 ," R$ 3,498.00 ",Transferência/PIX
AX3846,4/12/2023,Filial01 / Vitória - ES,Garrafa,26, R$ 119.30 ," R$ 3,101.80 ",Transferência/PIX
AX3847,4/12/2023,Filial01 / Vitória - ES,Fone,50, R$ 159.00 ," R$ 7,950.00 ",Cartão de Crédito
AX3856,4/13/2023,Filial01 / Vitória - ES,Garrafa,16, R$ 119.30 ," R$ 1,908.80 ",Cartão de Crédito
AX1180,4/13/2023,Filial02 / Niterói - RJ,Mala,50, R$ 499.19 ," R$ 24,959.50 ",Transferência/PIX
AX1170,4/13/2023,Filial02 / Niterói - RJ,Garrafa,27, R$ 119.30 ," R$ 3,221.10 ",Transferência/PIX
AX1167,4/13/2023,Filial02 / Niterói - RJ,Garrafa,57, R$ 119.30 ," R$ 6,800.10 ",Transferência/PIX
AX3854,4/13/2023,Matriz - SP Capital,Fone,76, R$ 159.00 ," R$ 12,084.00 ",Transferência/PIX
AX1174,4/13/2023,Filial02 / Niterói - RJ,Garrafa,123, R$ 119.30 ," R$ 14,673.90 ",Transferência/PIX
AX1192,4/14/2023,Filial02 / Niterói - RJ,Mala,15, R$ 499.19 ," R$ 7,487.85 ",Transferência/PIX
AX1191,4/14/2023,Filial02 / Niterói - RJ,Boné,42, R$ 160.99 ," R$ 6,761.58 ",Transferência/PIX
AX1185,4/14/2023,Filial02 / Niterói - RJ,Bolsa,30, R$ 999.00 ," R$ 29,970.00 ",Transferência/PIX
AX1193,4/14/2023,Filial02 / Niterói - RJ,Tênis,43, R$ 320.19 ," R$ 13,768.17 ",Transferência/PIX
AX1190,4/14/2023,Filial02 / Niterói - RJ,Mochila,102, R$ 630.99 ," R$ 64,360.98 ",Transferência/PIX
AX3863,4/15/2023,Filial01 / Vitória - ES,Mochila,52, R$ 630.99 ," R$ 32,811.48 ",Cartão de Crédito
AX1199,4/15/2023,Filial02 / Niterói - RJ,Bolsa,50, R$ 999.00 ," R$ 49,950.00 ",Cartão de Crédito
AX1197,4/15/2023,Filial02 / Niterói - RJ,Carteira,99, R$ 210.00 ," R$ 20,790.00 ",Cartão de Crédito
AX3860,4/15/2023,Matriz - SP Capital,Garrafa,66, R$ 119.30 ," R$ 7,873.80 ",Cartão de Crédito
AX1195,4/15/2023,Filial02 / Niterói - RJ,Garrafa,99, R$ 119.30 ," R$ 11,810.70 ",Cartão de Crédito
AX3861,4/15/2023,Matriz - SP Capital,Bolsa,102, R$ 999.00 ," R$ 101,898.00 ",Transferência/PIX
AX3872,4/16/2023,Filial01 / Vitória - ES,Bolsa,22, R$ 999.00 ," R$ 21,978.00 ",Transferência/PIX
AX3869,4/16/2023,Filial01 / Vitória - ES,Tênis,17, R$ 320.19 ," R$ 5,443.23 ",Cartão de Crédito
AX3868,4/16/2023,Matriz - SP Capital,Carteira,44, R$ 210.00 ," R$ 9,240.00 ",Cartão de Crédito
AX3871,4/16/2023,Filial01 / Vitória - ES,Bolsa,19, R$ 999.00 ," R$ 18,981.00 ",Transferência/PIX
AX3867,4/16/2023,Filial01 / Vitória - ES,Mala,46, R$ 499.19 ," R$ 22,962.74 ",Cartão de Crédito
AX1228,4/17/2023,Filial02 / Niterói - RJ,Bolsa,18, R$ 999.00 ," R$ 17,982.00 ",Cartão de Crédito
AX3875,4/17/2023,Filial01 / Vitória - ES,Bolsa,31, R$ 999.00 ," R$ 30,969.00 ",Transferência/PIX
AX3874,4/17/2023,Filial01 / Vitória - ES,Carteira,48, R$ 210.00 ," R$ 10,080.00 ",Transferência/PIX
AX3873,4/17/2023,Matriz - SP Capital,Mochila,68, R$ 630.99 ," R$ 42,907.32 ",Cartão de Crédito
AX1227,4/17/2023,Filial02 / Niterói - RJ,Boné,147, R$ 160.99 ," R$ 23,665.53 ",Transferência/PIX
AX1243,4/18/2023,Filial02 / Niterói - RJ,Carteira,50, R$ 210.00 ," R$ 10,500.00 ",Cartão de Crédito
AX3880,4/18/2023,Filial01 / Vitória - ES,Tênis,25, R$ 320.19 ," R$ 8,004.75 ",Transferência/PIX
AX1235,4/18/2023,Filial02 / Niterói - RJ,Carteira,150, R$ 210.00 ," R$ 31,500.00 ",Transferência/PIX
AX3881,4/18/2023,Filial01 / Vitória - ES,Bolsa,43, R$ 999.00 ," R$ 42,957.00 ",Cartão de Crédito
AX3884,4/19/2023,Filial01 / Vitória - ES,Bolsa,28, R$ 999.00 ," R$ 27,972.00 ",Transferência/PIX
AX3888,4/20/2023,Filial01 / Vitória - ES,Garrafa,47, R$ 119.30 ," R$ 5,607.10 ",Cartão de Crédito
AX3886,4/20/2023,Filial01 / Vitória - ES,Fone,41, R$ 159.00 ," R$ 6,519.00 ",Cartão de Crédito
AX3887,4/20/2023,Filial01 / Vitória - ES,Mala,19, R$ 499.19 ," R$ 9,484.61 ",Cartão de Crédito
AX1251,4/20/2023,Filial02 / Niterói - RJ,Garrafa,37, R$ 119.30 ," R$ 4,414.10 ",Transferência/PIX
AX1252,4/20/2023,Filial02 / Niterói - RJ,Mochila,24, R$ 630.99 ," R$ 15,143.76 ",Cartão de Crédito
AX1258,4/20/2023,Filial02 / Niterói - RJ,Tênis,150, R$ 320.19 ," R$ 48,028.50 ",Transferência/PIX
AX1262,4/21/2023,Filial02 / Niterói - RJ,Mala,108, R$ 499.19 ," R$ 53,912.52 ",Transferência/PIX
AX1267,4/21/2023,Filial02 / Niterói - RJ,Mochila,108, R$ 630.99 ," R$ 68,146.92 ",Cartão de Crédito
AX1276,4/22/2023,Filial02 / Niterói - RJ,Fone,46, R$ 159.00 ," R$ 7,314.00 ",Cartão de Crédito
AX3897,4/22/2023,Filial01 / Vitória - ES,Carteira,48, R$ 210.00 ," R$ 10,080.00 ",Transferência/PIX
AX1279,4/22/2023,Filial02 / Niterói - RJ,Carteira,36, R$ 210.00 ," R$ 7,560.00 ",Cartão de Crédito
AX1278,4/22/2023,Filial02 / Niterói - RJ,Mala,43, R$ 499.19 ," R$ 21,465.17 ",Transferência/PIX
AX3893,4/22/2023,Matriz - SP Capital,Fone,86, R$ 159.00 ," R$ 13,674.00 ",Cartão de Crédito
AX3895,4/22/2023,Filial01 / Vitória - ES,Fone,48, R$ 159.00 ," R$ 7,632.00 ",Cartão de Crédito
AX1277,4/22/2023,Filial02 / Niterói - RJ,Garrafa,23, R$ 119.30 ," R$ 2,743.90 ",Transferência/PIX
AX3896,4/22/2023,Filial01 / Vitória - ES,Bolsa,47, R$ 999.00 ," R$ 46,953.00 ",Cartão de Crédito
AX1280,4/22/2023,Filial02 / Niterói - RJ,Mala,129, R$ 499.19 ," R$ 64,395.51 ",Cartão de Crédito
AX3906,4/23/2023,Filial01 / Vitória - ES,Bolsa,27, R$ 999.00 ," R$ 26,973.00 ",Cartão de Crédito
AX3901,4/23/2023,Filial01 / Vitória - ES,Carteira,30, R$ 210.00 ," R$ 6,300.00 ",Transferência/PIX
AX3899,4/23/2023,Filial01 / Vitória - ES,Boné,50, R$ 160.99 ," R$ 8,049.50 ",Transferência/PIX
AX1294,4/23/2023,Filial02 / Niterói - RJ,Carteira,150, R$ 210.00 ," R$ 31,500.00 ",Cartão de Crédito
AX1288,4/23/2023,Filial02 / Niterói - RJ,Bolsa,25, R$ 999.00 ," R$ 24,975.00 ",Transferência/PIX
AX1299,4/23/2023,Filial02 / Niterói - RJ,Tênis,38, R$ 320.19 ," R$ 12,167.22 ",Transferência/PIX
AX3907,4/23/2023,Matriz - SP Capital,Bolsa,52, R$ 999.00 ," R$ 51,948.00 ",Transferência/PIX
AX1301,4/23/2023,Filial02 / Niterói - RJ,Bolsa,75, R$ 999.00 ," R$ 74,925.00 ",Transferência/PIX
AX1293,4/23/2023,Filial02 / Niterói - RJ,Tênis,29, R$ 320.19 ," R$ 9,285.51 ",Cartão de Crédito
AX3908,4/23/2023,Matriz - SP Capital,Boné,92, R$ 160.99 ," R$ 14,811.08 ",Cartão de Crédito
AX3914,4/24/2023,Matriz - SP Capital,Garrafa,31, R$ 119.30 ," R$ 3,698.30 ",Cartão de Crédito
AX3913,4/24/2023,Filial01 / Vitória - ES,Carteira,26, R$ 210.00 ," R$ 5,460.00 ",Cartão de Crédito
AX3911,4/24/2023,Filial01 / Vitória - ES,Mala,41, R$ 499.19 ," R$ 20,466.79 ",Cartão de Crédito
AX1332,4/25/2023,Filial02 / Niterói - RJ,Garrafa,17, R$ 119.30 ," R$ 2,028.10 ",Cartão de Crédito
AX3919,4/25/2023,Matriz - SP Capital,Mochila,44, R$ 630.99 ," R$ 27,763.56 ",Cartão de Crédito
AX3916,4/25/2023,Matriz - SP Capital,Mala,208, R$ 499.19 ," R$ 103,831.52 ",Cartão de Crédito
AX3922,4/26/2023,Filial01 / Vitória - ES,Boné,26, R$ 160.99 ," R$ 4,185.74 ",Cartão de Crédito
AX3924,4/26/2023,Matriz - SP Capital,Mala,68, R$ 499.19 ," R$ 33,944.92 ",Cartão de Crédito
AX1335,4/27/2023,Filial02 / Niterói - RJ,Fone,35, R$ 159.00 ," R$ 5,565.00 ",Cartão de Crédito
AX1346,4/27/2023,Filial02 / Niterói - RJ,Bolsa,50, R$ 999.00 ," R$ 49,950.00 ",Cartão de Crédito
AX3926,4/27/2023,Filial01 / Vitória - ES,Fone,34, R$ 159.00 ," R$ 5,406.00 ",Cartão de Crédito
AX1337,4/27/2023,Filial02 / Niterói - RJ,Carteira,93, R$ 210.00 ," R$ 19,530.00 ",Cartão de Crédito
AX1356,4/28/2023,Filial02 / Niterói - RJ,Boné,87, R$ 160.99 ," R$ 14,006.13 ",Cartão de Crédito
AX1358,4/28/2023,Filial02 / Niterói - RJ,Mala,63, R$ 499.19 ," R$ 31,448.97 ",Cartão de Crédito
AX1352,4/28/2023,Filial02 / Niterói - RJ,Mochila,50, R$ 630.99 ," R$ 31,549.50 ",Cartão de Crédito
AX1360,4/28/2023,Filial02 / Niterói - RJ,Mochila,135, R$ 630.99 ," R$ 85,183.65 ",Cartão de Crédito
AX3930,4/29/2023,Filial01 / Vitória - ES,Carteira,20, R$ 210.00 ," R$ 4,200.00 ",Cartão de Crédito
AX3933,4/29/2023,Filial01 / Vitória - ES,Mochila,20, R$ 630.99 ," R$ 12,619.80 ",Cartão de Crédito
AX1369,4/29/2023,Filial02 / Niterói - RJ,Carteira,20, R$ 210.00 ," R$ 4,200.00 ",Cartão de Crédito
AX3928,4/29/2023,Filial01 / Vitória - ES,Bolsa,40, R$ 999.00 ," R$ 39,960.00 ",Cartão de Crédito
AX3929,4/29/2023,Matriz - SP Capital,Garrafa,30, R$ 119.30 ," R$ 3,579.00 ",Cartão de Crédito
AX1365,4/29/2023,Filial02 / Niterói - RJ,Fone,40, R$ 159.00 ," R$ 6,360.00 ",Cartão de Crédito
AX1366,4/29/2023,Filial02 / Niterói - RJ,Tênis,15, R$ 320.19 ," R$ 4,802.85 ",Cartão de Crédito
AX3934,4/29/2023,Filial01 / Vitória - ES,Bolsa,28, R$ 999.00 ," R$ 27,972.00 ",Cartão de Crédito
AX1368,4/29/2023,Filial02 / Niterói - RJ,Bolsa,49, R$ 999.00 ," R$ 48,951.00 ",Cartão de Crédito
AX3931,4/29/2023,Matriz - SP Capital,Fone,100, R$ 159.00 ," R$ 15,900.00 ",Cartão de Crédito
AX3937,4/30/2023,Matriz - SP Capital,Fone,36, R$ 159.00 ," R$ 5,724.00 ",Cartão de Crédito
AX1385,4/30/2023,Filial02 / Niterói - RJ,Bolsa,99, R$ 999.00 ," R$ 98,901.00 ",Cartão de Crédito
AX3940,4/30/2023,Matriz - SP Capital,Mochila,80, R$ 630.99 ," R$ 50,479.20 ",Cartão de Crédito
AX1392,4/30/2023,Filial02 / Niterói - RJ,Tênis,44, R$ 320.19 ," R$ 14,088.36 ",Cartão de Crédito
AX1379,4/30/2023,Filial02 / Niterói - RJ,Boné,49, R$ 160.99 ," R$ 7,888.51 ",Cartão de Crédito
AX3938,4/30/2023,Filial01 / Vitória - ES,Fone,49, R$ 159.00 ," R$ 7,791.00 ",Cartão de Crédito
AX1375,4/30/2023,Filial02 / Niterói - RJ,Bolsa,90, R$ 999.00 ," R$ 89,910.00 ",Cartão de Crédito
AX3943,5/1/2023,Filial01 / Vitória - ES,Mochila,41, R$ 630.99 ," R$ 25,870.59 ",Cartão de Crédito
AX1396,5/1/2023,Filial02 / Niterói - RJ,Bolsa,28, R$ 999.00 ," R$ 27,972.00 ",Cartão de Crédito
AX3948,5/1/2023,Matriz - SP Capital,Tênis,30, R$ 320.19 ," R$ 9,605.70 ",Cartão de Crédito
AX3945,5/1/2023,Filial01 / Vitória - ES,Mala,22, R$ 499.19 ," R$ 10,982.18 ",Cartão de Crédito
AX3942,5/1/2023,Filial01 / Vitória - ES,Fone,32, R$ 159.00 ," R$ 5,088.00 ",Cartão de Crédito
AX1395,5/1/2023,Filial02 / Niterói - RJ,Carteira,57, R$ 210.00 ," R$ 11,970.00 ",Cartão de Crédito
AX1397,5/1/2023,Filial02 / Niterói - RJ,Tênis,22, R$ 320.19 ," R$ 7,044.18 ",Cartão de Crédito
AX1406,5/2/2023,Filial02 / Niterói - RJ,Carteira,117, R$ 210.00 ," R$ 24,570.00 ",Cartão de Crédito
AX3949,5/2/2023,Filial01 / Vitória - ES,Boné,49, R$ 160.99 ," R$ 7,888.51 ",Cartão de Crédito
AX1421,5/2/2023,Filial02 / Niterói - RJ,Mala,34, R$ 499.19 ," R$ 16,972.46 ",Cartão de Crédito
AX3950,5/2/2023,Filial01 / Vitória - ES,Garrafa,19, R$ 119.30 ," R$ 2,266.70 ",Cartão de Crédito
AX3956,5/3/2023,Filial01 / Vitória - ES,Fone,40, R$ 159.00 ," R$ 6,360.00 ",Cartão de Crédito
AX3955,5/3/2023,Filial01 / Vitória - ES,Mala,51, R$ 499.19 ," R$ 25,458.69 ",Cartão de Crédito
AX1428,5/4/2023,Filial02 / Niterói - RJ,Carteira,78, R$ 210.00 ," R$ 16,380.00 ",Cartão de Crédito
AX3961,5/4/2023,Matriz - SP Capital,Garrafa,36, R$ 119.30 ," R$ 4,294.80 ",Cartão de Crédito
AX3958,5/4/2023,Filial01 / Vitória - ES,Carteira,25, R$ 210.00 ," R$ 5,250.00 ",Cartão de Crédito
AX3962,5/4/2023,Filial01 / Vitória - ES,Garrafa,19, R$ 119.30 ," R$ 2,266.70 ",Cartão de Crédito
AX1422,5/4/2023,Filial02 / Niterói - RJ,Garrafa,93, R$ 119.30 ," R$ 11,094.90 ",Cartão de Crédito
AX1432,5/4/2023,Filial02 / Niterói - RJ,Mochila,144, R$ 630.99 ," R$ 90,862.56 ",Cartão de Crédito
AX1429,5/4/2023,Filial02 / Niterói - RJ,Garrafa,114, R$ 119.30 ," R$ 13,600.20 ",Cartão de Crédito
AX3963,5/4/2023,Matriz - SP Capital,Bolsa,148, R$ 999.00 ," R$ 147,852.00 ",Cartão de Crédito
AX1441,5/5/2023,Filial02 / Niterói - RJ,Fone,28, R$ 159.00 ," R$ 4,452.00 ",Cartão de Crédito
AX3972,5/6/2023,Matriz - SP Capital,Bolsa,52, R$ 999.00 ," R$ 51,948.00 ",Cartão de Crédito
AX3968,5/6/2023,Filial01 / Vitória - ES,Carteira,25, R$ 210.00 ," R$ 5,250.00 ",Cartão de Crédito
AX1460,5/6/2023,Filial02 / Niterói - RJ,Carteira,30, R$ 210.00 ," R$ 6,300.00 ",Cartão de Crédito
AX3967,5/6/2023,Filial01 / Vitória - ES,Carteira,33, R$ 210.00 ," R$ 6,930.00 ",Cartão de Crédito
AX1465,5/6/2023,Filial02 / Niterói - RJ,Mala,51, R$ 499.19 ," R$ 25,458.69 ",Cartão de Crédito
AX1458,5/6/2023,Filial02 / Niterói - RJ,Boné,25, R$ 160.99 ," R$ 4,024.75 ",Cartão de Crédito
AX3969,5/6/2023,Matriz - SP Capital,Boné,100, R$ 160.99 ," R$ 16,099.00 ",Cartão de Crédito
AX1454,5/6/2023,Filial02 / Niterói - RJ,Mochila,51, R$ 630.99 ," R$ 32,180.49 ",Cartão de Crédito
AX1471,5/7/2023,Filial02 / Niterói - RJ,Fone,99, R$ 159.00 ," R$ 15,741.00 ",Cartão de Crédito
AX3979,5/7/2023,Filial01 / Vitória - ES,Mala,22, R$ 499.19 ," R$ 10,982.18 ",Cartão de Crédito
AX3974,5/7/2023,Filial01 / Vitória - ES,Mochila,20, R$ 630.99 ," R$ 12,619.80 ",Cartão de Crédito
AX3975,5/7/2023,Filial01 / Vitória - ES,Carteira,29, R$ 210.00 ," R$ 6,090.00 ",Cartão de Crédito
AX3978,5/7/2023,Matriz - SP Capital,Garrafa,36, R$ 119.30 ," R$ 4,294.80 ",Cartão de Crédito
AX1476,5/7/2023,Filial02 / Niterói - RJ,Garrafa,66, R$ 119.30 ," R$ 7,873.80 ",Cartão de Crédito
AX1467,5/7/2023,Filial02 / Niterói - RJ,Garrafa,63, R$ 119.30 ," R$ 7,515.90 ",Transferência/PIX
AX1494,5/8/2023,Filial02 / Niterói - RJ,Mala,49, R$ 499.19 ," R$ 24,460.31 ",Cartão de Crédito
AX3983,5/8/2023,Filial01 / Vitória - ES,Garrafa,44, R$ 119.30 ," R$ 5,249.20 ",Transferência/PIX
AX1489,5/8/2023,Filial02 / Niterói - RJ,Bolsa,35, R$ 999.00 ," R$ 34,965.00 ",Cartão de Crédito
AX1497,5/9/2023,Filial02 / Niterói - RJ,Fone,39, R$ 159.00 ," R$ 6,201.00 ",Cartão de Crédito
AX3991,5/9/2023,Filial01 / Vitória - ES,Fone,50, R$ 159.00 ," R$ 7,950.00 ",Cartão de Crédito
AX3990,5/9/2023,Matriz - SP Capital,Carteira,70, R$ 210.00 ," R$ 14,700.00 ",Cartão de Crédito
AX1500,5/9/2023,Filial02 / Niterói - RJ,Garrafa,45, R$ 119.30 ," R$ 5,368.50 ",Transferência/PIX
AX3988,5/9/2023,Filial01 / Vitória - ES,Tênis,44, R$ 320.19 ," R$ 14,088.36 ",Transferência/PIX
AX3989,5/9/2023,Matriz - SP Capital,Fone,94, R$ 159.00 ," R$ 14,946.00 ",Transferência/PIX
AX1506,5/9/2023,Filial02 / Niterói - RJ,Boné,111, R$ 160.99 ," R$ 17,869.89 ",Cartão de Crédito
AX3997,5/10/2023,Filial01 / Vitória - ES,Mochila,20, R$ 630.99 ," R$ 12,619.80 ",Cartão de Crédito
AX3994,5/10/2023,Filial01 / Vitória - ES,Fone,34, R$ 159.00 ," R$ 5,406.00 ",Transferência/PIX
AX3995,5/10/2023,Filial01 / Vitória - ES,Fone,37, R$ 159.00 ," R$ 5,883.00 ",Cartão de Crédito
AX1516,5/11/2023,Filial02 / Niterói - RJ,Bolsa,38, R$ 999.00 ," R$ 37,962.00 ",Transferência/PIX
AX3999,5/11/2023,Filial01 / Vitória - ES,Bolsa,43, R$ 999.00 ," R$ 42,957.00 ",Transferência/PIX
AX4005,5/11/2023,Filial01 / Vitória - ES,Garrafa,42, R$ 119.30 ," R$ 5,010.60 ",Cartão de Crédito
AX1517,5/11/2023,Filial02 / Niterói - RJ,Bolsa,46, R$ 999.00 ," R$ 45,954.00 ",Transferência/PIX
AX4002,5/11/2023,Filial01 / Vitória - ES,Garrafa,46, R$ 119.30 ," R$ 5,487.80 ",Cartão de Crédito
AX4000,5/11/2023,Filial01 / Vitória - ES,Fone,38, R$ 159.00 ," R$ 6,042.00 ",Transferência/PIX
AX4007,5/11/2023,Filial01 / Vitória - ES,Fone,30, R$ 159.00 ," R$ 4,770.00 ",Cartão de Crédito
AX4006,5/11/2023,Matriz - SP Capital,Tênis,140, R$ 320.19 ," R$ 44,826.60 ",Cartão de Crédito
AX3998,5/11/2023,Matriz - SP Capital,Fone,64, R$ 159.00 ," R$ 10,176.00 ",Cartão de Crédito
AX1524,5/12/2023,Filial02 / Niterói - RJ,Fone,35, R$ 159.00 ," R$ 5,565.00 ",Transferência/PIX
AX1530,5/12/2023,Filial02 / Niterói - RJ,Garrafa,21, R$ 119.30 ," R$ 2,505.30 ",Cartão de Crédito
AX4012,5/13/2023,Filial01 / Vitória - ES,Carteira,44, R$ 210.00 ," R$ 9,240.00 ",Transferência/PIX
AX1536,5/13/2023,Filial02 / Niterói - RJ,Fone,17, R$ 159.00 ," R$ 2,703.00 ",Cartão de Crédito
AX1543,5/13/2023,Filial02 / Niterói - RJ,Carteira,15, R$ 210.00 ," R$ 3,150.00 ",Cartão de Crédito
AX1535,5/13/2023,Filial02 / Niterói - RJ,Boné,37, R$ 160.99 ," R$ 5,956.63 ",Transferência/PIX
AX1539,5/13/2023,Filial02 / Niterói - RJ,Garrafa,40, R$ 119.30 ," R$ 4,772.00 ",Cartão de Crédito
AX4009,5/13/2023,Matriz - SP Capital,Tênis,72, R$ 320.19 ," R$ 23,053.68 ",Transferência/PIX
AX4013,5/14/2023,Filial01 / Vitória - ES,Mochila,41, R$ 630.99 ," R$ 25,870.59 ",Cartão de Crédito
AX4014,5/14/2023,Filial01 / Vitória - ES,Tênis,37, R$ 320.19 ," R$ 11,847.03 ",Transferência/PIX
AX4017,5/14/2023,Matriz - SP Capital,Boné,86, R$ 160.99 ," R$ 13,845.14 ",Transferência/PIX
AX1553,5/14/2023,Filial02 / Niterói - RJ,Bolsa,111, R$ 999.00 ," R$ 110,889.00 ",Transferência/PIX
AX4016,5/14/2023,Matriz - SP Capital,Mala,196, R$ 499.19 ," R$ 97,841.24 ",Cartão de Crédito
AX4018,5/15/2023,Matriz - SP Capital,Carteira,96, R$ 210.00 ," R$ 20,160.00 ",Cartão de Crédito
AX1576,5/15/2023,Filial02 / Niterói - RJ,Garrafa,42, R$ 119.30 ," R$ 5,010.60 ",Transferência/PIX
AX1578,5/15/2023,Filial02 / Niterói - RJ,Mala,52, R$ 499.19 ," R$ 25,957.88 ",Transferência/PIX
AX4023,5/15/2023,Matriz - SP Capital,Mochila,188, R$ 630.99 ," R$ 118,626.12 ",Transferência/PIX
AX4027,5/16/2023,Filial01 / Vitória - ES,Tênis,45, R$ 320.19 ," R$ 14,408.55 ",Cartão de Crédito
AX4028,5/16/2023,Filial01 / Vitória - ES,Mala,34, R$ 499.19 ," R$ 16,972.46 ",Cartão de Crédito
AX4030,5/16/2023,Filial01 / Vitória - ES,Mala,39, R$ 499.19 ," R$ 19,468.41 ",Transferência/PIX
AX4034,5/16/2023,Filial01 / Vitória - ES,Boné,38, R$ 160.99 ," R$ 6,117.62 ",Cartão de Crédito
AX4026,5/16/2023,Filial01 / Vitória - ES,Mochila,35, R$ 630.99 ," R$ 22,084.65 ",Transferência/PIX
AX4032,5/16/2023,Filial01 / Vitória - ES,Mochila,47, R$ 630.99 ," R$ 29,656.53 ",Transferência/PIX
AX1588,5/16/2023,Filial02 / Niterói - RJ,Bolsa,35, R$ 999.00 ," R$ 34,965.00 ",Cartão de Crédito
AX1584,5/16/2023,Filial02 / Niterói - RJ,Mochila,46, R$ 630.99 ," R$ 29,025.54 ",Transferência/PIX
AX4042,5/17/2023,Filial01 / Vitória - ES,Carteira,20, R$ 210.00 ," R$ 4,200.00 ",Transferência/PIX
AX4039,5/17/2023,Filial01 / Vitória - ES,Carteira,42, R$ 210.00 ," R$ 8,820.00 ",Cartão de Crédito
AX4043,5/17/2023,Filial01 / Vitória - ES,Tênis,31, R$ 320.19 ," R$ 9,925.89 ",Cartão de Crédito
AX4035,5/17/2023,Filial01 / Vitória - ES,Bolsa,35, R$ 999.00 ," R$ 34,965.00 ",Transferência/PIX
AX4036,5/17/2023,Filial01 / Vitória - ES,Fone,46, R$ 159.00 ," R$ 7,314.00 ",Transferência/PIX
AX4047,5/17/2023,Filial01 / Vitória - ES,Mochila,29, R$ 630.99 ," R$ 18,298.71 ",Transferência/PIX
AX4038,5/17/2023,Filial01 / Vitória - ES,Mochila,27, R$ 630.99 ," R$ 17,036.73 ",Transferência/PIX
AX4040,5/17/2023,Filial01 / Vitória - ES,Fone,44, R$ 159.00 ," R$ 6,996.00 ",Cartão de Crédito
AX4041,5/17/2023,Filial01 / Vitória - ES,Mochila,26, R$ 630.99 ," R$ 16,405.74 ",Cartão de Crédito
AX1606,5/18/2023,Filial02 / Niterói - RJ,Carteira,17, R$ 210.00 ," R$ 3,570.00 ",Transferência/PIX
AX1598,5/18/2023,Filial02 / Niterói - RJ,Carteira,39, R$ 210.00 ," R$ 8,190.00 ",Cartão de Crédito
AX4052,5/18/2023,Matriz - SP Capital,Mochila,38, R$ 630.99 ," R$ 23,977.62 ",Cartão de Crédito
AX4056,5/18/2023,Matriz - SP Capital,Mochila,96, R$ 630.99 ," R$ 60,575.04 ",Cartão de Crédito
AX4048,5/18/2023,Filial01 / Vitória - ES,Boné,39, R$ 160.99 ," R$ 6,278.61 ",Transferência/PIX
AX4051,5/18/2023,Filial01 / Vitória - ES,Mochila,29, R$ 630.99 ," R$ 18,298.71 ",Cartão de Crédito
AX1613,5/18/2023,Filial02 / Niterói - RJ,Tênis,20, R$ 320.19 ," R$ 6,403.80 ",Cartão de Crédito
AX4054,5/18/2023,Filial01 / Vitória - ES,Mala,52, R$ 499.19 ," R$ 25,957.88 ",Cartão de Crédito
AX4049,5/18/2023,Filial01 / Vitória - ES,Boné,43, R$ 160.99 ," R$ 6,922.57 ",Transferência/PIX
AX1615,5/19/2023,Filial02 / Niterói - RJ,Bolsa,15, R$ 999.00 ," R$ 14,985.00 ",Cartão de Crédito
AX1623,5/19/2023,Filial02 / Niterói - RJ,Carteira,21, R$ 210.00 ," R$ 4,410.00 ",Cartão de Crédito
AX1616,5/19/2023,Filial02 / Niterói - RJ,Carteira,28, R$ 210.00 ," R$ 5,880.00 ",Cartão de Crédito
AX1624,5/19/2023,Filial02 / Niterói - RJ,Bolsa,52, R$ 999.00 ," R$ 51,948.00 ",Cartão de Crédito
AX1626,5/19/2023,Filial02 / Niterói - RJ,Fone,72, R$ 159.00 ," R$ 11,448.00 ",Transferência/PIX
AX1619,5/19/2023,Filial02 / Niterói - RJ,Tênis,34, R$ 320.19 ," R$ 10,886.46 ",Transferência/PIX
AX4061,5/20/2023,Filial01 / Vitória - ES,Boné,32, R$ 160.99 ," R$ 5,151.68 ",Cartão de Crédito
AX4059,5/20/2023,Matriz - SP Capital,Tênis,172, R$ 320.19 ," R$ 55,072.68 ",Cartão de Crédito
AX1649,5/21/2023,Filial02 / Niterói - RJ,Fone,51, R$ 159.00 ," R$ 8,109.00 ",Transferência/PIX
AX1638,5/21/2023,Filial02 / Niterói - RJ,Fone,48, R$ 159.00 ," R$ 7,632.00 ",Transferência/PIX
AX1644,5/21/2023,Filial02 / Niterói - RJ,Carteira,22, R$ 210.00 ," R$ 4,620.00 ",Transferência/PIX
AX1650,5/21/2023,Filial02 / Niterói - RJ,Garrafa,38, R$ 119.30 ," R$ 4,533.40 ",Cartão de Crédito
AX4070,5/21/2023,Matriz - SP Capital,Bolsa,40, R$ 999.00 ," R$ 39,960.00 ",Transferência/PIX
AX1639,5/21/2023,Filial02 / Niterói - RJ,Boné,27, R$ 160.99 ," R$ 4,346.73 ",Transferência/PIX
AX4066,5/21/2023,Matriz - SP Capital,Carteira,29, R$ 210.00 ," R$ 6,090.00 ",Cartão de Crédito
AX1646,5/21/2023,Filial02 / Niterói - RJ,Mochila,36, R$ 630.99 ," R$ 22,715.64 ",Transferência/PIX
AX4069,5/21/2023,Matriz - SP Capital,Fone,76, R$ 159.00 ," R$ 12,084.00 ",Transferência/PIX
AX4063,5/21/2023,Matriz - SP Capital,Mochila,88, R$ 630.99 ," R$ 55,527.12 ",Transferência/PIX
AX4072,5/22/2023,Filial01 / Vitória - ES,Tênis,18, R$ 320.19 ," R$ 5,763.42 ",Cartão de Crédito
AX4071,5/22/2023,Matriz - SP Capital,Garrafa,70, R$ 119.30 ," R$ 8,351.00 ",Cartão de Crédito
AX1675,5/23/2023,Filial02 / Niterói - RJ,Fone,30, R$ 159.00 ," R$ 4,770.00 ",Cartão de Crédito
AX4079,5/23/2023,Filial01 / Vitória - ES,Fone,30, R$ 159.00 ," R$ 4,770.00 ",Cartão de Crédito
AX4078,5/23/2023,Matriz - SP Capital,Mochila,34, R$ 630.99 ," R$ 21,453.66 ",Transferência/PIX
AX1661,5/23/2023,Filial02 / Niterói - RJ,Bolsa,50, R$ 999.00 ," R$ 49,950.00 ",Cartão de Crédito
AX1673,5/23/2023,Filial02 / Niterói - RJ,Mala,33, R$ 499.19 ," R$ 16,473.27 ",Transferência/PIX
AX4077,5/23/2023,Matriz - SP Capital,Garrafa,32, R$ 119.30 ," R$ 3,817.60 ",Transferência/PIX
AX1664,5/23/2023,Filial02 / Niterói - RJ,Bolsa,44, R$ 999.00 ," R$ 43,956.00 ",Cartão de Crédito
AX4073,5/23/2023,Filial01 / Vitória - ES,Fone,37, R$ 159.00 ," R$ 5,883.00 ",Cartão de Crédito
AX1674,5/23/2023,Filial02 / Niterói - RJ,Bolsa,26, R$ 999.00 ," R$ 25,974.00 ",Cartão de Crédito
AX4074,5/23/2023,Matriz - SP Capital,Tênis,82, R$ 320.19 ," R$ 26,255.58 ",Cartão de Crédito
AX4081,5/24/2023,Filial01 / Vitória - ES,Mala,27, R$ 499.19 ," R$ 13,478.13 ",Transferência/PIX
AX4091,5/25/2023,Matriz - SP Capital,Bolsa,78, R$ 999.00 ," R$ 77,922.00 ",Cartão de Crédito
AX1686,5/25/2023,Filial02 / Niterói - RJ,Carteira,60, R$ 210.00 ," R$ 12,600.00 ",Transferência/PIX
AX4087,5/25/2023,Filial01 / Vitória - ES,Fone,19, R$ 159.00 ," R$ 3,021.00 ",Cartão de Crédito
AX1684,5/25/2023,Filial02 / Niterói - RJ,Tênis,37, R$ 320.19 ," R$ 11,847.03 ",Cartão de Crédito
AX4085,5/25/2023,Matriz - SP Capital,Mala,176, R$ 499.19 ," R$ 87,857.44 ",Transferência/PIX
AX1702,5/26/2023,Filial02 / Niterói - RJ,Fone,40, R$ 159.00 ," R$ 6,360.00 ",Cartão de Crédito
AX1700,5/26/2023,Filial02 / Niterói - RJ,Mala,31, R$ 499.19 ," R$ 15,474.89 ",Transferência/PIX
AX1709,5/26/2023,Filial02 / Niterói - RJ,Tênis,35, R$ 320.19 ," R$ 11,206.65 ",Transferência/PIX
AX1692,5/26/2023,Filial02 / Niterói - RJ,Tênis,50, R$ 320.19 ," R$ 16,009.50 ",Cartão de Crédito
AX1708,5/26/2023,Filial02 / Niterói - RJ,Mochila,29, R$ 630.99 ," R$ 18,298.71 ",Transferência/PIX
AX4092,5/27/2023,Filial01 / Vitória - ES,Carteira,43, R$ 210.00 ," R$ 9,030.00 ",Transferência/PIX
AX4096,5/27/2023,Matriz - SP Capital,Bolsa,38, R$ 999.00 ," R$ 37,962.00 ",Transferência/PIX
AX1715,5/27/2023,Filial02 / Niterói - RJ,Garrafa,44, R$ 119.30 ," R$ 5,249.20 ",Cartão de Crédito
AX4095,5/27/2023,Matriz - SP Capital,Fone,72, R$ 159.00 ," R$ 11,448.00 ",Cartão de Crédito
AX4100,5/28/2023,Filial01 / Vitória - ES,Boné,44, R$ 160.99 ," R$ 7,083.56 ",Cartão de Crédito
AX4101,5/28/2023,Matriz - SP Capital,Garrafa,60, R$ 119.30 ," R$ 7,158.00 ",Transferência/PIX
AX1731,5/28/2023,Filial02 / Niterói - RJ,Garrafa,41, R$ 119.30 ," R$ 4,891.30 ",Cartão de Crédito
AX4098,5/28/2023,Filial01 / Vitória - ES,Carteira,36, R$ 210.00 ," R$ 7,560.00 ",Cartão de Crédito
AX4099,5/28/2023,Matriz - SP Capital,Garrafa,56, R$ 119.30 ," R$ 6,680.80 ",Transferência/PIX
AX1743,5/29/2023,Filial02 / Niterói - RJ,Carteira,29, R$ 210.00 ," R$ 6,090.00 ",Cartão de Crédito
AX4107,5/29/2023,Filial01 / Vitória - ES,Mochila,22, R$ 630.99 ," R$ 13,881.78 ",Cartão de Crédito
AX1742,5/29/2023,Filial02 / Niterói - RJ,Fone,49, R$ 159.00 ," R$ 7,791.00 ",Transferência/PIX
AX1748,5/29/2023,Filial02 / Niterói - RJ,Mochila,22, R$ 630.99 ," R$ 13,881.78 ",Transferência/PIX
AX4106,5/29/2023,Filial01 / Vitória - ES,Carteira,38, R$ 210.00 ," R$ 7,980.00 ",Cartão de Crédito
AX4102,5/29/2023,Filial01 / Vitória - ES,Mala,28, R$ 499.19 ," R$ 13,977.32 ",Cartão de Crédito
AX4104,5/29/2023,Matriz - SP Capital,Bolsa,68, R$ 999.00 ," R$ 67,932.00 ",Cartão de Crédito
AX4105,5/29/2023,Matriz - SP Capital,Fone,92, R$ 159.00 ," R$ 14,628.00 ",Transferência/PIX
AX4110,5/30/2023,Filial01 / Vitória - ES,Fone,27, R$ 159.00 ," R$ 4,293.00 ",Cartão de Crédito
AX1757,5/30/2023,Filial02 / Niterói - RJ,Fone,60, R$ 159.00 ," R$ 9,540.00 ",Cartão de Crédito
AX1758,5/30/2023,Filial02 / Niterói - RJ,Mala,81, R$ 499.19 ," R$ 40,434.39 ",Cartão de Crédito
AX4115,5/30/2023,Filial01 / Vitória - ES,Mochila,37, R$ 630.99 ," R$ 23,346.63 ",Transferência/PIX
AX1762,5/30/2023,Filial02 / Niterói - RJ,Bolsa,43, R$ 999.00 ," R$ 42,957.00 ",Cartão de Crédito
AX1768,5/30/2023,Filial02 / Niterói - RJ,Carteira,54, R$ 210.00 ," R$ 11,340.00 ",Transferência/PIX
AX4111,5/30/2023,Filial01 / Vitória - ES,Bolsa,37, R$ 999.00 ," R$ 36,963.00 ",Cartão de Crédito
AX1753,5/30/2023,Filial02 / Niterói - RJ,Mochila,32, R$ 630.99 ," R$ 20,191.68 ",Cartão de Crédito
AX4109,5/30/2023,Matriz - SP Capital,Mala,80, R$ 499.19 ," R$ 39,935.20 ",Cartão de Crédito
AX1756,5/30/2023,Filial02 / Niterói - RJ,Bolsa,78, R$ 999.00 ," R$ 77,922.00 ",Cartão de Crédito
AX1763,5/30/2023,Filial02 / Niterói - RJ,Tênis,141, R$ 320.19 ," R$ 45,146.79 ",Transferência/PIX
AX4119,5/31/2023,Filial01 / Vitória - ES,Tênis,36, R$ 320.19 ," R$ 11,526.84 ",Transferência/PIX
AX4116,5/31/2023,Filial01 / Vitória - ES,Mala,41, R$ 499.19 ," R$ 20,466.79 ",Cartão de Crédito
AX4121,5/31/2023,Matriz - SP Capital,Boné,96, R$ 160.99 ," R$ 15,455.04 ",Transferência/PIX
AX4117,5/31/2023,Filial01 / Vitória - ES,Garrafa,46, R$ 119.30 ," R$ 5,487.80 ",Transferência/PIX
AX1775,6/1/2023,Filial02 / Niterói - RJ,Carteira,48, R$ 210.00 ," R$ 10,080.00 ",Transferência/PIX
AX4129,6/1/2023,Matriz - SP Capital,Mochila,102, R$ 630.99 ," R$ 64,360.98 ",Transferência/PIX
AX4125,6/1/2023,Filial01 / Vitória - ES,Garrafa,16, R$ 119.30 ," R$ 1,908.80 ",Transferência/PIX
AX4127,6/1/2023,Matriz - SP Capital,Boné,50, R$ 160.99 ," R$ 8,049.50 ",Cartão de Crédito
AX4128,6/1/2023,Matriz - SP Capital,Tênis,96, R$ 320.19 ," R$ 30,738.24 ",Transferência/PIX
AX4122,6/1/2023,Filial01 / Vitória - ES,Carteira,31, R$ 210.00 ," R$ 6,510.00 ",Cartão de Crédito
AX4124,6/1/2023,Matriz - SP Capital,Mala,184, R$ 499.19 ," R$ 91,850.96 ",Cartão de Crédito
AX1779,6/2/2023,Filial02 / Niterói - RJ,Fone,31, R$ 159.00 ," R$ 4,929.00 ",Transferência/PIX
AX1778,6/2/2023,Filial02 / Niterói - RJ,Boné,16, R$ 160.99 ," R$ 2,575.84 ",Cartão de Crédito
AX1785,6/2/2023,Filial02 / Niterói - RJ,Carteira,105, R$ 210.00 ," R$ 22,050.00 ",Transferência/PIX
AX4131,6/3/2023,Filial01 / Vitória - ES,Mochila,27, R$ 630.99 ," R$ 17,036.73 ",Cartão de Crédito
AX1801,6/3/2023,Filial02 / Niterói - RJ,Fone,23, R$ 159.00 ," R$ 3,657.00 ",Transferência/PIX
AX1816,6/3/2023,Filial02 / Niterói - RJ,Mala,25, R$ 499.19 ," R$ 12,479.75 ",Transferência/PIX
AX1814,6/3/2023,Filial02 / Niterói - RJ,Fone,35, R$ 159.00 ," R$ 5,565.00 ",Transferência/PIX
AX1808,6/3/2023,Filial02 / Niterói - RJ,Fone,26, R$ 159.00 ," R$ 4,134.00 ",Transferência/PIX
AX1811,6/3/2023,Filial02 / Niterói - RJ,Fone,38, R$ 159.00 ," R$ 6,042.00 ",Transferência/PIX
AX1812,6/3/2023,Filial02 / Niterói - RJ,Boné,30, R$ 160.99 ," R$ 4,829.70 ",Transferência/PIX
AX1798,6/3/2023,Filial02 / Niterói - RJ,Boné,30, R$ 160.99 ," R$ 4,829.70 ",Cartão de Crédito
AX4132,6/3/2023,Matriz - SP Capital,Carteira,70, R$ 210.00 ," R$ 14,700.00 ",Cartão de Crédito
AX4134,6/3/2023,Filial01 / Vitória - ES,Fone,39, R$ 159.00 ," R$ 6,201.00 ",Transferência/PIX
AX4133,6/3/2023,Filial01 / Vitória - ES,Carteira,46, R$ 210.00 ," R$ 9,660.00 ",Cartão de Crédito
AX1809,6/3/2023,Filial02 / Niterói - RJ,Boné,129, R$ 160.99 ," R$ 20,767.71 ",Transferência/PIX
AX4140,6/4/2023,Filial01 / Vitória - ES,Carteira,32, R$ 210.00 ," R$ 6,720.00 ",Transferência/PIX
AX4143,6/4/2023,Matriz - SP Capital,Boné,98, R$ 160.99 ," R$ 15,777.02 ",Transferência/PIX
AX4138,6/4/2023,Matriz - SP Capital,Carteira,140, R$ 210.00 ," R$ 29,400.00 ",Transferência/PIX
AX4146,6/5/2023,Matriz - SP Capital,Mochila,66, R$ 630.99 ," R$ 41,645.34 ",Transferência/PIX
AX1835,6/5/2023,Filial02 / Niterói - RJ,Carteira,51, R$ 210.00 ," R$ 10,710.00 ",Cartão de Crédito
AX1846,6/5/2023,Filial02 / Niterói - RJ,Garrafa,34, R$ 119.30 ," R$ 4,056.20 ",Cartão de Crédito
AX4148,6/5/2023,Matriz - SP Capital,Mala,64, R$ 499.19 ," R$ 31,948.16 ",Cartão de Crédito
AX1852,6/6/2023,Filial02 / Niterói - RJ,Mala,37, R$ 499.19 ," R$ 18,470.03 ",Cartão de Crédito
AX4149,6/6/2023,Matriz - SP Capital,Tênis,36, R$ 320.19 ," R$ 11,526.84 ",Transferência/PIX
AX4151,6/6/2023,Matriz - SP Capital,Garrafa,68, R$ 119.30 ," R$ 8,112.40 ",Cartão de Crédito
AX1855,6/6/2023,Filial02 / Niterói - RJ,Mochila,42, R$ 630.99 ," R$ 26,501.58 ",Cartão de Crédito
AX4152,6/6/2023,Matriz - SP Capital,Carteira,102, R$ 210.00 ," R$ 21,420.00 ",Cartão de Crédito
AX4160,6/7/2023,Filial01 / Vitória - ES,Mochila,18, R$ 630.99 ," R$ 11,357.82 ",Transferência/PIX
AX4162,6/7/2023,Filial01 / Vitória - ES,Garrafa,16, R$ 119.30 ," R$ 1,908.80 ",Cartão de Crédito
AX4159,6/7/2023,Filial01 / Vitória - ES,Fone,33, R$ 159.00 ," R$ 5,247.00 ",Cartão de Crédito
AX4161,6/7/2023,Filial01 / Vitória - ES,Boné,24, R$ 160.99 ," R$ 3,863.76 ",Cartão de Crédito
AX4158,6/7/2023,Filial01 / Vitória - ES,Garrafa,29, R$ 119.30 ," R$ 3,459.70 ",Transferência/PIX
AX4157,6/7/2023,Filial01 / Vitória - ES,Mochila,41, R$ 630.99 ," R$ 25,870.59 ",Transferência/PIX
AX4164,6/8/2023,Filial01 / Vitória - ES,Bolsa,21, R$ 999.00 ," R$ 20,979.00 ",Transferência/PIX
AX4166,6/8/2023,Filial01 / Vitória - ES,Mochila,39, R$ 630.99 ," R$ 24,608.61 ",Transferência/PIX
AX1869,6/8/2023,Filial02 / Niterói - RJ,Boné,18, R$ 160.99 ," R$ 2,897.82 ",Transferência/PIX
AX1862,6/8/2023,Filial02 / Niterói - RJ,Mala,45, R$ 499.19 ," R$ 22,463.55 ",Cartão de Crédito
AX4165,6/8/2023,Filial01 / Vitória - ES,Fone,19, R$ 159.00 ," R$ 3,021.00 ",Transferência/PIX
AX4163,6/8/2023,Filial01 / Vitória - ES,Tênis,19, R$ 320.19 ," R$ 6,083.61 ",Cartão de Crédito
AX4167,6/8/2023,Filial01 / Vitória - ES,Mala,22, R$ 499.19 ," R$ 10,982.18 ",Transferência/PIX
AX1873,6/8/2023,Filial02 / Niterói - RJ,Tênis,25, R$ 320.19 ," R$ 8,004.75 ",Transferência/PIX
AX1865,6/8/2023,Filial02 / Niterói - RJ,Garrafa,39, R$ 119.30 ," R$ 4,652.70 ",Cartão de Crédito
AX1879,6/9/2023,Filial02 / Niterói - RJ,Garrafa,17, R$ 119.30 ," R$ 2,028.10 ",Cartão de Crédito
AX1902,6/10/2023,Filial02 / Niterói - RJ,Tênis,44, R$ 320.19 ," R$ 14,088.36 ",Transferência/PIX
AX4175,6/10/2023,Matriz - SP Capital,Garrafa,66, R$ 119.30 ," R$ 7,873.80 ",Transferência/PIX
AX4172,6/10/2023,Matriz - SP Capital,Tênis,70, R$ 320.19 ," R$ 22,413.30 ",Cartão de Crédito
AX4169,6/10/2023,Matriz - SP Capital,Fone,164, R$ 159.00 ," R$ 26,076.00 ",Cartão de Crédito
AX1897,6/10/2023,Filial02 / Niterói - RJ,Mochila,69, R$ 630.99 ," R$ 43,538.31 ",Transferência/PIX
AX4173,6/10/2023,Filial01 / Vitória - ES,Tênis,23, R$ 320.19 ," R$ 7,364.37 ",Cartão de Crédito
AX4176,6/10/2023,Matriz - SP Capital,Carteira,68, R$ 210.00 ," R$ 14,280.00 ",Cartão de Crédito
AX1904,6/11/2023,Filial02 / Niterói - RJ,Fone,25, R$ 159.00 ," R$ 3,975.00 ",Transferência/PIX
AX1903,6/11/2023,Filial02 / Niterói - RJ,Carteira,46, R$ 210.00 ," R$ 9,660.00 ",Cartão de Crédito
AX4184,6/11/2023,Matriz - SP Capital,Carteira,58, R$ 210.00 ," R$ 12,180.00 ",Transferência/PIX
AX1909,6/11/2023,Filial02 / Niterói - RJ,Mala,30, R$ 499.19 ," R$ 14,975.70 ",Transferência/PIX
AX1907,6/11/2023,Filial02 / Niterói - RJ,Carteira,28, R$ 210.00 ," R$ 5,880.00 ",Transferência/PIX
AX4183,6/11/2023,Filial01 / Vitória - ES,Garrafa,41, R$ 119.30 ," R$ 4,891.30 ",Cartão de Crédito
AX4180,6/11/2023,Filial01 / Vitória - ES,Boné,34, R$ 160.99 ," R$ 5,473.66 ",Cartão de Crédito
AX4182,6/11/2023,Filial01 / Vitória - ES,Tênis,31, R$ 320.19 ," R$ 9,925.89 ",Transferência/PIX
AX4189,6/12/2023,Filial01 / Vitória - ES,Boné,46, R$ 160.99 ," R$ 7,405.54 ",Cartão de Crédito
AX4187,6/12/2023,Filial01 / Vitória - ES,Carteira,43, R$ 210.00 ," R$ 9,030.00 ",Transferência/PIX
AX1914,6/12/2023,Filial02 / Niterói - RJ,Boné,135, R$ 160.99 ," R$ 21,733.65 ",Transferência/PIX
AX4192,6/13/2023,Filial01 / Vitória - ES,Tênis,31, R$ 320.19 ," R$ 9,925.89 ",Transferência/PIX
AX4191,6/13/2023,Filial01 / Vitória - ES,Mala,44, R$ 499.19 ," R$ 21,964.36 ",Cartão de Crédito
AX4196,6/13/2023,Filial01 / Vitória - ES,Mochila,20, R$ 630.99 ," R$ 12,619.80 ",Cartão de Crédito
AX1920,6/13/2023,Filial02 / Niterói - RJ,Carteira,44, R$ 210.00 ," R$ 9,240.00 ",Transferência/PIX
AX1924,6/13/2023,Filial02 / Niterói - RJ,Garrafa,32, R$ 119.30 ," R$ 3,817.60 ",Transferência/PIX
AX4201,6/14/2023,Matriz - SP Capital,Mala,38, R$ 499.19 ," R$ 18,969.22 ",Cartão de Crédito
AX4203,6/14/2023,Matriz - SP Capital,Tênis,32, R$ 320.19 ," R$ 10,246.08 ",Transferência/PIX
AX4200,6/14/2023,Filial01 / Vitória - ES,Fone,41, R$ 159.00 ," R$ 6,519.00 ",Cartão de Crédito
AX4202,6/14/2023,Matriz - SP Capital,Tênis,136, R$ 320.19 ," R$ 43,545.84 ",Cartão de Crédito
AX4209,6/15/2023,Filial01 / Vitória - ES,Boné,31, R$ 160.99 ," R$ 4,990.69 ",Transferência/PIX
AX4208,6/15/2023,Filial01 / Vitória - ES,Mala,29, R$ 499.19 ," R$ 14,476.51 ",Transferência/PIX
AX1937,6/15/2023,Filial02 / Niterói - RJ,Boné,19, R$ 160.99 ," R$ 3,058.81 ",Transferência/PIX
AX4206,6/15/2023,Matriz - SP Capital,Mala,84, R$ 499.19 ," R$ 41,931.96 ",Transferência/PIX
AX1940,6/15/2023,Filial02 / Niterói - RJ,Mochila,34, R$ 630.99 ," R$ 21,453.66 ",Cartão de Crédito
AX1949,6/16/2023,Filial02 / Niterói - RJ,Boné,15, R$ 160.99 ," R$ 2,414.85 ",Cartão de Crédito
AX4216,6/17/2023,Filial01 / Vitória - ES,Tênis,18, R$ 320.19 ," R$ 5,763.42 ",Cartão de Crédito
AX1962,6/17/2023,Filial02 / Niterói - RJ,Mala,45, R$ 499.19 ," R$ 22,463.55 ",Transferência/PIX
AX1958,6/17/2023,Filial02 / Niterói - RJ,Mala,49, R$ 499.19 ," R$ 24,460.31 ",Cartão de Crédito
AX4220,6/17/2023,Filial01 / Vitória - ES,Garrafa,51, R$ 119.30 ," R$ 6,084.30 ",Cartão de Crédito
AX4217,6/17/2023,Filial01 / Vitória - ES,Fone,31, R$ 159.00 ," R$ 4,929.00 ",Cartão de Crédito
AX4214,6/17/2023,Matriz - SP Capital,Mala,32, R$ 499.19 ," R$ 15,974.08 ",Transferência/PIX
AX4215,6/17/2023,Matriz - SP Capital,Tênis,100, R$ 320.19 ," R$ 32,019.00 ",Cartão de Crédito
AX4213,6/17/2023,Filial01 / Vitória - ES,Fone,42, R$ 159.00 ," R$ 6,678.00 ",Cartão de Crédito
AX4223,6/18/2023,Filial01 / Vitória - ES,Garrafa,47, R$ 119.30 ," R$ 5,607.10 ",Cartão de Crédito
AX4222,6/18/2023,Matriz - SP Capital,Tênis,44, R$ 320.19 ," R$ 14,088.36 ",Transferência/PIX
AX4221,6/18/2023,Filial01 / Vitória - ES,Mala,49, R$ 499.19 ," R$ 24,460.31 ",Transferência/PIX
AX1982,6/18/2023,Filial02 / Niterói - RJ,Mochila,16, R$ 630.99 ," R$ 10,095.84 ",Cartão de Crédito
AX1977,6/18/2023,Filial02 / Niterói - RJ,Tênis,102, R$ 320.19 ," R$ 32,659.38 ",Cartão de Crédito
AX1988,6/19/2023,Filial02 / Niterói - RJ,Bolsa,17, R$ 999.00 ," R$ 16,983.00 ",Transferência/PIX
AX1998,6/19/2023,Filial02 / Niterói - RJ,Carteira,18, R$ 210.00 ," R$ 3,780.00 ",Cartão de Crédito
AX4230,6/19/2023,Filial01 / Vitória - ES,Bolsa,21, R$ 999.00 ," R$ 20,979.00 ",Cartão de Crédito
AX1987,6/19/2023,Filial02 / Niterói - RJ,Fone,45, R$ 159.00 ," R$ 7,155.00 ",Cartão de Crédito
AX1996,6/19/2023,Filial02 / Niterói - RJ,Boné,43, R$ 160.99 ," R$ 6,922.57 ",Cartão de Crédito
AX1991,6/19/2023,Filial02 / Niterói - RJ,Garrafa,27, R$ 119.30 ," R$ 3,221.10 ",Transferência/PIX
AX1994,6/19/2023,Filial02 / Niterói - RJ,Fone,123, R$ 159.00 ," R$ 19,557.00 ",Transferência/PIX
AX1993,6/19/2023,Filial02 / Niterói - RJ,Boné,24, R$ 160.99 ," R$ 3,863.76 ",Cartão de Crédito
AX4225,6/19/2023,Matriz - SP Capital,Fone,84, R$ 159.00 ," R$ 13,356.00 ",Cartão de Crédito
AX4224,6/19/2023,Matriz - SP Capital,Garrafa,152, R$ 119.30 ," R$ 18,133.60 ",Cartão de Crédito
AX2001,6/20/2023,Filial02 / Niterói - RJ,Fone,31, R$ 159.00 ," R$ 4,929.00 ",Transferência/PIX
AX1999,6/20/2023,Filial02 / Niterói - RJ,Mala,41, R$ 499.19 ," R$ 20,466.79 ",Cartão de Crédito
AX4232,6/20/2023,Filial01 / Vitória - ES,Mochila,32, R$ 630.99 ," R$ 20,191.68 ",Transferência/PIX
AX4233,6/20/2023,Matriz - SP Capital,Boné,82, R$ 160.99 ," R$ 13,201.18 ",Transferência/PIX
AX2000,6/20/2023,Filial02 / Niterói - RJ,Mala,45, R$ 499.19 ," R$ 22,463.55 ",Cartão de Crédito
AX4235,6/20/2023,Filial01 / Vitória - ES,Mala,52, R$ 499.19 ," R$ 25,957.88 ",Transferência/PIX
AX2008,6/20/2023,Filial02 / Niterói - RJ,Tênis,32, R$ 320.19 ," R$ 10,246.08 ",Cartão de Crédito
AX4234,6/20/2023,Filial01 / Vitória - ES,Carteira,42, R$ 210.00 ," R$ 8,820.00 ",Transferência/PIX
AX2005,6/20/2023,Filial02 / Niterói - RJ,Mochila,40, R$ 630.99 ," R$ 25,239.60 ",Transferência/PIX
AX4240,6/21/2023,Filial01 / Vitória - ES,Bolsa,26, R$ 999.00 ," R$ 25,974.00 ",Transferência/PIX
AX4236,6/21/2023,Filial01 / Vitória - ES,Boné,20, R$ 160.99 ," R$ 3,219.80 ",Transferência/PIX
AX4239,6/21/2023,Filial01 / Vitória - ES,Boné,40, R$ 160.99 ," R$ 6,439.60 ",Cartão de Crédito
AX4237,6/21/2023,Matriz - SP Capital,Tênis,96, R$ 320.19 ," R$ 30,738.24 ",Cartão de Crédito
AX4246,6/22/2023,Filial01 / Vitória - ES,Fone,16, R$ 159.00 ," R$ 2,544.00 ",Cartão de Crédito
AX4245,6/22/2023,Matriz - SP Capital,Garrafa,136, R$ 119.30 ," R$ 16,224.80 ",Cartão de Crédito
AX2037,6/22/2023,Filial02 / Niterói - RJ,Mochila,42, R$ 630.99 ," R$ 26,501.58 ",Cartão de Crédito
AX2041,6/23/2023,Filial02 / Niterói - RJ,Bolsa,41, R$ 999.00 ," R$ 40,959.00 ",Cartão de Crédito
AX2040,6/23/2023,Filial02 / Niterói - RJ,Bolsa,17, R$ 999.00 ," R$ 16,983.00 ",Transferência/PIX
AX2045,6/23/2023,Filial02 / Niterói - RJ,Mochila,63, R$ 630.99 ," R$ 39,752.37 ",Cartão de Crédito
AX4253,6/24/2023,Filial01 / Vitória - ES,Mochila,45, R$ 630.99 ," R$ 28,394.55 ",Cartão de Crédito
AX2060,6/24/2023,Filial02 / Niterói - RJ,Mala,27, R$ 499.19 ," R$ 13,478.13 ",Cartão de Crédito
AX4255,6/24/2023,Matriz - SP Capital,Bolsa,54, R$ 999.00 ," R$ 53,946.00 ",Transferência/PIX
AX4254,6/24/2023,Filial01 / Vitória - ES,Tênis,36, R$ 320.19 ," R$ 11,526.84 ",Cartão de Crédito
AX2058,6/24/2023,Filial02 / Niterói - RJ,Garrafa,32, R$ 119.30 ," R$ 3,817.60 ",Cartão de Crédito
AX4252,6/24/2023,Filial01 / Vitória - ES,Garrafa,51, R$ 119.30 ," R$ 6,084.30 ",Transferência/PIX
AX2053,6/24/2023,Filial02 / Niterói - RJ,Boné,66, R$ 160.99 ," R$ 10,625.34 ",Cartão de Crédito
AX2054,6/24/2023,Filial02 / Niterói - RJ,Garrafa,87, R$ 119.30 ," R$ 10,379.10 ",Transferência/PIX
AX2071,6/25/2023,Filial02 / Niterói - RJ,Mala,30, R$ 499.19 ," R$ 14,975.70 ",Cartão de Crédito
AX2068,6/25/2023,Filial02 / Niterói - RJ,Fone,66, R$ 159.00 ," R$ 10,494.00 ",Transferência/PIX
AX2074,6/25/2023,Filial02 / Niterói - RJ,Mala,25, R$ 499.19 ," R$ 12,479.75 ",Transferência/PIX
AX2077,6/25/2023,Filial02 / Niterói - RJ,Carteira,48, R$ 210.00 ," R$ 10,080.00 ",Transferência/PIX
AX4256,6/25/2023,Filial01 / Vitória - ES,Tênis,39, R$ 320.19 ," R$ 12,487.41 ",Transferência/PIX
AX2066,6/25/2023,Filial02 / Niterói - RJ,Tênis,38, R$ 320.19 ," R$ 12,167.22 ",Transferência/PIX
AX4263,6/26/2023,Filial01 / Vitória - ES,Carteira,32, R$ 210.00 ," R$ 6,720.00 ",Cartão de Crédito
AX4266,6/26/2023,Filial01 / Vitória - ES,Fone,16, R$ 159.00 ," R$ 2,544.00 ",Transferência/PIX
AX2084,6/26/2023,Filial02 / Niterói - RJ,Carteira,23, R$ 210.00 ," R$ 4,830.00 ",Cartão de Crédito
AX4260,6/26/2023,Filial01 / Vitória - ES,Mochila,36, R$ 630.99 ," R$ 22,715.64 ",Cartão de Crédito
AX4261,6/26/2023,Matriz - SP Capital,Mala,188, R$ 499.19 ," R$ 93,847.72 ",Cartão de Crédito
AX4265,6/26/2023,Filial01 / Vitória - ES,Tênis,15, R$ 320.19 ," R$ 4,802.85 ",Cartão de Crédito
AX2083,6/26/2023,Filial02 / Niterói - RJ,Boné,41, R$ 160.99 ," R$ 6,600.59 ",Transferência/PIX
AX4258,6/26/2023,Matriz - SP Capital,Fone,46, R$ 159.00 ," R$ 7,314.00 ",Cartão de Crédito
AX4264,6/26/2023,Filial01 / Vitória - ES,Bolsa,49, R$ 999.00 ," R$ 48,951.00 ",Transferência/PIX
AX2082,6/26/2023,Filial02 / Niterói - RJ,Garrafa,117, R$ 119.30 ," R$ 13,958.10 ",Transferência/PIX
AX4272,6/27/2023,Filial01 / Vitória - ES,Bolsa,40, R$ 999.00 ," R$ 39,960.00 ",Transferência/PIX
AX2105,6/27/2023,Filial02 / Niterói - RJ,Carteira,51, R$ 210.00 ," R$ 10,710.00 ",Cartão de Crédito
AX4275,6/27/2023,Filial01 / Vitória - ES,Mala,17, R$ 499.19 ," R$ 8,486.23 ",Transferência/PIX
AX4278,6/27/2023,Filial01 / Vitória - ES,Mala,51, R$ 499.19 ," R$ 25,458.69 ",Cartão de Crédito
AX4270,6/27/2023,Filial01 / Vitória - ES,Fone,20, R$ 159.00 ," R$ 3,180.00 ",Cartão de Crédito
AX4271,6/27/2023,Matriz - SP Capital,Fone,68, R$ 159.00 ," R$ 10,812.00 ",Cartão de Crédito
AX4277,6/27/2023,Filial01 / Vitória - ES,Mala,46, R$ 499.19 ," R$ 22,962.74 ",Transferência/PIX
AX2104,6/27/2023,Filial02 / Niterói - RJ,Garrafa,138, R$ 119.30 ," R$ 16,463.40 ",Transferência/PIX
AX4273,6/27/2023,Filial01 / Vitória - ES,Carteira,40, R$ 210.00 ," R$ 8,400.00 ",Cartão de Crédito
AX4274,6/27/2023,Filial01 / Vitória - ES,Tênis,17, R$ 320.19 ," R$ 5,443.23 ",Cartão de Crédito
AX4276,6/27/2023,Filial01 / Vitória - ES,Mochila,48, R$ 630.99 ," R$ 30,287.52 ",Cartão de Crédito
AX4279,6/28/2023,Filial01 / Vitória - ES,Boné,17, R$ 160.99 ," R$ 2,736.83 ",Cartão de Crédito
AX4281,6/28/2023,Matriz - SP Capital,Garrafa,45, R$ 119.30 ," R$ 5,368.50 ",Cartão de Crédito
AX2115,6/29/2023,Filial02 / Niterói - RJ,Mala,38, R$ 499.19 ," R$ 18,969.22 ",Cartão de Crédito
AX4289,6/29/2023,Filial01 / Vitória - ES,Bolsa,24, R$ 999.00 ," R$ 23,976.00 ",Cartão de Crédito
AX4283,6/29/2023,Matriz - SP Capital,Fone,152, R$ 159.00 ," R$ 24,168.00 ",Cartão de Crédito
AX4282,6/29/2023,Filial01 / Vitória - ES,Mala,45, R$ 499.19 ," R$ 22,463.55 ",Cartão de Crédito
AX2114,6/29/2023,Filial02 / Niterói - RJ,Tênis,37, R$ 320.19 ," R$ 11,847.03 ",Cartão de Crédito
AX2111,6/29/2023,Filial02 / Niterói - RJ,Garrafa,38, R$ 119.30 ," R$ 4,533.40 ",Cartão de Crédito
AX4287,6/29/2023,Matriz - SP Capital,Garrafa,76, R$ 119.30 ," R$ 9,066.80 ",Cartão de Crédito
AX2122,6/30/2023,Filial02 / Niterói - RJ,Fone,23, R$ 159.00 ," R$ 3,657.00 ",Cartão de Crédito
AX2127,6/30/2023,Filial02 / Niterói - RJ,Fone,153, R$ 159.00 ," R$ 24,327.00 ",Cartão de Crédito
AX2134,6/30/2023,Filial02 / Niterói - RJ,Bolsa,38, R$ 999.00 ," R$ 37,962.00 ",Cartão de Crédito
AX2133,6/30/2023,Filial02 / Niterói - RJ,Garrafa,21, R$ 119.30 ," R$ 2,505.30 ",Cartão de Crédito
AX2128,6/30/2023,Filial02 / Niterói - RJ,Tênis,147, R$ 320.19 ," R$ 47,067.93 ",Cartão de Crédito
AX2130,6/30/2023,Filial02 / Niterói - RJ,Mochila,144, R$ 630.99 ," R$ 90,862.56 ",Cartão de Crédito
AX2144,7/1/2023,Filial02 / Niterói - RJ,Mala,27, R$ 499.19 ," R$ 13,478.13 ",Cartão de Crédito
AX4293,7/1/2023,Filial01 / Vitória - ES,Fone,42, R$ 159.00 ," R$ 6,678.00 ",Cartão de Crédito
AX4295,7/1/2023,Filial01 / Vitória - ES,Boné,45, R$ 160.99 ," R$ 7,244.55 ",Cartão de Crédito
AX4296,7/1/2023,Filial01 / Vitória - ES,Bolsa,38, R$ 999.00 ," R$ 37,962.00 ",Cartão de Crédito
AX2147,7/1/2023,Filial02 / Niterói - RJ,Mochila,41, R$ 630.99 ," R$ 25,870.59 ",Cartão de Crédito
AX4301,7/2/2023,Filial01 / Vitória - ES,Bolsa,21, R$ 999.00 ," R$ 20,979.00 ",Cartão de Crédito
AX2153,7/2/2023,Filial02 / Niterói - RJ,Carteira,38, R$ 210.00 ," R$ 7,980.00 ",Cartão de Crédito
AX4299,7/2/2023,Filial01 / Vitória - ES,Mochila,46, R$ 630.99 ," R$ 29,025.54 ",Cartão de Crédito
AX4297,7/2/2023,Matriz - SP Capital,Garrafa,60, R$ 119.30 ," R$ 7,158.00 ",Cartão de Crédito
AX4306,7/3/2023,Filial01 / Vitória - ES,Mochila,36, R$ 630.99 ," R$ 22,715.64 ",Cartão de Crédito
AX4304,7/3/2023,Matriz - SP Capital,Mochila,50, R$ 630.99 ," R$ 31,549.50 ",Cartão de Crédito
AX4303,7/3/2023,Matriz - SP Capital,Tênis,68, R$ 320.19 ," R$ 21,772.92 ",Cartão de Crédito
AX4307,7/3/2023,Matriz - SP Capital,Mala,136, R$ 499.19 ," R$ 67,889.84 ",Cartão de Crédito
AX4314,7/4/2023,Matriz - SP Capital,Bolsa,72, R$ 999.00 ," R$ 71,928.00 ",Cartão de Crédito
AX2169,7/4/2023,Filial02 / Niterói - RJ,Mochila,16, R$ 630.99 ," R$ 10,095.84 ",Cartão de Crédito
AX4313,7/4/2023,Filial01 / Vitória - ES,Mochila,19, R$ 630.99 ," R$ 11,988.81 ",Cartão de Crédito
AX4310,7/4/2023,Filial01 / Vitória - ES,Tênis,42, R$ 320.19 ," R$ 13,447.98 ",Cartão de Crédito
AX4315,7/4/2023,Filial01 / Vitória - ES,Boné,35, R$ 160.99 ," R$ 5,634.65 ",Cartão de Crédito
AX2166,7/4/2023,Filial02 / Niterói - RJ,Fone,126, R$ 159.00 ," R$ 20,034.00 ",Cartão de Crédito
AX4317,7/4/2023,Matriz - SP Capital,Mala,76, R$ 499.19 ," R$ 37,938.44 ",Cartão de Crédito
AX4312,7/4/2023,Matriz - SP Capital,Fone,86, R$ 159.00 ," R$ 13,674.00 ",Cartão de Crédito
AX2165,7/4/2023,Filial02 / Niterói - RJ,Garrafa,123, R$ 119.30 ," R$ 14,673.90 ",Cartão de Crédito
AX2167,7/4/2023,Filial02 / Niterói - RJ,Garrafa,129, R$ 119.30 ," R$ 15,389.70 ",Cartão de Crédito
AX4323,7/5/2023,Filial01 / Vitória - ES,Carteira,28, R$ 210.00 ," R$ 5,880.00 ",Cartão de Crédito
AX4320,7/5/2023,Matriz - SP Capital,Carteira,62, R$ 210.00 ," R$ 13,020.00 ",Cartão de Crédito
AX4318,7/5/2023,Filial01 / Vitória - ES,Mala,25, R$ 499.19 ," R$ 12,479.75 ",Cartão de Crédito
AX4321,7/5/2023,Filial01 / Vitória - ES,Carteira,30, R$ 210.00 ," R$ 6,300.00 ",Cartão de Crédito
AX4322,7/5/2023,Matriz - SP Capital,Mala,52, R$ 499.19 ," R$ 25,957.88 ",Cartão de Crédito
AX4324,7/5/2023,Matriz - SP Capital,Tênis,92, R$ 320.19 ," R$ 29,457.48 ",Cartão de Crédito
AX4319,7/5/2023,Filial01 / Vitória - ES,Boné,47, R$ 160.99 ," R$ 7,566.53 ",Cartão de Crédito
AX4326,7/5/2023,Filial01 / Vitória - ES,Tênis,30, R$ 320.19 ," R$ 9,605.70 ",Cartão de Crédito
AX4331,7/6/2023,Filial01 / Vitória - ES,Bolsa,44, R$ 999.00 ," R$ 43,956.00 ",Cartão de Crédito
AX4332,7/6/2023,Filial01 / Vitória - ES,Fone,16, R$ 159.00 ," R$ 2,544.00 ",Cartão de Crédito
AX4328,7/6/2023,Filial01 / Vitória - ES,Tênis,15, R$ 320.19 ," R$ 4,802.85 ",Cartão de Crédito
AX4335,7/6/2023,Filial01 / Vitória - ES,Garrafa,32, R$ 119.30 ," R$ 3,817.60 ",Cartão de Crédito
AX4330,7/6/2023,Matriz - SP Capital,Carteira,88, R$ 210.00 ," R$ 18,480.00 ",Cartão de Crédito
AX4336,7/6/2023,Filial01 / Vitória - ES,Mala,51, R$ 499.19 ," R$ 25,458.69 ",Cartão de Crédito
AX2178,7/7/2023,Filial02 / Niterói - RJ,Boné,47, R$ 160.99 ," R$ 7,566.53 ",Cartão de Crédito
AX2179,7/7/2023,Filial02 / Niterói - RJ,Tênis,42, R$ 320.19 ," R$ 13,447.98 ",Cartão de Crédito
AX4337,7/8/2023,Filial01 / Vitória - ES,Bolsa,48, R$ 999.00 ," R$ 47,952.00 ",Cartão de Crédito
AX4340,7/8/2023,Filial01 / Vitória - ES,Boné,46, R$ 160.99 ," R$ 7,405.54 ",Cartão de Crédito
AX4338,7/8/2023,Matriz - SP Capital,Carteira,104, R$ 210.00 ," R$ 21,840.00 ",Cartão de Crédito
AX4344,7/9/2023,Filial01 / Vitória - ES,Boné,46, R$ 160.99 ," R$ 7,405.54 ",Cartão de Crédito
AX4345,7/9/2023,Matriz - SP Capital,Mala,136, R$ 499.19 ," R$ 67,889.84 ",Cartão de Crédito
AX4346,7/9/2023,Filial01 / Vitória - ES,Garrafa,38, R$ 119.30 ," R$ 4,533.40 ",Cartão de Crédito
AX4347,7/9/2023,Filial01 / Vitória - ES,Mala,39, R$ 499.19 ," R$ 19,468.41 ",Cartão de Crédito
AX4342,7/9/2023,Filial01 / Vitória - ES,Carteira,45, R$ 210.00 ," R$ 9,450.00 ",Cartão de Crédito
AX4343,7/9/2023,Filial01 / Vitória - ES,Garrafa,19, R$ 119.30 ," R$ 2,266.70 ",Cartão de Crédito
AX4352,7/10/2023,Filial01 / Vitória - ES,Mochila,15, R$ 630.99 ," R$ 9,464.85 ",Cartão de Crédito
AX2189,7/10/2023,Filial02 / Niterói - RJ,Carteira,22, R$ 210.00 ," R$ 4,620.00 ",Cartão de Crédito
AX4350,7/10/2023,Matriz - SP Capital,Carteira,92, R$ 210.00 ," R$ 19,320.00 ",Cartão de Crédito
AX4349,7/10/2023,Filial01 / Vitória - ES,Boné,30, R$ 160.99 ," R$ 4,829.70 ",Cartão de Crédito
AX2188,7/10/2023,Filial02 / Niterói - RJ,Fone,69, R$ 159.00 ," R$ 10,971.00 ",Cartão de Crédito
AX4357,7/10/2023,Filial01 / Vitória - ES,Bolsa,44, R$ 999.00 ," R$ 43,956.00 ",Cartão de Crédito
AX2190,7/10/2023,Filial02 / Niterói - RJ,Carteira,60, R$ 210.00 ," R$ 12,600.00 ",Cartão de Crédito
AX4353,7/10/2023,Filial01 / Vitória - ES,Garrafa,44, R$ 119.30 ," R$ 5,249.20 ",Cartão de Crédito
AX4348,7/10/2023,Matriz - SP Capital,Tênis,192, R$ 320.19 ," R$ 61,476.48 ",Cartão de Crédito
AX4354,7/10/2023,Matriz - SP Capital,Bolsa,204, R$ 999.00 ," R$ 203,796.00 ",Cartão de Crédito
AX4358,7/11/2023,Filial01 / Vitória - ES,Bolsa,19, R$ 999.00 ," R$ 18,981.00 ",Cartão de Crédito
AX2192,7/11/2023,Filial02 / Niterói - RJ,Mochila,27, R$ 630.99 ," R$ 17,036.73 ",Cartão de Crédito
AX4359,7/11/2023,Matriz - SP Capital,Carteira,128, R$ 210.00 ," R$ 26,880.00 ",Cartão de Crédito
AX4361,7/11/2023,Filial01 / Vitória - ES,Tênis,21, R$ 320.19 ," R$ 6,723.99 ",Cartão de Crédito
AX4360,7/11/2023,Filial01 / Vitória - ES,Tênis,27, R$ 320.19 ," R$ 8,645.13 ",Cartão de Crédito
AX4364,7/12/2023,Matriz - SP Capital,Bolsa,78, R$ 999.00 ," R$ 77,922.00 ",Cartão de Crédito
AX4365,7/12/2023,Filial01 / Vitória - ES,Bolsa,35, R$ 999.00 ," R$ 34,965.00 ",Cartão de Crédito
AX4377,7/13/2023,Filial01 / Vitória - ES,Garrafa,24, R$ 119.30 ," R$ 2,863.20 ",Cartão de Crédito
AX2201,7/13/2023,Filial02 / Niterói - RJ,Fone,24, R$ 159.00 ," R$ 3,816.00 ",Cartão de Crédito
AX4374,7/13/2023,Matriz - SP Capital,Carteira,180, R$ 210.00 ," R$ 37,800.00 ",Cartão de Crédito
AX4369,7/13/2023,Filial01 / Vitória - ES,Carteira,22, R$ 210.00 ," R$ 4,620.00 ",Cartão de Crédito
AX4368,7/13/2023,Filial01 / Vitória - ES,Boné,20, R$ 160.99 ," R$ 3,219.80 ",Cartão de Crédito
AX4371,7/13/2023,Matriz - SP Capital,Mala,38, R$ 499.19 ," R$ 18,969.22 ",Cartão de Crédito
AX4373,7/13/2023,Matriz - SP Capital,Carteira,96, R$ 210.00 ," R$ 20,160.00 ",Cartão de Crédito
AX4370,7/13/2023,Filial01 / Vitória - ES,Carteira,38, R$ 210.00 ," R$ 7,980.00 ",Cartão de Crédito
AX4375,7/13/2023,Matriz - SP Capital,Bolsa,96, R$ 999.00 ," R$ 95,904.00 ",Cartão de Crédito
AX2206,7/14/2023,Filial02 / Niterói - RJ,Carteira,20, R$ 210.00 ," R$ 4,200.00 ",Cartão de Crédito
AX2203,7/14/2023,Filial02 / Niterói - RJ,Garrafa,18, R$ 119.30 ," R$ 2,147.40 ",Cartão de Crédito
AX4380,7/15/2023,Matriz - SP Capital,Mala,41, R$ 499.19 ," R$ 20,466.79 ",Cartão de Crédito
AX4384,7/15/2023,Filial01 / Vitória - ES,Mala,17, R$ 499.19 ," R$ 8,486.23 ",Cartão de Crédito
AX4383,7/15/2023,Filial01 / Vitória - ES,Carteira,28, R$ 210.00 ," R$ 5,880.00 ",Cartão de Crédito
AX4378,7/15/2023,Matriz - SP Capital,Tênis,86, R$ 320.19 ," R$ 27,536.34 ",Cartão de Crédito
AX4379,7/15/2023,Matriz - SP Capital,Tênis,176, R$ 320.19 ," R$ 56,353.44 ",Cartão de Crédito
AX2224,7/16/2023,Filial02 / Niterói - RJ,Fone,25, R$ 159.00 ," R$ 3,975.00 ",Cartão de Crédito
AX4389,7/16/2023,Filial01 / Vitória - ES,Bolsa,22, R$ 999.00 ," R$ 21,978.00 ",Cartão de Crédito
AX2219,7/16/2023,Filial02 / Niterói - RJ,Carteira,22, R$ 210.00 ," R$ 4,620.00 ",Cartão de Crédito
AX2214,7/16/2023,Filial02 / Niterói - RJ,Tênis,19, R$ 320.19 ," R$ 6,083.61 ",Cartão de Crédito
AX4387,7/16/2023,Matriz - SP Capital,Fone,184, R$ 159.00 ," R$ 29,256.00 ",Cartão de Crédito
AX4394,7/16/2023,Filial01 / Vitória - ES,Mala,28, R$ 499.19 ," R$ 13,977.32 ",Cartão de Crédito
AX4390,7/16/2023,Matriz - SP Capital,Garrafa,38, R$ 119.30 ," R$ 4,533.40 ",Cartão de Crédito
AX4392,7/16/2023,Filial01 / Vitória - ES,Tênis,29, R$ 320.19 ," R$ 9,285.51 ",Cartão de Crédito
AX4396,7/17/2023,Filial01 / Vitória - ES,Mochila,52, R$ 630.99 ," R$ 32,811.48 ",Cartão de Crédito
AX4397,7/17/2023,Matriz - SP Capital,Bolsa,86, R$ 999.00 ," R$ 85,914.00 ",Cartão de Crédito
AX4401,7/17/2023,Filial01 / Vitória - ES,Carteira,21, R$ 210.00 ," R$ 4,410.00 ",Cartão de Crédito
AX4400,7/17/2023,Filial01 / Vitória - ES,Fone,35, R$ 159.00 ," R$ 5,565.00 ",Cartão de Crédito
AX2229,7/17/2023,Filial02 / Niterói - RJ,Garrafa,35, R$ 119.30 ," R$ 4,175.50 ",Cartão de Crédito
AX2230,7/17/2023,Filial02 / Niterói - RJ,Mochila,43, R$ 630.99 ," R$ 27,132.57 ",Cartão de Crédito
AX4406,7/18/2023,Filial01 / Vitória - ES,Carteira,21, R$ 210.00 ," R$ 4,410.00 ",Cartão de Crédito
AX4412,7/18/2023,Filial01 / Vitória - ES,Mala,47, R$ 499.19 ," R$ 23,461.93 ",Cartão de Crédito
AX4407,7/18/2023,Filial01 / Vitória - ES,Fone,24, R$ 159.00 ," R$ 3,816.00 ",Cartão de Crédito
AX4409,7/18/2023,Filial01 / Vitória - ES,Tênis,46, R$ 320.19 ," R$ 14,728.74 ",Cartão de Crédito
AX4419,7/19/2023,Matriz - SP Capital,Boné,92, R$ 160.99 ," R$ 14,811.08 ",Cartão de Crédito
AX4416,7/19/2023,Matriz - SP Capital,Fone,52, R$ 159.00 ," R$ 8,268.00 ",Cartão de Crédito
AX4417,7/19/2023,Matriz - SP Capital,Fone,76, R$ 159.00 ," R$ 12,084.00 ",Cartão de Crédito
AX2241,7/20/2023,Filial02 / Niterói - RJ,Carteira,31, R$ 210.00 ," R$ 6,510.00 ",Cartão de Crédito
AX4421,7/20/2023,Filial01 / Vitória - ES,Boné,17, R$ 160.99 ," R$ 2,736.83 ",Cartão de Crédito
AX4424,7/20/2023,Matriz - SP Capital,Mala,52, R$ 499.19 ," R$ 25,957.88 ",Cartão de Crédito
AX4422,7/20/2023,Filial01 / Vitória - ES,Mala,48, R$ 499.19 ," R$ 23,961.12 ",Cartão de Crédito
AX2248,7/20/2023,Filial02 / Niterói - RJ,Tênis,52, R$ 320.19 ," R$ 16,649.88 ",Cartão de Crédito
AX4420,7/20/2023,Filial01 / Vitória - ES,Carteira,44, R$ 210.00 ," R$ 9,240.00 ",Cartão de Crédito
AX4427,7/22/2023,Filial01 / Vitória - ES,Tênis,21, R$ 320.19 ," R$ 6,723.99 ",Cartão de Crédito
AX4429,7/22/2023,Filial01 / Vitória - ES,Mochila,16, R$ 630.99 ," R$ 10,095.84 ",Cartão de Crédito
AX4428,7/22/2023,Filial01 / Vitória - ES,Tênis,32, R$ 320.19 ," R$ 10,246.08 ",Cartão de Crédito
AX4431,7/22/2023,Matriz - SP Capital,Fone,70, R$ 159.00 ," R$ 11,130.00 ",Cartão de Crédito
AX2256,7/22/2023,Filial02 / Niterói - RJ,Tênis,46, R$ 320.19 ," R$ 14,728.74 ",Cartão de Crédito
AX4430,7/22/2023,Matriz - SP Capital,Boné,78, R$ 160.99 ," R$ 12,557.22 ",Cartão de Crédito
AX4435,7/23/2023,Matriz - SP Capital,Carteira,94, R$ 210.00 ," R$ 19,740.00 ",Cartão de Crédito
AX4432,7/23/2023,Filial01 / Vitória - ES,Mala,26, R$ 499.19 ," R$ 12,978.94 ",Cartão de Crédito
AX2266,7/23/2023,Filial02 / Niterói - RJ,Fone,141, R$ 159.00 ," R$ 22,419.00 ",Cartão de Crédito
AX2270,7/23/2023,Filial02 / Niterói - RJ,Mochila,22, R$ 630.99 ," R$ 13,881.78 ",Cartão de Crédito
AX4436,7/23/2023,Matriz - SP Capital,Mochila,88, R$ 630.99 ," R$ 55,527.12 ",Cartão de Crédito
AX4441,7/24/2023,Filial01 / Vitória - ES,Mochila,23, R$ 630.99 ," R$ 14,512.77 ",Cartão de Crédito
AX2271,7/24/2023,Filial02 / Niterói - RJ,Fone,126, R$ 159.00 ," R$ 20,034.00 ",Cartão de Crédito
AX4439,7/24/2023,Matriz - SP Capital,Garrafa,152, R$ 119.30 ," R$ 18,133.60 ",Cartão de Crédito
AX4440,7/24/2023,Filial01 / Vitória - ES,Bolsa,48, R$ 999.00 ," R$ 47,952.00 ",Cartão de Crédito
AX4438,7/24/2023,Matriz - SP Capital,Carteira,38, R$ 210.00 ," R$ 7,980.00 ",Cartão de Crédito
AX4444,7/25/2023,Filial01 / Vitória - ES,Bolsa,36, R$ 999.00 ," R$ 35,964.00 ",Cartão de Crédito
AX4445,7/25/2023,Matriz - SP Capital,Mochila,92, R$ 630.99 ," R$ 58,051.08 ",Cartão de Crédito
AX4446,7/25/2023,Matriz - SP Capital,Carteira,68, R$ 210.00 ," R$ 14,280.00 ",Cartão de Crédito
AX4443,7/25/2023,Matriz - SP Capital,Boné,50, R$ 160.99 ," R$ 8,049.50 ",Cartão de Crédito
AX4448,7/25/2023,Matriz - SP Capital,Carteira,64, R$ 210.00 ," R$ 13,440.00 ",Cartão de Crédito
AX4451,7/26/2023,Matriz - SP Capital,Bolsa,62, R$ 999.00 ," R$ 61,938.00 ",Cartão de Crédito
AX4453,7/26/2023,Filial01 / Vitória - ES,Bolsa,25, R$ 999.00 ," R$ 24,975.00 ",Cartão de Crédito
AX4449,7/26/2023,Filial01 / Vitória - ES,Bolsa,41, R$ 999.00 ," R$ 40,959.00 ",Cartão de Crédito
AX4459,7/27/2023,Filial01 / Vitória - ES,Tênis,37, R$ 320.19 ," R$ 11,847.03 ",Cartão de Crédito
AX4458,7/27/2023,Matriz - SP Capital,Bolsa,48, R$ 999.00 ," R$ 47,952.00 ",Transferência/PIX
AX4457,7/27/2023,Filial01 / Vitória - ES,Mala,51, R$ 499.19 ," R$ 25,458.69 ",Transferência/PIX
AX2294,7/28/2023,Filial02 / Niterói - RJ,Bolsa,23, R$ 999.00 ," R$ 22,977.00 ",Cartão de Crédito
AX2291,7/28/2023,Filial02 / Niterói - RJ,Mochila,72, R$ 630.99 ," R$ 45,431.28 ",Cartão de Crédito
AX2287,7/28/2023,Filial02 / Niterói - RJ,Mochila,135, R$ 630.99 ," R$ 85,183.65 ",Cartão de Crédito
AX4462,7/29/2023,Filial01 / Vitória - ES,Boné,24, R$ 160.99 ," R$ 3,863.76 ",Transferência/PIX
AX2297,7/29/2023,Filial02 / Niterói - RJ,Fone,24, R$ 159.00 ," R$ 3,816.00 ",Transferência/PIX
AX4465,7/29/2023,Filial01 / Vitória - ES,Boné,26, R$ 160.99 ," R$ 4,185.74 ",Cartão de Crédito
AX4466,7/29/2023,Filial01 / Vitória - ES,Garrafa,30, R$ 119.30 ," R$ 3,579.00 ",Cartão de Crédito
AX4463,7/29/2023,Matriz - SP Capital,Garrafa,160, R$ 119.30 ," R$ 19,088.00 ",Cartão de Crédito
AX4469,7/30/2023,Matriz - SP Capital,Mala,86, R$ 499.19 ," R$ 42,930.34 ",Cartão de Crédito
AX2300,7/30/2023,Filial02 / Niterói - RJ,Mala,39, R$ 499.19 ," R$ 19,468.41 ",Transferência/PIX
AX4472,7/30/2023,Filial01 / Vitória - ES,Tênis,29, R$ 320.19 ," R$ 9,285.51 ",Cartão de Crédito
AX2304,7/30/2023,Filial02 / Niterói - RJ,Boné,150, R$ 160.99 ," R$ 24,148.50 ",Transferência/PIX
AX4476,7/31/2023,Filial01 / Vitória - ES,Mochila,34, R$ 630.99 ," R$ 21,453.66 ",Transferência/PIX
AX2308,7/31/2023,Filial02 / Niterói - RJ,Fone,102, R$ 159.00 ," R$ 16,218.00 ",Cartão de Crédito
AX4478,7/31/2023,Filial01 / Vitória - ES,Boné,52, R$ 160.99 ," R$ 8,371.48 ",Cartão de Crédito
AX4474,7/31/2023,Matriz - SP Capital,Bolsa,100, R$ 999.00 ," R$ 99,900.00 ",Cartão de Crédito
AX2315,8/1/2023,Filial02 / Niterói - RJ,Mala,30, R$ 499.19 ," R$ 14,975.70 ",Cartão de Crédito
AX4480,8/1/2023,Matriz - SP Capital,Boné,76, R$ 160.99 ," R$ 12,235.24 ",Transferência/PIX
AX4488,8/1/2023,Matriz - SP Capital,Bolsa,90, R$ 999.00 ," R$ 89,910.00 ",Cartão de Crédito
AX4487,8/1/2023,Filial01 / Vitória - ES,Bolsa,35, R$ 999.00 ," R$ 34,965.00 ",Transferência/PIX
AX4489,8/1/2023,Filial01 / Vitória - ES,Boné,48, R$ 160.99 ," R$ 7,727.52 ",Cartão de Crédito
AX4482,8/1/2023,Matriz - SP Capital,Tênis,44, R$ 320.19 ," R$ 14,088.36 ",Transferência/PIX
AX4486,8/1/2023,Matriz - SP Capital,Carteira,184, R$ 210.00 ," R$ 38,640.00 ",Transferência/PIX
AX4484,8/1/2023,Matriz - SP Capital,Garrafa,116, R$ 119.30 ," R$ 13,838.80 ",Cartão de Crédito
AX4481,8/1/2023,Matriz - SP Capital,Mala,90, R$ 499.19 ," R$ 44,927.10 ",Transferência/PIX
AX4479,8/1/2023,Matriz - SP Capital,Mochila,176, R$ 630.99 ," R$ 111,054.24 ",Transferência/PIX
AX4495,8/2/2023,Filial01 / Vitória - ES,Carteira,19, R$ 210.00 ," R$ 3,990.00 ",Cartão de Crédito
AX4494,8/2/2023,Filial01 / Vitória - ES,Boné,34, R$ 160.99 ," R$ 5,473.66 ",Transferência/PIX
AX2320,8/3/2023,Filial02 / Niterói - RJ,Bolsa,132, R$ 999.00 ," R$ 131,868.00 ",Transferência/PIX
AX4501,8/3/2023,Filial01 / Vitória - ES,Mala,47, R$ 499.19 ," R$ 23,461.93 ",Cartão de Crédito
AX4497,8/3/2023,Filial01 / Vitória - ES,Tênis,22, R$ 320.19 ," R$ 7,044.18 ",Transferência/PIX
AX4499,8/3/2023,Filial01 / Vitória - ES,Boné,33, R$ 160.99 ," R$ 5,312.67 ",Cartão de Crédito
AX4507,8/3/2023,Filial01 / Vitória - ES,Fone,27, R$ 159.00 ," R$ 4,293.00 ",Cartão de Crédito
AX4504,8/3/2023,Filial01 / Vitória - ES,Garrafa,47, R$ 119.30 ," R$ 5,607.10 ",Cartão de Crédito
AX2318,8/3/2023,Filial02 / Niterói - RJ,Garrafa,51, R$ 119.30 ," R$ 6,084.30 ",Transferência/PIX
AX2317,8/3/2023,Filial02 / Niterói - RJ,Carteira,153, R$ 210.00 ," R$ 32,130.00 ",Transferência/PIX
AX4500,8/3/2023,Filial01 / Vitória - ES,Mala,44, R$ 499.19 ," R$ 21,964.36 ",Transferência/PIX
AX4506,8/3/2023,Filial01 / Vitória - ES,Bolsa,51, R$ 999.00 ," R$ 50,949.00 ",Cartão de Crédito
AX2333,8/4/2023,Filial02 / Niterói - RJ,Fone,48, R$ 159.00 ," R$ 7,632.00 ",Cartão de Crédito
AX2327,8/4/2023,Filial02 / Niterói - RJ,Carteira,60, R$ 210.00 ," R$ 12,600.00 ",Transferência/PIX
AX4509,8/5/2023,Filial01 / Vitória - ES,Bolsa,45, R$ 999.00 ," R$ 44,955.00 ",Cartão de Crédito
AX4513,8/5/2023,Matriz - SP Capital,Bolsa,48, R$ 999.00 ," R$ 47,952.00 ",Transferência/PIX
AX4515,8/5/2023,Filial01 / Vitória - ES,Mala,28, R$ 499.19 ," R$ 13,977.32 ",Transferência/PIX
AX4516,8/5/2023,Filial01 / Vitória - ES,Mochila,18, R$ 630.99 ," R$ 11,357.82 ",Cartão de Crédito
AX4508,8/5/2023,Filial01 / Vitória - ES,Tênis,16, R$ 320.19 ," R$ 5,123.04 ",Transferência/PIX
AX4512,8/5/2023,Matriz - SP Capital,Boné,92, R$ 160.99 ," R$ 14,811.08 ",Transferência/PIX
AX2337,8/6/2023,Filial02 / Niterói - RJ,Mala,25, R$ 499.19 ," R$ 12,479.75 ",Cartão de Crédito
AX4519,8/6/2023,Filial01 / Vitória - ES,Carteira,24, R$ 210.00 ," R$ 5,040.00 ",Transferência/PIX
AX4518,8/6/2023,Filial01 / Vitória - ES,Mochila,46, R$ 630.99 ," R$ 29,025.54 ",Transferência/PIX
AX2343,8/6/2023,Filial02 / Niterói - RJ,Mochila,27, R$ 630.99 ," R$ 17,036.73 ",Transferência/PIX
AX4520,8/6/2023,Matriz - SP Capital,Carteira,80, R$ 210.00 ," R$ 16,800.00 ",Transferência/PIX
AX4524,8/7/2023,Filial01 / Vitória - ES,Garrafa,32, R$ 119.30 ," R$ 3,817.60 ",Cartão de Crédito
AX4533,8/7/2023,Filial01 / Vitória - ES,Mochila,28, R$ 630.99 ," R$ 17,667.72 ",Transferência/PIX
AX4529,8/7/2023,Filial01 / Vitória - ES,Mala,16, R$ 499.19 ," R$ 7,987.04 ",Cartão de Crédito
AX4525,8/7/2023,Filial01 / Vitória - ES,Carteira,29, R$ 210.00 ," R$ 6,090.00 ",Transferência/PIX
AX4527,8/7/2023,Filial01 / Vitória - ES,Mala,40, R$ 499.19 ," R$ 19,967.60 ",Cartão de Crédito
AX4532,8/7/2023,Filial01 / Vitória - ES,Tênis,30, R$ 320.19 ," R$ 9,605.70 ",Cartão de Crédito
AX2353,8/7/2023,Filial02 / Niterói - RJ,Garrafa,30, R$ 119.30 ," R$ 3,579.00 ",Cartão de Crédito
AX2356,8/7/2023,Filial02 / Niterói - RJ,Bolsa,52, R$ 999.00 ," R$ 51,948.00 ",Cartão de Crédito
AX4528,8/7/2023,Matriz - SP Capital,Carteira,60, R$ 210.00 ," R$ 12,600.00 ",Cartão de Crédito
AX4537,8/8/2023,Matriz - SP Capital,Bolsa,84, R$ 999.00 ," R$ 83,916.00 ",Cartão de Crédito
AX2365,8/8/2023,Filial02 / Niterói - RJ,Carteira,87, R$ 210.00 ," R$ 18,270.00 ",Cartão de Crédito
AX4538,8/8/2023,Filial01 / Vitória - ES,Mochila,21, R$ 630.99 ," R$ 13,250.79 ",Transferência/PIX
AX4539,8/8/2023,Matriz - SP Capital,Boné,200, R$ 160.99 ," R$ 32,198.00 ",Cartão de Crédito
AX4545,8/9/2023,Filial01 / Vitória - ES,Garrafa,34, R$ 119.30 ," R$ 4,056.20 ",Transferência/PIX
AX4547,8/9/2023,Filial01 / Vitória - ES,Mala,35, R$ 499.19 ," R$ 17,471.65 ",Cartão de Crédito
AX2368,8/10/2023,Filial02 / Niterói - RJ,Mala,28, R$ 499.19 ," R$ 13,977.32 ",Cartão de Crédito
AX4548,8/10/2023,Matriz - SP Capital,Garrafa,56, R$ 119.30 ," R$ 6,680.80 ",Transferência/PIX
AX4549,8/10/2023,Matriz - SP Capital,Mochila,92, R$ 630.99 ," R$ 58,051.08 ",Cartão de Crédito
AX4552,8/10/2023,Filial01 / Vitória - ES,Tênis,49, R$ 320.19 ," R$ 15,689.31 ",Cartão de Crédito
AX2371,8/11/2023,Filial02 / Niterói - RJ,Bolsa,48, R$ 999.00 ," R$ 47,952.00 ",Cartão de Crédito
AX2375,8/11/2023,Filial02 / Niterói - RJ,Tênis,51, R$ 320.19 ," R$ 16,329.69 ",Cartão de Crédito
AX2376,8/11/2023,Filial02 / Niterói - RJ,Carteira,114, R$ 210.00 ," R$ 23,940.00 ",Transferência/PIX
AX4560,8/12/2023,Filial01 / Vitória - ES,Mochila,43, R$ 630.99 ," R$ 27,132.57 ",Transferência/PIX
AX4556,8/12/2023,Filial01 / Vitória - ES,Carteira,26, R$ 210.00 ," R$ 5,460.00 ",Cartão de Crédito
AX4558,8/12/2023,Filial01 / Vitória - ES,Mochila,41, R$ 630.99 ," R$ 25,870.59 ",Transferência/PIX
AX2377,8/12/2023,Filial02 / Niterói - RJ,Garrafa,49, R$ 119.30 ," R$ 5,845.70 ",Transferência/PIX
AX4554,8/12/2023,Matriz - SP Capital,Mochila,196, R$ 630.99 ," R$ 123,674.04 ",Transferência/PIX
AX2384,8/13/2023,Filial02 / Niterói - RJ,Mala,46, R$ 499.19 ," R$ 22,962.74 ",Transferência/PIX
AX2383,8/13/2023,Filial02 / Niterói - RJ,Fone,49, R$ 159.00 ," R$ 7,791.00 ",Transferência/PIX
AX4563,8/13/2023,Matriz - SP Capital,Garrafa,54, R$ 119.30 ," R$ 6,442.20 ",Cartão de Crédito
AX4565,8/13/2023,Matriz - SP Capital,Carteira,30, R$ 210.00 ," R$ 6,300.00 ",Cartão de Crédito
AX4562,8/13/2023,Matriz - SP Capital,Fone,76, R$ 159.00 ," R$ 12,084.00 ",Transferência/PIX
AX4564,8/13/2023,Matriz - SP Capital,Mala,82, R$ 499.19 ," R$ 40,933.58 ",Cartão de Crédito
AX4566,8/13/2023,Matriz - SP Capital,Mala,104, R$ 499.19 ," R$ 51,915.76 ",Transferência/PIX
AX4571,8/14/2023,Filial01 / Vitória - ES,Tênis,24, R$ 320.19 ," R$ 7,684.56 ",Cartão de Crédito
AX4570,8/14/2023,Filial01 / Vitória - ES,Garrafa,52, R$ 119.30 ," R$ 6,203.60 ",Transferência/PIX
AX4573,8/14/2023,Filial01 / Vitória - ES,Mala,47, R$ 499.19 ," R$ 23,461.93 ",Cartão de Crédito
AX4574,8/14/2023,Matriz - SP Capital,Bolsa,50, R$ 999.00 ," R$ 49,950.00 ",Transferência/PIX
AX4572,8/14/2023,Filial01 / Vitória - ES,Fone,38, R$ 159.00 ," R$ 6,042.00 ",Cartão de Crédito
AX2391,8/14/2023,Filial02 / Niterói - RJ,Tênis,25, R$ 320.19 ," R$ 8,004.75 ",Cartão de Crédito
AX4583,8/15/2023,Filial01 / Vitória - ES,Mochila,24, R$ 630.99 ," R$ 15,143.76 ",Cartão de Crédito
AX2398,8/15/2023,Filial02 / Niterói - RJ,Fone,39, R$ 159.00 ," R$ 6,201.00 ",Cartão de Crédito
AX2395,8/15/2023,Filial02 / Niterói - RJ,Boné,18, R$ 160.99 ," R$ 2,897.82 ",Cartão de Crédito
AX4584,8/15/2023,Filial01 / Vitória - ES,Mala,15, R$ 499.19 ," R$ 7,487.85 ",Cartão de Crédito
AX4576,8/15/2023,Filial01 / Vitória - ES,Carteira,35, R$ 210.00 ," R$ 7,350.00 ",Transferência/PIX
AX4578,8/15/2023,Filial01 / Vitória - ES,Mochila,34, R$ 630.99 ," R$ 21,453.66 ",Cartão de Crédito
AX4582,8/15/2023,Filial01 / Vitória - ES,Mochila,39, R$ 630.99 ," R$ 24,608.61 ",Transferência/PIX
AX4579,8/15/2023,Matriz - SP Capital,Tênis,92, R$ 320.19 ," R$ 29,457.48 ",Cartão de Crédito
AX4580,8/15/2023,Matriz - SP Capital,Carteira,128, R$ 210.00 ," R$ 26,880.00 ",Transferência/PIX
AX4588,8/16/2023,Filial01 / Vitória - ES,Mochila,31, R$ 630.99 ," R$ 19,560.69 ",Transferência/PIX
AX4585,8/16/2023,Matriz - SP Capital,Tênis,56, R$ 320.19 ," R$ 17,930.64 ",Cartão de Crédito
AX4587,8/16/2023,Matriz - SP Capital,Bolsa,100, R$ 999.00 ," R$ 99,900.00 ",Cartão de Crédito
AX2408,8/17/2023,Filial02 / Niterói - RJ,Mala,120, R$ 499.19 ," R$ 59,902.80 ",Cartão de Crédito
AX4590,8/17/2023,Filial01 / Vitória - ES,Garrafa,43, R$ 119.30 ," R$ 5,129.90 ",Cartão de Crédito
AX4597,8/17/2023,Filial01 / Vitória - ES,Fone,35, R$ 159.00 ," R$ 5,565.00 ",Cartão de Crédito
AX4592,8/17/2023,Filial01 / Vitória - ES,Carteira,30, R$ 210.00 ," R$ 6,300.00 ",Cartão de Crédito
AX2416,8/18/2023,Filial02 / Niterói - RJ,Mala,19, R$ 499.19 ," R$ 9,484.61 ",Cartão de Crédito
AX2413,8/18/2023,Filial02 / Niterói - RJ,Garrafa,50, R$ 119.30 ," R$ 5,965.00 ",Transferência/PIX
AX4601,8/19/2023,Filial01 / Vitória - ES,Bolsa,42, R$ 999.00 ," R$ 41,958.00 ",Cartão de Crédito
AX4604,8/19/2023,Filial01 / Vitória - ES,Mala,50, R$ 499.19 ," R$ 24,959.50 ",Transferência/PIX
AX4614,8/20/2023,Filial01 / Vitória - ES,Mochila,27, R$ 630.99 ," R$ 17,036.73 ",Transferência/PIX
AX4612,8/20/2023,Filial01 / Vitória - ES,Tênis,16, R$ 320.19 ," R$ 5,123.04 ",Transferência/PIX
AX2431,8/20/2023,Filial02 / Niterói - RJ,Fone,26, R$ 159.00 ," R$ 4,134.00 ",Transferência/PIX
AX4616,8/20/2023,Filial01 / Vitória - ES,Boné,33, R$ 160.99 ," R$ 5,312.67 ",Cartão de Crédito
AX2434,8/20/2023,Filial02 / Niterói - RJ,Mala,33, R$ 499.19 ," R$ 16,473.27 ",Transferência/PIX
AX4608,8/20/2023,Matriz - SP Capital,Garrafa,42, R$ 119.30 ," R$ 5,010.60 ",Transferência/PIX
AX4615,8/20/2023,Matriz - SP Capital,Fone,44, R$ 159.00 ," R$ 6,996.00 ",Cartão de Crédito
AX4613,8/20/2023,Filial01 / Vitória - ES,Fone,25, R$ 159.00 ," R$ 3,975.00 ",Transferência/PIX
AX4609,8/20/2023,Filial01 / Vitória - ES,Fone,44, R$ 159.00 ," R$ 6,996.00 ",Cartão de Crédito
AX4610,8/20/2023,Filial01 / Vitória - ES,Mala,35, R$ 499.19 ," R$ 17,471.65 ",Cartão de Crédito
AX2430,8/20/2023,Filial02 / Niterói - RJ,Mochila,35, R$ 630.99 ," R$ 22,084.65 ",Transferência/PIX
AX2435,8/21/2023,Filial02 / Niterói - RJ,Mala,21, R$ 499.19 ," R$ 10,482.99 ",Transferência/PIX
AX4621,8/21/2023,Filial01 / Vitória - ES,Mala,27, R$ 499.19 ," R$ 13,478.13 ",Transferência/PIX
AX2440,8/21/2023,Filial02 / Niterói - RJ,Bolsa,24, R$ 999.00 ," R$ 23,976.00 ",Transferência/PIX
AX4620,8/21/2023,Filial01 / Vitória - ES,Tênis,19, R$ 320.19 ," R$ 6,083.61 ",Cartão de Crédito
AX4628,8/23/2023,Matriz - SP Capital,Carteira,88, R$ 210.00 ," R$ 18,480.00 ",Transferência/PIX
AX4627,8/23/2023,Filial01 / Vitória - ES,Tênis,28, R$ 320.19 ," R$ 8,965.32 ",Cartão de Crédito
AX4626,8/23/2023,Matriz - SP Capital,Fone,40, R$ 159.00 ," R$ 6,360.00 ",Cartão de Crédito
AX4633,8/23/2023,Filial01 / Vitória - ES,Tênis,52, R$ 320.19 ," R$ 16,649.88 ",Transferência/PIX
AX4632,8/23/2023,Filial01 / Vitória - ES,Garrafa,51, R$ 119.30 ," R$ 6,084.30 ",Transferência/PIX
AX4637,8/24/2023,Matriz - SP Capital,Bolsa,36, R$ 999.00 ," R$ 35,964.00 ",Transferência/PIX
AX2446,8/24/2023,Filial02 / Niterói - RJ,Carteira,153, R$ 210.00 ," R$ 32,130.00 ",Cartão de Crédito
AX2453,8/25/2023,Filial02 / Niterói - RJ,Garrafa,40, R$ 119.30 ," R$ 4,772.00 ",Cartão de Crédito
AX4647,8/26/2023,Matriz - SP Capital,Tênis,36, R$ 320.19 ," R$ 11,526.84 ",Transferência/PIX
AX4646,8/26/2023,Matriz - SP Capital,Fone,80, R$ 159.00 ," R$ 12,720.00 ",Cartão de Crédito
AX2456,8/26/2023,Filial02 / Niterói - RJ,Tênis,45, R$ 320.19 ," R$ 14,408.55 ",Cartão de Crédito
AX2460,8/26/2023,Filial02 / Niterói - RJ,Mochila,32, R$ 630.99 ," R$ 20,191.68 ",Cartão de Crédito
AX4655,8/27/2023,Filial01 / Vitória - ES,Garrafa,19, R$ 119.30 ," R$ 2,266.70 ",Transferência/PIX
AX4650,8/27/2023,Matriz - SP Capital,Carteira,56, R$ 210.00 ," R$ 11,760.00 ",Transferência/PIX
AX4653,8/27/2023,Filial01 / Vitória - ES,Fone,42, R$ 159.00 ," R$ 6,678.00 ",Cartão de Crédito
AX2468,8/27/2023,Filial02 / Niterói - RJ,Mala,117, R$ 499.19 ," R$ 58,405.23 ",Cartão de Crédito
AX4649,8/27/2023,Matriz - SP Capital,Bolsa,102, R$ 999.00 ," R$ 101,898.00 ",Transferência/PIX
AX2469,8/27/2023,Filial02 / Niterói - RJ,Carteira,126, R$ 210.00 ," R$ 26,460.00 ",Cartão de Crédito
AX4656,8/28/2023,Matriz - SP Capital,Bolsa,116, R$ 999.00 ," R$ 115,884.00 ",Cartão de Crédito
AX4664,8/28/2023,Filial01 / Vitória - ES,Garrafa,49, R$ 119.30 ," R$ 5,845.70 ",Transferência/PIX
AX2473,8/28/2023,Filial02 / Niterói - RJ,Bolsa,33, R$ 999.00 ," R$ 32,967.00 ",Cartão de Crédito
AX4660,8/28/2023,Matriz - SP Capital,Boné,66, R$ 160.99 ," R$ 10,625.34 ",Cartão de Crédito
AX4658,8/28/2023,Filial01 / Vitória - ES,Mala,23, R$ 499.19 ," R$ 11,481.37 ",Transferência/PIX
AX4663,8/28/2023,Filial01 / Vitória - ES,Boné,44, R$ 160.99 ," R$ 7,083.56 ",Transferência/PIX
AX4671,8/29/2023,Filial01 / Vitória - ES,Mala,48, R$ 499.19 ," R$ 23,961.12 ",Transferência/PIX
AX4670,8/29/2023,Filial01 / Vitória - ES,Bolsa,26, R$ 999.00 ," R$ 25,974.00 ",Cartão de Crédito
AX4668,8/29/2023,Filial01 / Vitória - ES,Tênis,15, R$ 320.19 ," R$ 4,802.85 ",Transferência/PIX
AX2482,8/29/2023,Filial02 / Niterói - RJ,Mochila,49, R$ 630.99 ," R$ 30,918.51 ",Cartão de Crédito
AX4666,8/29/2023,Matriz - SP Capital,Bolsa,100, R$ 999.00 ," R$ 99,900.00 ",Transferência/PIX
AX4674,8/30/2023,Filial01 / Vitória - ES,Bolsa,44, R$ 999.00 ," R$ 43,956.00 ",Cartão de Crédito
AX4676,8/30/2023,Matriz - SP Capital,Carteira,192, R$ 210.00 ," R$ 40,320.00 ",Cartão de Crédito
AX4673,8/30/2023,Matriz - SP Capital,Tênis,42, R$ 320.19 ," R$ 13,447.98 ",Transferência/PIX
AX2487,8/31/2023,Filial02 / Niterói - RJ,Bolsa,34, R$ 999.00 ," R$ 33,966.00 ",Cartão de Crédito
AX4677,8/31/2023,Matriz - SP Capital,Bolsa,90, R$ 999.00 ," R$ 89,910.00 ",Transferência/PIX
AX2495,9/1/2023,Filial02 / Niterói - RJ,Tênis,19, R$ 320.19 ," R$ 6,083.61 ",Cartão de Crédito
AX2493,9/1/2023,Filial02 / Niterói - RJ,Mochila,50, R$ 630.99 ," R$ 31,549.50 ",Cartão de Crédito
AX2490,9/1/2023,Filial02 / Niterói - RJ,Mochila,22, R$ 630.99 ," R$ 13,881.78 ",Transferência/PIX
AX2491,9/1/2023,Filial02 / Niterói - RJ,Mochila,48, R$ 630.99 ," R$ 30,287.52 ",Transferência/PIX
AX2500,9/2/2023,Filial02 / Niterói - RJ,Garrafa,16, R$ 119.30 ," R$ 1,908.80 ",Cartão de Crédito
AX4683,9/2/2023,Filial01 / Vitória - ES,Tênis,32, R$ 320.19 ," R$ 10,246.08 ",Cartão de Crédito
AX4679,9/2/2023,Filial01 / Vitória - ES,Fone,30, R$ 159.00 ," R$ 4,770.00 ",Cartão de Crédito
AX4682,9/2/2023,Matriz - SP Capital,Carteira,64, R$ 210.00 ," R$ 13,440.00 ",Transferência/PIX
AX4685,9/3/2023,Filial01 / Vitória - ES,Mochila,16, R$ 630.99 ," R$ 10,095.84 ",Cartão de Crédito
AX2505,9/3/2023,Filial02 / Niterói - RJ,Fone,48, R$ 159.00 ," R$ 7,632.00 ",Transferência/PIX
AX2507,9/3/2023,Filial02 / Niterói - RJ,Carteira,47, R$ 210.00 ," R$ 9,870.00 ",Cartão de Crédito
AX4693,9/3/2023,Filial01 / Vitória - ES,Tênis,26, R$ 320.19 ," R$ 8,324.94 ",Transferência/PIX
AX2509,9/3/2023,Filial02 / Niterói - RJ,Mochila,28, R$ 630.99 ," R$ 17,667.72 ",Cartão de Crédito
AX4688,9/3/2023,Filial01 / Vitória - ES,Garrafa,48, R$ 119.30 ," R$ 5,726.40 ",Transferência/PIX
AX2508,9/3/2023,Filial02 / Niterói - RJ,Tênis,45, R$ 320.19 ," R$ 14,408.55 ",Transferência/PIX
AX2521,9/4/2023,Filial02 / Niterói - RJ,Garrafa,15, R$ 119.30 ," R$ 1,789.50 ",Transferência/PIX
AX4700,9/4/2023,Filial01 / Vitória - ES,Carteira,15, R$ 210.00 ," R$ 3,150.00 ",Transferência/PIX
AX4698,9/4/2023,Matriz - SP Capital,Garrafa,160, R$ 119.30 ," R$ 19,088.00 ",Transferência/PIX
AX4697,9/4/2023,Matriz - SP Capital,Mala,100, R$ 499.19 ," R$ 49,919.00 ",Transferência/PIX
AX4704,9/5/2023,Filial01 / Vitória - ES,Garrafa,34, R$ 119.30 ," R$ 4,056.20 ",Cartão de Crédito
AX4703,9/5/2023,Filial01 / Vitória - ES,Mala,34, R$ 499.19 ," R$ 16,972.46 ",Transferência/PIX
AX2524,9/5/2023,Filial02 / Niterói - RJ,Carteira,102, R$ 210.00 ," R$ 21,420.00 ",Cartão de Crédito
AX2523,9/5/2023,Filial02 / Niterói - RJ,Garrafa,38, R$ 119.30 ," R$ 4,533.40 ",Cartão de Crédito
AX4706,9/5/2023,Matriz - SP Capital,Garrafa,152, R$ 119.30 ," R$ 18,133.60 ",Transferência/PIX
AX2525,9/5/2023,Filial02 / Niterói - RJ,Garrafa,34, R$ 119.30 ," R$ 4,056.20 ",Cartão de Crédito
AX4701,9/5/2023,Matriz - SP Capital,Carteira,102, R$ 210.00 ," R$ 21,420.00 ",Transferência/PIX
AX4705,9/5/2023,Matriz - SP Capital,Bolsa,104, R$ 999.00 ," R$ 103,896.00 ",Cartão de Crédito
AX4707,9/5/2023,Filial01 / Vitória - ES,Bolsa,46, R$ 999.00 ," R$ 45,954.00 ",Transferência/PIX
AX4708,9/6/2023,Filial01 / Vitória - ES,Mochila,40, R$ 630.99 ," R$ 25,239.60 ",Transferência/PIX
AX4710,9/6/2023,Filial01 / Vitória - ES,Bolsa,17, R$ 999.00 ," R$ 16,983.00 ",Transferência/PIX
AX4713,9/6/2023,Matriz - SP Capital,Garrafa,76, R$ 119.30 ," R$ 9,066.80 ",Transferência/PIX
AX4712,9/6/2023,Matriz - SP Capital,Carteira,84, R$ 210.00 ," R$ 17,640.00 ",Cartão de Crédito
AX4711,9/6/2023,Filial01 / Vitória - ES,Mala,52, R$ 499.19 ," R$ 25,957.88 ",Cartão de Crédito
AX4709,9/6/2023,Filial01 / Vitória - ES,Garrafa,51, R$ 119.30 ," R$ 6,084.30 ",Transferência/PIX
AX4717,9/7/2023,Filial01 / Vitória - ES,Bolsa,46, R$ 999.00 ," R$ 45,954.00 ",Transferência/PIX
AX2531,9/7/2023,Filial02 / Niterói - RJ,Mala,90, R$ 499.19 ," R$ 44,927.10 ",Cartão de Crédito
AX4716,9/7/2023,Matriz - SP Capital,Mochila,208, R$ 630.99 ," R$ 131,245.92 ",Cartão de Crédito
AX4719,9/9/2023,Filial01 / Vitória - ES,Mochila,31, R$ 630.99 ," R$ 19,560.69 ",Cartão de Crédito
AX4723,9/9/2023,Filial01 / Vitória - ES,Bolsa,20, R$ 999.00 ," R$ 19,980.00 ",Cartão de Crédito
AX2543,9/9/2023,Filial02 / Niterói - RJ,Boné,32, R$ 160.99 ," R$ 5,151.68 ",Cartão de Crédito
AX4726,9/9/2023,Filial01 / Vitória - ES,Mochila,31, R$ 630.99 ," R$ 19,560.69 ",Transferência/PIX
AX4720,9/9/2023,Matriz - SP Capital,Fone,92, R$ 159.00 ," R$ 14,628.00 ",Cartão de Crédito
AX4727,9/9/2023,Filial01 / Vitória - ES,Carteira,39, R$ 210.00 ," R$ 8,190.00 ",Transferência/PIX
AX2548,9/9/2023,Filial02 / Niterói - RJ,Tênis,39, R$ 320.19 ," R$ 12,487.41 ",Transferência/PIX
AX4721,9/9/2023,Filial01 / Vitória - ES,Fone,44, R$ 159.00 ," R$ 6,996.00 ",Cartão de Crédito
AX2546,9/9/2023,Filial02 / Niterói - RJ,Tênis,126, R$ 320.19 ," R$ 40,343.94 ",Cartão de Crédito
AX4730,9/10/2023,Filial01 / Vitória - ES,Mochila,16, R$ 630.99 ," R$ 10,095.84 ",Cartão de Crédito
AX2551,9/10/2023,Filial02 / Niterói - RJ,Carteira,31, R$ 210.00 ," R$ 6,510.00 ",Transferência/PIX
AX2554,9/10/2023,Filial02 / Niterói - RJ,Mochila,50, R$ 630.99 ," R$ 31,549.50 ",Cartão de Crédito
AX2550,9/10/2023,Filial02 / Niterói - RJ,Tênis,72, R$ 320.19 ," R$ 23,053.68 ",Transferência/PIX
AX4733,9/11/2023,Filial01 / Vitória - ES,Garrafa,42, R$ 119.30 ," R$ 5,010.60 ",Cartão de Crédito
AX2559,9/11/2023,Filial02 / Niterói - RJ,Boné,34, R$ 160.99 ," R$ 5,473.66 ",Transferência/PIX
AX4738,9/11/2023,Matriz - SP Capital,Carteira,70, R$ 210.00 ," R$ 14,700.00 ",Cartão de Crédito
AX2563,9/11/2023,Filial02 / Niterói - RJ,Carteira,51, R$ 210.00 ," R$ 10,710.00 ",Cartão de Crédito
AX4737,9/11/2023,Filial01 / Vitória - ES,Boné,15, R$ 160.99 ," R$ 2,414.85 ",Transferência/PIX
AX4736,9/11/2023,Matriz - SP Capital,Boné,34, R$ 160.99 ," R$ 5,473.66 ",Transferência/PIX
AX2560,9/11/2023,Filial02 / Niterói - RJ,Mala,123, R$ 499.19 ," R$ 61,400.37 ",Transferência/PIX
AX4732,9/11/2023,Matriz - SP Capital,Mochila,104, R$ 630.99 ," R$ 65,622.96 ",Cartão de Crédito
AX2568,9/12/2023,Filial02 / Niterói - RJ,Carteira,49, R$ 210.00 ," R$ 10,290.00 ",Transferência/PIX
AX2565,9/12/2023,Filial02 / Niterói - RJ,Boné,27, R$ 160.99 ," R$ 4,346.73 ",Cartão de Crédito
AX4745,9/12/2023,Matriz - SP Capital,Garrafa,60, R$ 119.30 ," R$ 7,158.00 ",Transferência/PIX
AX4741,9/12/2023,Filial01 / Vitória - ES,Mochila,33, R$ 630.99 ," R$ 20,822.67 ",Transferência/PIX
AX4744,9/12/2023,Filial01 / Vitória - ES,Carteira,49, R$ 210.00 ," R$ 10,290.00 ",Cartão de Crédito
AX4743,9/12/2023,Matriz - SP Capital,Mala,78, R$ 499.19 ," R$ 38,936.82 ",Cartão de Crédito
AX4753,9/13/2023,Filial01 / Vitória - ES,Bolsa,17, R$ 999.00 ," R$ 16,983.00 ",Cartão de Crédito
AX4751,9/13/2023,Filial01 / Vitória - ES,Boné,22, R$ 160.99 ," R$ 3,541.78 ",Cartão de Crédito
AX4754,9/13/2023,Matriz - SP Capital,Garrafa,60, R$ 119.30 ," R$ 7,158.00 ",Cartão de Crédito
AX4750,9/13/2023,Filial01 / Vitória - ES,Fone,26, R$ 159.00 ," R$ 4,134.00 ",Cartão de Crédito
AX4749,9/13/2023,Matriz - SP Capital,Fone,136, R$ 159.00 ," R$ 21,624.00 ",Cartão de Crédito
AX4755,9/14/2023,Filial01 / Vitória - ES,Fone,46, R$ 159.00 ," R$ 7,314.00 ",Cartão de Crédito
AX4759,9/16/2023,Filial01 / Vitória - ES,Garrafa,46, R$ 119.30 ," R$ 5,487.80 ",Cartão de Crédito
AX2584,9/16/2023,Filial02 / Niterói - RJ,Garrafa,26, R$ 119.30 ," R$ 3,101.80 ",Cartão de Crédito
AX2590,9/17/2023,Filial02 / Niterói - RJ,Mochila,38, R$ 630.99 ," R$ 23,977.62 ",Cartão de Crédito
AX4766,9/17/2023,Filial01 / Vitória - ES,Fone,25, R$ 159.00 ," R$ 3,975.00 ",Transferência/PIX
AX4769,9/17/2023,Matriz - SP Capital,Mala,40, R$ 499.19 ," R$ 19,967.60 ",Transferência/PIX
AX2595,9/17/2023,Filial02 / Niterói - RJ,Fone,60, R$ 159.00 ," R$ 9,540.00 ",Transferência/PIX
AX4767,9/17/2023,Filial01 / Vitória - ES,Boné,49, R$ 160.99 ," R$ 7,888.51 ",Transferência/PIX
AX2587,9/17/2023,Filial02 / Niterói - RJ,Bolsa,40, R$ 999.00 ," R$ 39,960.00 ",Transferência/PIX
AX4768,9/17/2023,Filial01 / Vitória - ES,Fone,34, R$ 159.00 ," R$ 5,406.00 ",Cartão de Crédito
AX2589,9/17/2023,Filial02 / Niterói - RJ,Garrafa,50, R$ 119.30 ," R$ 5,965.00 ",Transferência/PIX
AX4765,9/17/2023,Filial01 / Vitória - ES,Fone,38, R$ 159.00 ," R$ 6,042.00 ",Cartão de Crédito
AX4764,9/17/2023,Matriz - SP Capital,Bolsa,44, R$ 999.00 ," R$ 43,956.00 ",Transferência/PIX
AX4770,9/18/2023,Filial01 / Vitória - ES,Garrafa,28, R$ 119.30 ," R$ 3,340.40 ",Cartão de Crédito
AX2600,9/18/2023,Filial02 / Niterói - RJ,Boné,15, R$ 160.99 ," R$ 2,414.85 ",Transferência/PIX
AX2604,9/18/2023,Filial02 / Niterói - RJ,Carteira,46, R$ 210.00 ," R$ 9,660.00 ",Transferência/PIX
AX4779,9/18/2023,Filial01 / Vitória - ES,Carteira,23, R$ 210.00 ," R$ 4,830.00 ",Cartão de Crédito
AX4772,9/18/2023,Matriz - SP Capital,Fone,30, R$ 159.00 ," R$ 4,770.00 ",Transferência/PIX
AX2606,9/18/2023,Filial02 / Niterói - RJ,Boné,36, R$ 160.99 ," R$ 5,795.64 ",Transferência/PIX
AX4781,9/18/2023,Matriz - SP Capital,Boné,144, R$ 160.99 ," R$ 23,182.56 ",Transferência/PIX
AX2598,9/18/2023,Filial02 / Niterói - RJ,Boné,45, R$ 160.99 ," R$ 7,244.55 ",Cartão de Crédito
AX2597,9/18/2023,Filial02 / Niterói - RJ,Bolsa,39, R$ 999.00 ," R$ 38,961.00 ",Cartão de Crédito
AX4775,9/18/2023,Matriz - SP Capital,Garrafa,204, R$ 119.30 ," R$ 24,337.20 ",Transferência/PIX
AX4786,9/19/2023,Filial01 / Vitória - ES,Mala,20, R$ 499.19 ," R$ 9,983.80 ",Transferência/PIX
AX2609,9/19/2023,Filial02 / Niterói - RJ,Bolsa,46, R$ 999.00 ," R$ 45,954.00 ",Transferência/PIX
AX4785,9/19/2023,Filial01 / Vitória - ES,Mochila,46, R$ 630.99 ," R$ 29,025.54 ",Cartão de Crédito
AX4787,9/19/2023,Matriz - SP Capital,Bolsa,128, R$ 999.00 ," R$ 127,872.00 ",Transferência/PIX
AX4789,9/20/2023,Matriz - SP Capital,Boné,74, R$ 160.99 ," R$ 11,913.26 ",Cartão de Crédito
AX4788,9/20/2023,Filial01 / Vitória - ES,Garrafa,51, R$ 119.30 ," R$ 6,084.30 ",Cartão de Crédito
AX4797,9/21/2023,Filial01 / Vitória - ES,Bolsa,18, R$ 999.00 ," R$ 17,982.00 ",Transferência/PIX
AX4795,9/21/2023,Filial01 / Vitória - ES,Bolsa,44, R$ 999.00 ," R$ 43,956.00 ",Cartão de Crédito
AX4790,9/21/2023,Matriz - SP Capital,Mala,32, R$ 499.19 ," R$ 15,974.08 ",Cartão de Crédito
AX2615,9/21/2023,Filial02 / Niterói - RJ,Boné,28, R$ 160.99 ," R$ 4,507.72 ",Transferência/PIX
AX4793,9/21/2023,Filial01 / Vitória - ES,Tênis,39, R$ 320.19 ," R$ 12,487.41 ",Transferência/PIX
AX2622,9/21/2023,Filial02 / Niterói - RJ,Bolsa,51, R$ 999.00 ," R$ 50,949.00 ",Transferência/PIX
AX2619,9/21/2023,Filial02 / Niterói - RJ,Mala,153, R$ 499.19 ," R$ 76,376.07 ",Cartão de Crédito
AX4796,9/21/2023,Filial01 / Vitória - ES,Tênis,22, R$ 320.19 ," R$ 7,044.18 ",Cartão de Crédito
AX4791,9/21/2023,Filial01 / Vitória - ES,Garrafa,46, R$ 119.30 ," R$ 5,487.80 ",Transferência/PIX
AX2617,9/21/2023,Filial02 / Niterói - RJ,Tênis,90, R$ 320.19 ," R$ 28,817.10 ",Cartão de Crédito
AX2614,9/21/2023,Filial02 / Niterói - RJ,Tênis,135, R$ 320.19 ," R$ 43,225.65 ",Transferência/PIX
AX2627,9/23/2023,Filial02 / Niterói - RJ,Fone,54, R$ 159.00 ," R$ 8,586.00 ",Transferência/PIX
AX4802,9/23/2023,Filial01 / Vitória - ES,Garrafa,28, R$ 119.30 ," R$ 3,340.40 ",Cartão de Crédito
AX4799,9/23/2023,Filial01 / Vitória - ES,Mochila,29, R$ 630.99 ," R$ 18,298.71 ",Cartão de Crédito
AX4800,9/23/2023,Matriz - SP Capital,Bolsa,84, R$ 999.00 ," R$ 83,916.00 ",Transferência/PIX
AX4801,9/23/2023,Matriz - SP Capital,Bolsa,102, R$ 999.00 ," R$ 101,898.00 ",Transferência/PIX
AX2637,9/24/2023,Filial02 / Niterói - RJ,Mala,28, R$ 499.19 ," R$ 13,977.32 ",Cartão de Crédito
AX4815,9/24/2023,Filial01 / Vitória - ES,Fone,16, R$ 159.00 ," R$ 2,544.00 ",Transferência/PIX
AX4814,9/24/2023,Matriz - SP Capital,Garrafa,42, R$ 119.30 ," R$ 5,010.60 ",Transferência/PIX
AX2636,9/24/2023,Filial02 / Niterói - RJ,Mochila,36, R$ 630.99 ," R$ 22,715.64 ",Cartão de Crédito
AX2641,9/24/2023,Filial02 / Niterói - RJ,Boné,129, R$ 160.99 ," R$ 20,767.71 ",Transferência/PIX
AX4812,9/24/2023,Filial01 / Vitória - ES,Mochila,38, R$ 630.99 ," R$ 23,977.62 ",Cartão de Crédito
AX4808,9/24/2023,Matriz - SP Capital,Fone,72, R$ 159.00 ," R$ 11,448.00 ",Transferência/PIX
AX2643,9/25/2023,Filial02 / Niterói - RJ,Fone,34, R$ 159.00 ," R$ 5,406.00 ",Cartão de Crédito
AX4817,9/25/2023,Filial01 / Vitória - ES,Mochila,37, R$ 630.99 ," R$ 23,346.63 ",Cartão de Crédito
AX4816,9/25/2023,Filial01 / Vitória - ES,Fone,17, R$ 159.00 ," R$ 2,703.00 ",Transferência/PIX
AX4819,9/26/2023,Matriz - SP Capital,Boné,32, R$ 160.99 ," R$ 5,151.68 ",Transferência/PIX
AX4822,9/26/2023,Filial01 / Vitória - ES,Mochila,29, R$ 630.99 ," R$ 18,298.71 ",Cartão de Crédito
AX4823,9/26/2023,Matriz - SP Capital,Garrafa,30, R$ 119.30 ," R$ 3,579.00 ",Transferência/PIX
AX4820,9/26/2023,Matriz - SP Capital,Fone,48, R$ 159.00 ," R$ 7,632.00 ",Transferência/PIX
AX2651,9/26/2023,Filial02 / Niterói - RJ,Garrafa,27, R$ 119.30 ," R$ 3,221.10 ",Transferência/PIX
AX2653,9/26/2023,Filial02 / Niterói - RJ,Bolsa,48, R$ 999.00 ," R$ 47,952.00 ",Cartão de Crédito
AX4831,9/27/2023,Filial01 / Vitória - ES,Tênis,26, R$ 320.19 ," R$ 8,324.94 ",Cartão de Crédito
AX4825,9/27/2023,Filial01 / Vitória - ES,Boné,25, R$ 160.99 ," R$ 4,024.75 ",Transferência/PIX
AX4824,9/27/2023,Filial01 / Vitória - ES,Tênis,26, R$ 320.19 ," R$ 8,324.94 ",Cartão de Crédito
AX4827,9/27/2023,Matriz - SP Capital,Carteira,43, R$ 210.00 ," R$ 9,030.00 ",Cartão de Crédito
AX4837,9/28/2023,Matriz - SP Capital,Bolsa,72, R$ 999.00 ," R$ 71,928.00 ",Transferência/PIX
AX4844,9/28/2023,Filial01 / Vitória - ES,Carteira,50, R$ 210.00 ," R$ 10,500.00 ",Transferência/PIX
AX4843,9/28/2023,Filial01 / Vitória - ES,Mala,33, R$ 499.19 ," R$ 16,473.27 ",Cartão de Crédito
AX4838,9/28/2023,Filial01 / Vitória - ES,Tênis,47, R$ 320.19 ," R$ 15,048.93 ",Transferência/PIX
AX4835,9/28/2023,Filial01 / Vitória - ES,Carteira,30, R$ 210.00 ," R$ 6,300.00 ",Transferência/PIX
AX2657,9/28/2023,Filial02 / Niterói - RJ,Garrafa,72, R$ 119.30 ," R$ 8,589.60 ",Transferência/PIX
AX2661,9/28/2023,Filial02 / Niterói - RJ,Boné,45, R$ 160.99 ," R$ 7,244.55 ",Transferência/PIX
AX2655,9/28/2023,Filial02 / Niterói - RJ,Tênis,47, R$ 320.19 ," R$ 15,048.93 ",Cartão de Crédito
AX4836,9/28/2023,Filial01 / Vitória - ES,Carteira,47, R$ 210.00 ," R$ 9,870.00 ",Transferência/PIX
AX2672,9/29/2023,Filial02 / Niterói - RJ,Bolsa,24, R$ 999.00 ," R$ 23,976.00 ",Cartão de Crédito
AX2667,9/29/2023,Filial02 / Niterói - RJ,Mala,45, R$ 499.19 ," R$ 22,463.55 ",Cartão de Crédito
AX2674,9/29/2023,Filial02 / Niterói - RJ,Tênis,30, R$ 320.19 ," R$ 9,605.70 ",Transferência/PIX
AX2670,9/29/2023,Filial02 / Niterói - RJ,Garrafa,129, R$ 119.30 ," R$ 15,389.70 ",Transferência/PIX
AX4846,9/30/2023,Filial01 / Vitória - ES,Fone,35, R$ 159.00 ," R$ 5,565.00 ",Transferência/PIX
AX4849,9/30/2023,Filial01 / Vitória - ES,Mochila,22, R$ 630.99 ," R$ 13,881.78 ",Cartão de Crédito
AX2678,9/30/2023,Filial02 / Niterói - RJ,Bolsa,72, R$ 999.00 ," R$ 71,928.00 ",Cartão de Crédito
AX2681,9/30/2023,Filial02 / Niterói - RJ,Bolsa,93, R$ 999.00 ," R$ 92,907.00 ",Transferência/PIX
AX4852,9/30/2023,Matriz - SP Capital,Mala,76, R$ 499.19 ," R$ 37,938.44 ",Cartão de Crédito
AX4850,9/30/2023,Matriz - SP Capital,Garrafa,92, R$ 119.30 ," R$ 10,975.60 ",Transferência/PIX
AX4856,10/1/2023,Filial01 / Vitória - ES,Mochila,15, R$ 630.99 ," R$ 9,464.85 ",Transferência/PIX
AX2689,10/1/2023,Filial02 / Niterói - RJ,Bolsa,19, R$ 999.00 ," R$ 18,981.00 ",Transferência/PIX
AX4857,10/1/2023,Filial01 / Vitória - ES,Fone,49, R$ 159.00 ," R$ 7,791.00 ",Cartão de Crédito
AX2685,10/1/2023,Filial02 / Niterói - RJ,Mochila,50, R$ 630.99 ," R$ 31,549.50 ",Cartão de Crédito
AX4862,10/2/2023,Matriz - SP Capital,Bolsa,50, R$ 999.00 ," R$ 49,950.00 ",Cartão de Crédito
AX2696,10/2/2023,Filial02 / Niterói - RJ,Carteira,39, R$ 210.00 ," R$ 8,190.00 ",Transferência/PIX
AX4865,10/2/2023,Filial01 / Vitória - ES,Fone,45, R$ 159.00 ," R$ 7,155.00 ",Transferência/PIX
AX4861,10/2/2023,Filial01 / Vitória - ES,Garrafa,27, R$ 119.30 ," R$ 3,221.10 ",Cartão de Crédito
AX4863,10/2/2023,Filial01 / Vitória - ES,Boné,19, R$ 160.99 ," R$ 3,058.81 ",Cartão de Crédito
AX2690,10/2/2023,Filial02 / Niterói - RJ,Boné,44, R$ 160.99 ," R$ 7,083.56 ",Transferência/PIX
AX4866,10/2/2023,Filial01 / Vitória - ES,Boné,49, R$ 160.99 ," R$ 7,888.51 ",Cartão de Crédito
AX4858,10/2/2023,Matriz - SP Capital,Mochila,88, R$ 630.99 ," R$ 55,527.12 ",Cartão de Crédito
AX4875,10/3/2023,Matriz - SP Capital,Carteira,42, R$ 210.00 ," R$ 8,820.00 ",Cartão de Crédito
AX4873,10/3/2023,Filial01 / Vitória - ES,Mochila,40, R$ 630.99 ," R$ 25,239.60 ",Cartão de Crédito
AX4872,10/3/2023,Matriz - SP Capital,Bolsa,34, R$ 999.00 ," R$ 33,966.00 ",Cartão de Crédito
AX4869,10/3/2023,Filial01 / Vitória - ES,Garrafa,42, R$ 119.30 ," R$ 5,010.60 ",Cartão de Crédito
AX4871,10/3/2023,Matriz - SP Capital,Mala,160, R$ 499.19 ," R$ 79,870.40 ",Cartão de Crédito
AX4881,10/4/2023,Filial01 / Vitória - ES,Carteira,37, R$ 210.00 ," R$ 7,770.00 ",Cartão de Crédito
AX4876,10/4/2023,Matriz - SP Capital,Mala,46, R$ 499.19 ," R$ 22,962.74 ",Cartão de Crédito
AX4880,10/4/2023,Matriz - SP Capital,Tênis,62, R$ 320.19 ," R$ 19,851.78 ",Transferência/PIX
AX4878,10/4/2023,Matriz - SP Capital,Boné,70, R$ 160.99 ," R$ 11,269.30 ",Transferência/PIX
AX4882,10/4/2023,Matriz - SP Capital,Mala,86, R$ 499.19 ," R$ 42,930.34 ",Cartão de Crédito
AX4888,10/5/2023,Filial01 / Vitória - ES,Mochila,43, R$ 630.99 ," R$ 27,132.57 ",Transferência/PIX
AX4889,10/5/2023,Filial01 / Vitória - ES,Bolsa,23, R$ 999.00 ," R$ 22,977.00 ",Cartão de Crédito
AX2710,10/5/2023,Filial02 / Niterói - RJ,Mala,129, R$ 499.19 ," R$ 64,395.51 ",Cartão de Crédito
AX2711,10/5/2023,Filial02 / Niterói - RJ,Garrafa,39, R$ 119.30 ," R$ 4,652.70 ",Transferência/PIX
AX4884,10/5/2023,Filial01 / Vitória - ES,Fone,42, R$ 159.00 ," R$ 6,678.00 ",Cartão de Crédito
AX4891,10/5/2023,Filial01 / Vitória - ES,Garrafa,47, R$ 119.30 ," R$ 5,607.10 ",Cartão de Crédito
AX2720,10/6/2023,Filial02 / Niterói - RJ,Carteira,36, R$ 210.00 ," R$ 7,560.00 ",Transferência/PIX
AX2721,10/6/2023,Filial02 / Niterói - RJ,Boné,41, R$ 160.99 ," R$ 6,600.59 ",Cartão de Crédito
AX2731,10/8/2023,Filial02 / Niterói - RJ,Fone,34, R$ 159.00 ," R$ 5,406.00 ",Transferência/PIX
AX4900,10/8/2023,Matriz - SP Capital,Carteira,54, R$ 210.00 ," R$ 11,340.00 ",Cartão de Crédito
AX4897,10/8/2023,Matriz - SP Capital,Tênis,38, R$ 320.19 ," R$ 12,167.22 ",Transferência/PIX
AX4899,10/8/2023,Matriz - SP Capital,Bolsa,64, R$ 999.00 ," R$ 63,936.00 ",Cartão de Crédito
AX4902,10/9/2023,Filial01 / Vitória - ES,Carteira,32, R$ 210.00 ," R$ 6,720.00 ",Cartão de Crédito
AX4903,10/9/2023,Matriz - SP Capital,Tênis,52, R$ 320.19 ," R$ 16,649.88 ",Cartão de Crédito
AX4907,10/9/2023,Matriz - SP Capital,Carteira,54, R$ 210.00 ," R$ 11,340.00 ",Transferência/PIX
AX2738,10/9/2023,Filial02 / Niterói - RJ,Mala,27, R$ 499.19 ," R$ 13,478.13 ",Transferência/PIX
AX4908,10/9/2023,Matriz - SP Capital,Bolsa,98, R$ 999.00 ," R$ 97,902.00 ",Cartão de Crédito
AX4906,10/9/2023,Filial01 / Vitória - ES,Carteira,31, R$ 210.00 ," R$ 6,510.00 ",Cartão de Crédito
AX2739,10/9/2023,Filial02 / Niterói - RJ,Boné,60, R$ 160.99 ," R$ 9,659.40 ",Transferência/PIX
AX4909,10/9/2023,Filial01 / Vitória - ES,Fone,23, R$ 159.00 ," R$ 3,657.00 ",Transferência/PIX
AX4910,10/9/2023,Matriz - SP Capital,Fone,180, R$ 159.00 ," R$ 28,620.00 ",Cartão de Crédito
AX2748,10/10/2023,Filial02 / Niterói - RJ,Carteira,135, R$ 210.00 ," R$ 28,350.00 ",Cartão de Crédito
AX4913,10/10/2023,Filial01 / Vitória - ES,Garrafa,31, R$ 119.30 ," R$ 3,698.30 ",Cartão de Crédito
AX2743,10/10/2023,Filial02 / Niterói - RJ,Mala,31, R$ 499.19 ," R$ 15,474.89 ",Transferência/PIX
AX2741,10/10/2023,Filial02 / Niterói - RJ,Garrafa,96, R$ 119.30 ," R$ 11,452.80 ",Transferência/PIX
AX4921,10/11/2023,Filial01 / Vitória - ES,Bolsa,40, R$ 999.00 ," R$ 39,960.00 ",Transferência/PIX
AX4919,10/11/2023,Filial01 / Vitória - ES,Tênis,23, R$ 320.19 ," R$ 7,364.37 ",Transferência/PIX
AX4922,10/11/2023,Matriz - SP Capital,Fone,152, R$ 159.00 ," R$ 24,168.00 ",Cartão de Crédito
AX4930,10/12/2023,Matriz - SP Capital,Mochila,30, R$ 630.99 ," R$ 18,929.70 ",Transferência/PIX
AX4927,10/12/2023,Filial01 / Vitória - ES,Bolsa,24, R$ 999.00 ," R$ 23,976.00 ",Transferência/PIX
AX4923,10/12/2023,Matriz - SP Capital,Boné,62, R$ 160.99 ," R$ 9,981.38 ",Transferência/PIX
AX4928,10/12/2023,Matriz - SP Capital,Carteira,56, R$ 210.00 ," R$ 11,760.00 ",Transferência/PIX
AX2751,10/12/2023,Filial02 / Niterói - RJ,Garrafa,75, R$ 119.30 ," R$ 8,947.50 ",Transferência/PIX
AX4929,10/12/2023,Filial01 / Vitória - ES,Garrafa,28, R$ 119.30 ," R$ 3,340.40 ",Cartão de Crédito
AX4924,10/12/2023,Filial01 / Vitória - ES,Fone,25, R$ 159.00 ," R$ 3,975.00 ",Cartão de Crédito
AX2757,10/13/2023,Filial02 / Niterói - RJ,Carteira,42, R$ 210.00 ," R$ 8,820.00 ",Transferência/PIX
AX4931,10/14/2023,Filial01 / Vitória - ES,Garrafa,29, R$ 119.30 ," R$ 3,459.70 ",Cartão de Crédito
AX2764,10/14/2023,Filial02 / Niterói - RJ,Fone,87, R$ 159.00 ," R$ 13,833.00 ",Cartão de Crédito
AX4934,10/14/2023,Filial01 / Vitória - ES,Carteira,23, R$ 210.00 ," R$ 4,830.00 ",Transferência/PIX
AX4935,10/14/2023,Filial01 / Vitória - ES,Mala,35, R$ 499.19 ," R$ 17,471.65 ",Transferência/PIX
AX4946,10/15/2023,Filial01 / Vitória - ES,Carteira,24, R$ 210.00 ," R$ 5,040.00 ",Cartão de Crédito
AX4939,10/15/2023,Filial01 / Vitória - ES,Bolsa,37, R$ 999.00 ," R$ 36,963.00 ",Cartão de Crédito
AX4947,10/15/2023,Filial01 / Vitória - ES,Mala,37, R$ 499.19 ," R$ 18,470.03 ",Transferência/PIX
AX2780,10/15/2023,Filial02 / Niterói - RJ,Boné,81, R$ 160.99 ," R$ 13,040.19 ",Cartão de Crédito
AX2779,10/15/2023,Filial02 / Niterói - RJ,Garrafa,25, R$ 119.30 ," R$ 2,982.50 ",Cartão de Crédito
AX4937,10/15/2023,Filial01 / Vitória - ES,Fone,51, R$ 159.00 ," R$ 8,109.00 ",Cartão de Crédito
AX4941,10/15/2023,Matriz - SP Capital,Bolsa,52, R$ 999.00 ," R$ 51,948.00 ",Transferência/PIX
AX4940,10/15/2023,Filial01 / Vitória - ES,Mala,32, R$ 499.19 ," R$ 15,974.08 ",Transferência/PIX
AX4948,10/15/2023,Filial01 / Vitória - ES,Mala,40, R$ 499.19 ," R$ 19,967.60 ",Transferência/PIX
AX4938,10/15/2023,Matriz - SP Capital,Bolsa,80, R$ 999.00 ," R$ 79,920.00 ",Cartão de Crédito
AX4954,10/16/2023,Filial01 / Vitória - ES,Bolsa,16, R$ 999.00 ," R$ 15,984.00 ",Transferência/PIX
AX2784,10/16/2023,Filial02 / Niterói - RJ,Fone,38, R$ 159.00 ," R$ 6,042.00 ",Cartão de Crédito
AX4950,10/16/2023,Matriz - SP Capital,Mala,30, R$ 499.19 ," R$ 14,975.70 ",Transferência/PIX
AX2785,10/16/2023,Filial02 / Niterói - RJ,Tênis,32, R$ 320.19 ," R$ 10,246.08 ",Transferência/PIX
AX4953,10/16/2023,Filial01 / Vitória - ES,Bolsa,48, R$ 999.00 ," R$ 47,952.00 ",Cartão de Crédito
AX4951,10/16/2023,Matriz - SP Capital,Bolsa,34, R$ 999.00 ," R$ 33,966.00 ",Cartão de Crédito
AX4955,10/16/2023,Matriz - SP Capital,Carteira,102, R$ 210.00 ," R$ 21,420.00 ",Transferência/PIX
AX4952,10/16/2023,Matriz - SP Capital,Fone,66, R$ 159.00 ," R$ 10,494.00 ",Cartão de Crédito
AX4958,10/17/2023,Filial01 / Vitória - ES,Mala,15, R$ 499.19 ," R$ 7,487.85 ",Cartão de Crédito
AX2793,10/17/2023,Filial02 / Niterói - RJ,Fone,39, R$ 159.00 ," R$ 6,201.00 ",Transferência/PIX
AX4957,10/17/2023,Matriz - SP Capital,Fone,52, R$ 159.00 ," R$ 8,268.00 ",Transferência/PIX
AX4956,10/17/2023,Matriz - SP Capital,Tênis,36, R$ 320.19 ," R$ 11,526.84 ",Transferência/PIX
AX4960,10/18/2023,Filial01 / Vitória - ES,Bolsa,46, R$ 999.00 ," R$ 45,954.00 ",Cartão de Crédito
AX4962,10/18/2023,Filial01 / Vitória - ES,Mala,38, R$ 499.19 ," R$ 18,969.22 ",Cartão de Crédito
AX4971,10/19/2023,Matriz - SP Capital,Carteira,72, R$ 210.00 ," R$ 15,120.00 ",Cartão de Crédito
AX4965,10/19/2023,Filial01 / Vitória - ES,Tênis,25, R$ 320.19 ," R$ 8,004.75 ",Transferência/PIX
AX4972,10/19/2023,Filial01 / Vitória - ES,Mochila,42, R$ 630.99 ," R$ 26,501.58 ",Cartão de Crédito
AX2796,10/19/2023,Filial02 / Niterói - RJ,Carteira,38, R$ 210.00 ," R$ 7,980.00 ",Cartão de Crédito
AX4969,10/19/2023,Matriz - SP Capital,Tênis,36, R$ 320.19 ," R$ 11,526.84 ",Cartão de Crédito
AX4966,10/19/2023,Filial01 / Vitória - ES,Carteira,40, R$ 210.00 ," R$ 8,400.00 ",Transferência/PIX
AX2805,10/20/2023,Filial02 / Niterói - RJ,Mala,24, R$ 499.19 ," R$ 11,980.56 ",Transferência/PIX
AX2808,10/20/2023,Filial02 / Niterói - RJ,Boné,47, R$ 160.99 ," R$ 7,566.53 ",Cartão de Crédito
AX2809,10/20/2023,Filial02 / Niterói - RJ,Tênis,50, R$ 320.19 ," R$ 16,009.50 ",Cartão de Crédito
AX4978,10/21/2023,Filial01 / Vitória - ES,Garrafa,15, R$ 119.30 ," R$ 1,789.50 ",Cartão de Crédito
AX4984,10/21/2023,Filial01 / Vitória - ES,Carteira,23, R$ 210.00 ," R$ 4,830.00 ",Cartão de Crédito
AX4981,10/21/2023,Filial01 / Vitória - ES,Mochila,19, R$ 630.99 ," R$ 11,988.81 ",Transferência/PIX
AX4976,10/21/2023,Filial01 / Vitória - ES,Bolsa,18, R$ 999.00 ," R$ 17,982.00 ",Cartão de Crédito
AX4979,10/21/2023,Matriz - SP Capital,Fone,98, R$ 159.00 ," R$ 15,582.00 ",Transferência/PIX
AX2816,10/21/2023,Filial02 / Niterói - RJ,Carteira,99, R$ 210.00 ," R$ 20,790.00 ",Cartão de Crédito
AX4977,10/21/2023,Matriz - SP Capital,Mala,51, R$ 499.19 ," R$ 25,458.69 ",Transferência/PIX
AX4985,10/22/2023,Matriz - SP Capital,Mochila,66, R$ 630.99 ," R$ 41,645.34 ",Transferência/PIX
AX4986,10/22/2023,Matriz - SP Capital,Tênis,52, R$ 320.19 ," R$ 16,649.88 ",Transferência/PIX
AX2817,10/22/2023,Filial02 / Niterói - RJ,Tênis,78, R$ 320.19 ," R$ 24,974.82 ",Cartão de Crédito
AX4990,10/22/2023,Filial01 / Vitória - ES,Tênis,16, R$ 320.19 ," R$ 5,123.04 ",Transferência/PIX
AX2820,10/22/2023,Filial02 / Niterói - RJ,Tênis,42, R$ 320.19 ," R$ 13,447.98 ",Cartão de Crédito
AX4987,10/22/2023,Filial01 / Vitória - ES,Garrafa,36, R$ 119.30 ," R$ 4,294.80 ",Transferência/PIX
AX2829,10/23/2023,Filial02 / Niterói - RJ,Fone,33, R$ 159.00 ," R$ 5,247.00 ",Cartão de Crédito
AX4994,10/23/2023,Filial01 / Vitória - ES,Boné,24, R$ 160.99 ," R$ 3,863.76 ",Transferência/PIX
AX4992,10/23/2023,Matriz - SP Capital,Garrafa,76, R$ 119.30 ," R$ 9,066.80 ",Transferência/PIX
AX5006,10/24/2023,Filial01 / Vitória - ES,Carteira,20, R$ 210.00 ," R$ 4,200.00 ",Transferência/PIX
AX2830,10/24/2023,Filial02 / Niterói - RJ,Fone,41, R$ 159.00 ," R$ 6,519.00 ",Cartão de Crédito
AX5007,10/24/2023,Filial01 / Vitória - ES,Garrafa,29, R$ 119.30 ," R$ 3,459.70 ",Transferência/PIX
AX5001,10/24/2023,Filial01 / Vitória - ES,Tênis,45, R$ 320.19 ," R$ 14,408.55 ",Transferência/PIX
AX2836,10/24/2023,Filial02 / Niterói - RJ,Fone,45, R$ 159.00 ," R$ 7,155.00 ",Transferência/PIX
AX4997,10/24/2023,Filial01 / Vitória - ES,Mala,27, R$ 499.19 ," R$ 13,478.13 ",Transferência/PIX
AX5005,10/24/2023,Filial01 / Vitória - ES,Tênis,18, R$ 320.19 ," R$ 5,763.42 ",Cartão de Crédito
AX2844,10/24/2023,Filial02 / Niterói - RJ,Mala,36, R$ 499.19 ," R$ 17,970.84 ",Transferência/PIX
AX5004,10/24/2023,Filial01 / Vitória - ES,Carteira,44, R$ 210.00 ," R$ 9,240.00 ",Cartão de Crédito
AX5000,10/24/2023,Filial01 / Vitória - ES,Fone,40, R$ 159.00 ," R$ 6,360.00 ",Cartão de Crédito
AX5002,10/24/2023,Filial01 / Vitória - ES,Boné,28, R$ 160.99 ," R$ 4,507.72 ",Transferência/PIX
AX4998,10/24/2023,Filial01 / Vitória - ES,Mala,37, R$ 499.19 ," R$ 18,470.03 ",Transferência/PIX
AX5011,10/25/2023,Filial01 / Vitória - ES,Bolsa,50, R$ 999.00 ," R$ 49,950.00 ",Cartão de Crédito
AX5008,10/25/2023,Matriz - SP Capital,Garrafa,37, R$ 119.30 ," R$ 4,414.10 ",Transferência/PIX
AX5014,10/25/2023,Filial01 / Vitória - ES,Fone,50, R$ 159.00 ," R$ 7,950.00 ",Transferência/PIX
AX5020,10/26/2023,Matriz - SP Capital,Carteira,48, R$ 210.00 ," R$ 10,080.00 ",Transferência/PIX
AX2860,10/26/2023,Filial02 / Niterói - RJ,Carteira,38, R$ 210.00 ," R$ 7,980.00 ",Transferência/PIX
AX2857,10/26/2023,Filial02 / Niterói - RJ,Fone,22, R$ 159.00 ," R$ 3,498.00 ",Transferência/PIX
AX5017,10/26/2023,Filial01 / Vitória - ES,Boné,42, R$ 160.99 ," R$ 6,761.58 ",Cartão de Crédito
AX5023,10/26/2023,Filial01 / Vitória - ES,Mochila,26, R$ 630.99 ," R$ 16,405.74 ",Transferência/PIX
AX5025,10/26/2023,Matriz - SP Capital,Mochila,76, R$ 630.99 ," R$ 47,955.24 ",Cartão de Crédito
AX5019,10/26/2023,Matriz - SP Capital,Fone,48, R$ 159.00 ," R$ 7,632.00 ",Cartão de Crédito
AX5031,10/28/2023,Matriz - SP Capital,Bolsa,54, R$ 999.00 ," R$ 53,946.00 ",Transferência/PIX
AX5034,10/28/2023,Filial01 / Vitória - ES,Carteira,45, R$ 210.00 ," R$ 9,450.00 ",Cartão de Crédito
AX5029,10/28/2023,Filial01 / Vitória - ES,Garrafa,24, R$ 119.30 ," R$ 2,863.20 ",Transferência/PIX
AX5033,10/28/2023,Filial01 / Vitória - ES,Mochila,43, R$ 630.99 ," R$ 27,132.57 ",Transferência/PIX
AX5027,10/28/2023,Matriz - SP Capital,Mala,76, R$ 499.19 ," R$ 37,938.44 ",Cartão de Crédito
AX5028,10/28/2023,Filial01 / Vitória - ES,Mochila,44, R$ 630.99 ," R$ 27,763.56 ",Transferência/PIX
AX5032,10/28/2023,Matriz - SP Capital,Tênis,192, R$ 320.19 ," R$ 61,476.48 ",Cartão de Crédito
AX5026,10/28/2023,Matriz - SP Capital,Fone,108, R$ 159.00 ," R$ 17,172.00 ",Transferência/PIX
AX2864,10/28/2023,Filial02 / Niterói - RJ,Mochila,81, R$ 630.99 ," R$ 51,110.19 ",Cartão de Crédito
AX5038,10/29/2023,Filial01 / Vitória - ES,Fone,39, R$ 159.00 ," R$ 6,201.00 ",Transferência/PIX
AX2873,10/29/2023,Filial02 / Niterói - RJ,Bolsa,15, R$ 999.00 ," R$ 14,985.00 ",Cartão de Crédito
AX5037,10/29/2023,Matriz - SP Capital,Carteira,160, R$ 210.00 ," R$ 33,600.00 ",Cartão de Crédito
AX5040,10/29/2023,Matriz - SP Capital,Fone,64, R$ 159.00 ," R$ 10,176.00 ",Cartão de Crédito
AX5046,10/30/2023,Matriz - SP Capital,Mochila,50, R$ 630.99 ," R$ 31,549.50 ",Transferência/PIX
AX2878,10/30/2023,Filial02 / Niterói - RJ,Fone,32, R$ 159.00 ," R$ 5,088.00 ",Cartão de Crédito
AX5047,10/30/2023,Matriz - SP Capital,Mochila,132, R$ 630.99 ," R$ 83,290.68 ",Transferência/PIX
AX2881,10/30/2023,Filial02 / Niterói - RJ,Garrafa,38, R$ 119.30 ," R$ 4,533.40 ",Cartão de Crédito
AX2877,10/30/2023,Filial02 / Niterói - RJ,Tênis,41, R$ 320.19 ," R$ 13,127.79 ",Cartão de Crédito
AX5042,10/30/2023,Filial01 / Vitória - ES,Fone,46, R$ 159.00 ," R$ 7,314.00 ",Cartão de Crédito
AX5052,10/31/2023,Matriz - SP Capital,Carteira,54, R$ 210.00 ," R$ 11,340.00 ",Transferência/PIX
AX5053,10/31/2023,Matriz - SP Capital,Boné,94, R$ 160.99 ," R$ 15,133.06 ",Transferência/PIX
AX5049,10/31/2023,Filial01 / Vitória - ES,Tênis,44, R$ 320.19 ," R$ 14,088.36 ",Cartão de Crédito
AX5051,10/31/2023,Filial01 / Vitória - ES,Mochila,38, R$ 630.99 ," R$ 23,977.62 ",Cartão de Crédito
AX5055,11/1/2023,Filial01 / Vitória - ES,Carteira,15, R$ 210.00 ," R$ 3,150.00 ",Cartão de Crédito
AX5061,11/2/2023,Matriz - SP Capital,Carteira,76, R$ 210.00 ," R$ 15,960.00 ",Cartão de Crédito
AX2887,11/2/2023,Filial02 / Niterói - RJ,Mochila,22, R$ 630.99 ," R$ 13,881.78 ",Cartão de Crédito
AX2892,11/3/2023,Filial02 / Niterói - RJ,Mochila,23, R$ 630.99 ," R$ 14,512.77 ",Transferência/PIX
AX2893,11/3/2023,Filial02 / Niterói - RJ,Garrafa,111, R$ 119.30 ," R$ 13,242.30 ",Cartão de Crédito
AX5064,11/4/2023,Matriz - SP Capital,Carteira,104, R$ 210.00 ," R$ 21,840.00 ",Transferência/PIX
AX2901,11/4/2023,Filial02 / Niterói - RJ,Bolsa,19, R$ 999.00 ," R$ 18,981.00 ",Cartão de Crédito
AX5066,11/4/2023,Filial01 / Vitória - ES,Carteira,49, R$ 210.00 ," R$ 10,290.00 ",Cartão de Crédito
AX5073,11/5/2023,Filial01 / Vitória - ES,Carteira,23, R$ 210.00 ," R$ 4,830.00 ",Transferência/PIX
AX2907,11/5/2023,Filial02 / Niterói - RJ,Boné,15, R$ 160.99 ," R$ 2,414.85 ",Transferência/PIX
AX5071,11/5/2023,Filial01 / Vitória - ES,Mala,16, R$ 499.19 ," R$ 7,987.04 ",Transferência/PIX
AX5074,11/5/2023,Filial01 / Vitória - ES,Mala,23, R$ 499.19 ," R$ 11,481.37 ",Cartão de Crédito
AX5070,11/5/2023,Filial01 / Vitória - ES,Carteira,51, R$ 210.00 ," R$ 10,710.00 ",Transferência/PIX
AX5076,11/5/2023,Filial01 / Vitória - ES,Mala,52, R$ 499.19 ," R$ 25,957.88 ",Cartão de Crédito
AX5072,11/5/2023,Filial01 / Vitória - ES,Mochila,20, R$ 630.99 ," R$ 12,619.80 ",Cartão de Crédito
AX5080,11/6/2023,Matriz - SP Capital,Fone,38, R$ 159.00 ," R$ 6,042.00 ",Transferência/PIX
AX5077,11/6/2023,Matriz - SP Capital,Boné,88, R$ 160.99 ," R$ 14,167.12 ",Transferência/PIX
AX2917,11/6/2023,Filial02 / Niterói - RJ,Mochila,28, R$ 630.99 ," R$ 17,667.72 ",Cartão de Crédito
AX2925,11/7/2023,Filial02 / Niterói - RJ,Carteira,23, R$ 210.00 ," R$ 4,830.00 ",Cartão de Crédito
AX5087,11/7/2023,Matriz - SP Capital,Fone,42, R$ 159.00 ," R$ 6,678.00 ",Cartão de Crédito
AX5092,11/7/2023,Filial01 / Vitória - ES,Fone,29, R$ 159.00 ," R$ 4,611.00 ",Cartão de Crédito
AX5091,11/7/2023,Matriz - SP Capital,Boné,56, R$ 160.99 ," R$ 9,015.44 ",Cartão de Crédito
AX5093,11/7/2023,Matriz - SP Capital,Fone,70, R$ 159.00 ," R$ 11,130.00 ",Transferência/PIX
AX5090,11/7/2023,Matriz - SP Capital,Fone,98, R$ 159.00 ," R$ 15,582.00 ",Transferência/PIX
AX5088,11/7/2023,Matriz - SP Capital,Boné,172, R$ 160.99 ," R$ 27,690.28 ",Transferência/PIX
AX5095,11/7/2023,Matriz - SP Capital,Mala,94, R$ 499.19 ," R$ 46,923.86 ",Cartão de Crédito
AX5102,11/8/2023,Filial01 / Vitória - ES,Boné,48, R$ 160.99 ," R$ 7,727.52 ",Cartão de Crédito
AX5103,11/8/2023,Filial01 / Vitória - ES,Bolsa,39, R$ 999.00 ," R$ 38,961.00 ",Cartão de Crédito
AX5097,11/8/2023,Filial01 / Vitória - ES,Carteira,48, R$ 210.00 ," R$ 10,080.00 ",Transferência/PIX
AX5101,11/8/2023,Filial01 / Vitória - ES,Bolsa,23, R$ 999.00 ," R$ 22,977.00 ",Transferência/PIX
AX5108,11/9/2023,Filial01 / Vitória - ES,Mala,18, R$ 499.19 ," R$ 8,985.42 ",Transferência/PIX
AX5112,11/9/2023,Filial01 / Vitória - ES,Bolsa,15, R$ 999.00 ," R$ 14,985.00 ",Cartão de Crédito
AX5107,11/9/2023,Filial01 / Vitória - ES,Tênis,32, R$ 320.19 ," R$ 10,246.08 ",Cartão de Crédito
AX5111,11/9/2023,Filial01 / Vitória - ES,Garrafa,24, R$ 119.30 ," R$ 2,863.20 ",Transferência/PIX
AX5109,11/9/2023,Filial01 / Vitória - ES,Garrafa,30, R$ 119.30 ," R$ 3,579.00 ",Transferência/PIX
AX2932,11/10/2023,Filial02 / Niterói - RJ,Garrafa,38, R$ 119.30 ," R$ 4,533.40 ",Cartão de Crédito
AX2936,11/10/2023,Filial02 / Niterói - RJ,Mochila,144, R$ 630.99 ," R$ 90,862.56 ",Cartão de Crédito
AX5120,11/11/2023,Filial01 / Vitória - ES,Carteira,16, R$ 210.00 ," R$ 3,360.00 ",Cartão de Crédito
AX2944,11/11/2023,Filial02 / Niterói - RJ,Carteira,16, R$ 210.00 ," R$ 3,360.00 ",Transferência/PIX
AX2938,11/11/2023,Filial02 / Niterói - RJ,Mochila,26, R$ 630.99 ," R$ 16,405.74 ",Cartão de Crédito
AX5115,11/11/2023,Filial01 / Vitória - ES,Carteira,42, R$ 210.00 ," R$ 8,820.00 ",Cartão de Crédito
AX5113,11/11/2023,Filial01 / Vitória - ES,Carteira,26, R$ 210.00 ," R$ 5,460.00 ",Transferência/PIX
AX5116,11/11/2023,Matriz - SP Capital,Garrafa,90, R$ 119.30 ," R$ 10,737.00 ",Transferência/PIX
AX2946,11/12/2023,Filial02 / Niterói - RJ,Mochila,26, R$ 630.99 ," R$ 16,405.74 ",Cartão de Crédito
AX5128,11/12/2023,Filial01 / Vitória - ES,Carteira,47, R$ 210.00 ," R$ 9,870.00 ",Cartão de Crédito
AX5129,11/12/2023,Filial01 / Vitória - ES,Carteira,22, R$ 210.00 ," R$ 4,620.00 ",Cartão de Crédito
AX5124,11/12/2023,Filial01 / Vitória - ES,Mala,35, R$ 499.19 ," R$ 17,471.65 ",Cartão de Crédito
AX5123,11/12/2023,Filial01 / Vitória - ES,Bolsa,20, R$ 999.00 ," R$ 19,980.00 ",Transferência/PIX
AX5122,11/12/2023,Matriz - SP Capital,Mala,50, R$ 499.19 ," R$ 24,959.50 ",Transferência/PIX
AX5125,11/12/2023,Matriz - SP Capital,Mochila,52, R$ 630.99 ," R$ 32,811.48 ",Cartão de Crédito
AX2948,11/12/2023,Filial02 / Niterói - RJ,Mochila,99, R$ 630.99 ," R$ 62,468.01 ",Cartão de Crédito
AX5131,11/13/2023,Filial01 / Vitória - ES,Mochila,43, R$ 630.99 ," R$ 27,132.57 ",Transferência/PIX
AX5132,11/13/2023,Filial01 / Vitória - ES,Boné,48, R$ 160.99 ," R$ 7,727.52 ",Transferência/PIX
AX5133,11/13/2023,Filial01 / Vitória - ES,Boné,44, R$ 160.99 ," R$ 7,083.56 ",Transferência/PIX
AX2957,11/14/2023,Filial02 / Niterói - RJ,Mochila,35, R$ 630.99 ," R$ 22,084.65 ",Cartão de Crédito
AX5135,11/14/2023,Matriz - SP Capital,Fone,21, R$ 159.00 ," R$ 3,339.00 ",Transferência/PIX
AX5137,11/14/2023,Filial01 / Vitória - ES,Bolsa,20, R$ 999.00 ," R$ 19,980.00 ",Transferência/PIX
AX5136,11/14/2023,Matriz - SP Capital,Mala,44, R$ 499.19 ," R$ 21,964.36 ",Transferência/PIX
AX5143,11/15/2023,Matriz - SP Capital,Boné,34, R$ 160.99 ," R$ 5,473.66 ",Cartão de Crédito
AX5139,11/15/2023,Matriz - SP Capital,Garrafa,88, R$ 119.30 ," R$ 10,498.40 ",Transferência/PIX
AX5153,11/16/2023,Matriz - SP Capital,Garrafa,34, R$ 119.30 ," R$ 4,056.20 ",Cartão de Crédito
AX5144,11/16/2023,Filial01 / Vitória - ES,Mala,49, R$ 499.19 ," R$ 24,460.31 ",Cartão de Crédito
AX5150,11/16/2023,Filial01 / Vitória - ES,Mochila,45, R$ 630.99 ," R$ 28,394.55 ",Transferência/PIX
AX5152,11/16/2023,Filial01 / Vitória - ES,Fone,30, R$ 159.00 ," R$ 4,770.00 ",Cartão de Crédito
AX5147,11/16/2023,Matriz - SP Capital,Tênis,78, R$ 320.19 ," R$ 24,974.82 ",Transferência/PIX
AX2977,11/17/2023,Filial02 / Niterói - RJ,Boné,16, R$ 160.99 ," R$ 2,575.84 ",Transferência/PIX
AX2983,11/17/2023,Filial02 / Niterói - RJ,Carteira,50, R$ 210.00 ," R$ 10,500.00 ",Transferência/PIX
AX2985,11/17/2023,Filial02 / Niterói - RJ,Tênis,96, R$ 320.19 ," R$ 30,738.24 ",Transferência/PIX
AX5161,11/18/2023,Filial01 / Vitória - ES,Mochila,46, R$ 630.99 ," R$ 29,025.54 ",Transferência/PIX
AX5154,11/18/2023,Filial01 / Vitória - ES,Carteira,46, R$ 210.00 ," R$ 9,660.00 ",Cartão de Crédito
AX5158,11/18/2023,Filial01 / Vitória - ES,Mochila,30, R$ 630.99 ," R$ 18,929.70 ",Transferência/PIX
AX2991,11/18/2023,Filial02 / Niterói - RJ,Mala,38, R$ 499.19 ," R$ 18,969.22 ",Cartão de Crédito
AX5160,11/18/2023,Filial01 / Vitória - ES,Mochila,38, R$ 630.99 ," R$ 23,977.62 ",Cartão de Crédito
AX5156,11/18/2023,Filial01 / Vitória - ES,Fone,43, R$ 159.00 ," R$ 6,837.00 ",Cartão de Crédito
AX5157,11/18/2023,Filial01 / Vitória - ES,Fone,27, R$ 159.00 ," R$ 4,293.00 ",Transferência/PIX
AX2990,11/18/2023,Filial02 / Niterói - RJ,Mochila,30, R$ 630.99 ," R$ 18,929.70 ",Cartão de Crédito
AX3003,11/19/2023,Filial02 / Niterói - RJ,Boné,20, R$ 160.99 ," R$ 3,219.80 ",Transferência/PIX
AX2997,11/19/2023,Filial02 / Niterói - RJ,Bolsa,50, R$ 999.00 ," R$ 49,950.00 ",Cartão de Crédito
AX5166,11/19/2023,Filial01 / Vitória - ES,Tênis,45, R$ 320.19 ," R$ 14,408.55 ",Transferência/PIX
AX3005,11/19/2023,Filial02 / Niterói - RJ,Tênis,45, R$ 320.19 ," R$ 14,408.55 ",Transferência/PIX
AX3000,11/19/2023,Filial02 / Niterói - RJ,Mochila,49, R$ 630.99 ," R$ 30,918.51 ",Cartão de Crédito
AX5167,11/19/2023,Matriz - SP Capital,Mochila,84, R$ 630.99 ," R$ 53,003.16 ",Transferência/PIX
AX3001,11/19/2023,Filial02 / Niterói - RJ,Bolsa,138, R$ 999.00 ," R$ 137,862.00 ",Transferência/PIX
AX5168,11/19/2023,Filial01 / Vitória - ES,Garrafa,49, R$ 119.30 ," R$ 5,845.70 ",Cartão de Crédito
AX3004,11/19/2023,Filial02 / Niterói - RJ,Tênis,147, R$ 320.19 ," R$ 47,067.93 ",Cartão de Crédito
AX5172,11/20/2023,Matriz - SP Capital,Tênis,34, R$ 320.19 ," R$ 10,886.46 ",Cartão de Crédito
AX5169,11/20/2023,Filial01 / Vitória - ES,Boné,19, R$ 160.99 ," R$ 3,058.81 ",Transferência/PIX
AX3008,11/20/2023,Filial02 / Niterói - RJ,Mala,49, R$ 499.19 ," R$ 24,460.31 ",Cartão de Crédito
AX3010,11/20/2023,Filial02 / Niterói - RJ,Mala,75, R$ 499.19 ," R$ 37,439.25 ",Transferência/PIX
AX5175,11/21/2023,Filial01 / Vitória - ES,Mochila,21, R$ 630.99 ," R$ 13,250.79 ",Cartão de Crédito
AX3021,11/21/2023,Filial02 / Niterói - RJ,Bolsa,36, R$ 999.00 ," R$ 35,964.00 ",Transferência/PIX
AX5174,11/21/2023,Matriz - SP Capital,Fone,104, R$ 159.00 ," R$ 16,536.00 ",Transferência/PIX
AX5177,11/21/2023,Matriz - SP Capital,Carteira,52, R$ 210.00 ," R$ 10,920.00 ",Cartão de Crédito
AX5173,11/21/2023,Matriz - SP Capital,Carteira,100, R$ 210.00 ," R$ 21,000.00 ",Cartão de Crédito
AX5183,11/22/2023,Filial01 / Vitória - ES,Fone,44, R$ 159.00 ," R$ 6,996.00 ",Transferência/PIX
AX5182,11/22/2023,Matriz - SP Capital,Boné,96, R$ 160.99 ," R$ 15,455.04 ",Cartão de Crédito
AX5179,11/22/2023,Matriz - SP Capital,Mala,72, R$ 499.19 ," R$ 35,941.68 ",Transferência/PIX
AX5186,11/23/2023,Filial01 / Vitória - ES,Boné,41, R$ 160.99 ," R$ 6,600.59 ",Transferência/PIX
AX3029,11/23/2023,Filial02 / Niterói - RJ,Mochila,49, R$ 630.99 ," R$ 30,918.51 ",Cartão de Crédito
AX3033,11/24/2023,Filial02 / Niterói - RJ,Tênis,39, R$ 320.19 ," R$ 12,487.41 ",Cartão de Crédito
AX3037,11/24/2023,Filial02 / Niterói - RJ,Tênis,41, R$ 320.19 ," R$ 13,127.79 ",Transferência/PIX
AX3038,11/24/2023,Filial02 / Niterói - RJ,Bolsa,42, R$ 999.00 ," R$ 41,958.00 ",Cartão de Crédito
AX3041,11/24/2023,Filial02 / Niterói - RJ,Garrafa,35, R$ 119.30 ," R$ 4,175.50 ",Transferência/PIX
AX3034,11/24/2023,Filial02 / Niterói - RJ,Mochila,41, R$ 630.99 ," R$ 25,870.59 ",Transferência/PIX
AX5196,11/25/2023,Filial01 / Vitória - ES,Garrafa,21, R$ 119.30 ," R$ 2,505.30 ",Transferência/PIX
AX5195,11/25/2023,Filial01 / Vitória - ES,Bolsa,51, R$ 999.00 ," R$ 50,949.00 ",Transferência/PIX
AX5194,11/25/2023,Filial01 / Vitória - ES,Boné,24, R$ 160.99 ," R$ 3,863.76 ",Transferência/PIX
AX3051,11/26/2023,Filial02 / Niterói - RJ,Boné,23, R$ 160.99 ," R$ 3,702.77 ",Cartão de Crédito
AX5200,11/26/2023,Matriz - SP Capital,Boné,46, R$ 160.99 ," R$ 7,405.54 ",Cartão de Crédito
AX5203,11/26/2023,Matriz - SP Capital,Boné,36, R$ 160.99 ," R$ 5,795.64 ",Transferência/PIX
AX5202,11/26/2023,Filial01 / Vitória - ES,Bolsa,47, R$ 999.00 ," R$ 46,953.00 ",Cartão de Crédito
AX5201,11/26/2023,Filial01 / Vitória - ES,Garrafa,41, R$ 119.30 ," R$ 4,891.30 ",Cartão de Crédito
AX5212,11/27/2023,Filial01 / Vitória - ES,Mala,38, R$ 499.19 ," R$ 18,969.22 ",Transferência/PIX
AX3057,11/27/2023,Filial02 / Niterói - RJ,Bolsa,31, R$ 999.00 ," R$ 30,969.00 ",Transferência/PIX
AX5209,11/27/2023,Filial01 / Vitória - ES,Boné,21, R$ 160.99 ," R$ 3,380.79 ",Cartão de Crédito
AX5208,11/27/2023,Matriz - SP Capital,Boné,54, R$ 160.99 ," R$ 8,693.46 ",Transferência/PIX
AX3055,11/27/2023,Filial02 / Niterói - RJ,Mochila,35, R$ 630.99 ," R$ 22,084.65 ",Transferência/PIX
AX5211,11/27/2023,Filial01 / Vitória - ES,Fone,33, R$ 159.00 ," R$ 5,247.00 ",Transferência/PIX
AX5216,11/28/2023,Filial01 / Vitória - ES,Tênis,32, R$ 320.19 ," R$ 10,246.08 ",Cartão de Crédito
AX5213,11/28/2023,Filial01 / Vitória - ES,Boné,42, R$ 160.99 ," R$ 6,761.58 ",Cartão de Crédito
AX5215,11/28/2023,Matriz - SP Capital,Boné,98, R$ 160.99 ," R$ 15,777.02 ",Cartão de Crédito
AX5221,11/29/2023,Filial01 / Vitória - ES,Garrafa,18, R$ 119.30 ," R$ 2,147.40 ",Transferência/PIX
AX5218,11/29/2023,Matriz - SP Capital,Mochila,80, R$ 630.99 ," R$ 50,479.20 ",Cartão de Crédito
AX5227,11/30/2023,Matriz - SP Capital,Boné,100, R$ 160.99 ," R$ 16,099.00 ",Transferência/PIX
AX5224,11/30/2023,Filial01 / Vitória - ES,Fone,48, R$ 159.00 ," R$ 7,632.00 ",Transferência/PIX
AX3064,11/30/2023,Filial02 / Niterói - RJ,Mochila,43, R$ 630.99 ," R$ 27,132.57 ",Transferência/PIX
AX5236,12/2/2023,Filial01 / Vitória - ES,Boné,36, R$ 160.99 ," R$ 5,795.64 ",Transferência/PIX
AX5231,12/2/2023,Filial01 / Vitória - ES,Mochila,48, R$ 630.99 ," R$ 30,287.52 ",Cartão de Crédito
AX5237,12/2/2023,Filial01 / Vitória - ES,Mochila,19, R$ 630.99 ," R$ 11,988.81 ",Cartão de Crédito
AX5240,12/2/2023,Filial01 / Vitória - ES,Boné,26, R$ 160.99 ," R$ 4,185.74 ",Transferência/PIX
AX3077,12/2/2023,Filial02 / Niterói - RJ,Fone,108, R$ 159.00 ," R$ 17,172.00 ",Cartão de Crédito
AX5234,12/2/2023,Filial01 / Vitória - ES,Tênis,15, R$ 320.19 ," R$ 4,802.85 ",Transferência/PIX
AX5232,12/2/2023,Filial01 / Vitória - ES,Fone,32, R$ 159.00 ," R$ 5,088.00 ",Transferência/PIX
AX5239,12/2/2023,Filial01 / Vitória - ES,Mala,38, R$ 499.19 ," R$ 18,969.22 ",Cartão de Crédito
AX5230,12/2/2023,Matriz - SP Capital,Mala,208, R$ 499.19 ," R$ 103,831.52 ",Transferência/PIX
AX3088,12/3/2023,Filial02 / Niterói - RJ,Fone,15, R$ 159.00 ," R$ 2,385.00 ",Transferência/PIX
AX5243,12/3/2023,Filial01 / Vitória - ES,Mochila,42, R$ 630.99 ," R$ 26,501.58 ",Cartão de Crédito
AX5247,12/3/2023,Filial01 / Vitória - ES,Garrafa,17, R$ 119.30 ," R$ 2,028.10 ",Cartão de Crédito
AX5241,12/3/2023,Filial01 / Vitória - ES,Boné,15, R$ 160.99 ," R$ 2,414.85 ",Transferência/PIX
AX5246,12/3/2023,Filial01 / Vitória - ES,Mala,37, R$ 499.19 ," R$ 18,470.03 ",Transferência/PIX
AX5242,12/3/2023,Filial01 / Vitória - ES,Mala,52, R$ 499.19 ," R$ 25,957.88 ",Transferência/PIX
AX5245,12/3/2023,Matriz - SP Capital,Tênis,172, R$ 320.19 ," R$ 55,072.68 ",Cartão de Crédito
AX5255,12/4/2023,Matriz - SP Capital,Fone,84, R$ 159.00 ," R$ 13,356.00 ",Transferência/PIX
AX3099,12/4/2023,Filial02 / Niterói - RJ,Mala,52, R$ 499.19 ," R$ 25,957.88 ",Transferência/PIX
AX5248,12/4/2023,Filial01 / Vitória - ES,Mala,52, R$ 499.19 ," R$ 25,957.88 ",Cartão de Crédito
AX5253,12/4/2023,Filial01 / Vitória - ES,Boné,37, R$ 160.99 ," R$ 5,956.63 ",Cartão de Crédito
AX3090,12/4/2023,Filial02 / Niterói - RJ,Carteira,63, R$ 210.00 ," R$ 13,230.00 ",Transferência/PIX
AX3097,12/4/2023,Filial02 / Niterói - RJ,Tênis,25, R$ 320.19 ," R$ 8,004.75 ",Cartão de Crédito
AX3091,12/4/2023,Filial02 / Niterói - RJ,Boné,47, R$ 160.99 ," R$ 7,566.53 ",Transferência/PIX
AX5250,12/4/2023,Matriz - SP Capital,Mochila,96, R$ 630.99 ," R$ 60,575.04 ",Cartão de Crédito
AX5252,12/4/2023,Filial01 / Vitória - ES,Garrafa,46, R$ 119.30 ," R$ 5,487.80 ",Cartão de Crédito
AX5256,12/4/2023,Matriz - SP Capital,Bolsa,100, R$ 999.00 ," R$ 99,900.00 ",Transferência/PIX
AX5259,12/5/2023,Filial01 / Vitória - ES,Boné,31, R$ 160.99 ," R$ 4,990.69 ",Cartão de Crédito
AX5263,12/5/2023,Matriz - SP Capital,Boné,40, R$ 160.99 ," R$ 6,439.60 ",Transferência/PIX
AX5258,12/5/2023,Matriz - SP Capital,Garrafa,44, R$ 119.30 ," R$ 5,249.20 ",Transferência/PIX
AX5260,12/5/2023,Matriz - SP Capital,Boné,94, R$ 160.99 ," R$ 15,133.06 ",Transferência/PIX
AX5261,12/5/2023,Matriz - SP Capital,Fone,132, R$ 159.00 ," R$ 20,988.00 ",Cartão de Crédito
AX5266,12/6/2023,Matriz - SP Capital,Mala,84, R$ 499.19 ," R$ 41,931.96 ",Transferência/PIX
AX5269,12/6/2023,Filial01 / Vitória - ES,Mochila,34, R$ 630.99 ," R$ 21,453.66 ",Cartão de Crédito
AX5268,12/6/2023,Matriz - SP Capital,Fone,66, R$ 159.00 ," R$ 10,494.00 ",Transferência/PIX
AX5267,12/6/2023,Matriz - SP Capital,Mala,92, R$ 499.19 ," R$ 45,925.48 ",Cartão de Crédito
AX5265,12/6/2023,Matriz - SP Capital,Carteira,102, R$ 210.00 ," R$ 21,420.00 ",Transferência/PIX
AX5270,12/7/2023,Filial01 / Vitória - ES,Mochila,18, R$ 630.99 ," R$ 11,357.82 ",Transferência/PIX
AX5273,12/7/2023,Filial01 / Vitória - ES,Boné,22, R$ 160.99 ," R$ 3,541.78 ",Transferência/PIX
AX5275,12/7/2023,Matriz - SP Capital,Tênis,88, R$ 320.19 ," R$ 28,176.72 ",Cartão de Crédito
AX5272,12/7/2023,Matriz - SP Capital,Mochila,84, R$ 630.99 ," R$ 53,003.16 ",Transferência/PIX
AX3113,12/8/2023,Filial02 / Niterói - RJ,Boné,51, R$ 160.99 ," R$ 8,210.49 ",Cartão de Crédito
AX3119,12/9/2023,Filial02 / Niterói - RJ,Carteira,17, R$ 210.00 ," R$ 3,570.00 ",Cartão de Crédito
AX5281,12/9/2023,Matriz - SP Capital,Fone,36, R$ 159.00 ," R$ 5,724.00 ",Cartão de Crédito
AX5279,12/9/2023,Filial01 / Vitória - ES,Mala,24, R$ 499.19 ," R$ 11,980.56 ",Transferência/PIX
AX5283,12/9/2023,Filial01 / Vitória - ES,Bolsa,24, R$ 999.00 ," R$ 23,976.00 ",Cartão de Crédito
AX3121,12/9/2023,Filial02 / Niterói - RJ,Garrafa,50, R$ 119.30 ," R$ 5,965.00 ",Transferência/PIX
AX3117,12/9/2023,Filial02 / Niterói - RJ,Tênis,37, R$ 320.19 ," R$ 11,847.03 ",Transferência/PIX
AX3135,12/10/2023,Filial02 / Niterói - RJ,Carteira,17, R$ 210.00 ," R$ 3,570.00 ",Cartão de Crédito
AX5289,12/10/2023,Filial01 / Vitória - ES,Bolsa,26, R$ 999.00 ," R$ 25,974.00 ",Transferência/PIX
AX3130,12/10/2023,Filial02 / Niterói - RJ,Garrafa,34, R$ 119.30 ," R$ 4,056.20 ",Transferência/PIX
AX3137,12/10/2023,Filial02 / Niterói - RJ,Boné,35, R$ 160.99 ," R$ 5,634.65 ",Cartão de Crédito
AX5291,12/10/2023,Filial01 / Vitória - ES,Mala,43, R$ 499.19 ," R$ 21,465.17 ",Transferência/PIX
AX5290,12/10/2023,Filial01 / Vitória - ES,Carteira,34, R$ 210.00 ," R$ 7,140.00 ",Transferência/PIX
AX5286,12/10/2023,Filial01 / Vitória - ES,Mala,20, R$ 499.19 ," R$ 9,983.80 ",Cartão de Crédito
AX3131,12/10/2023,Filial02 / Niterói - RJ,Garrafa,129, R$ 119.30 ," R$ 15,389.70 ",Cartão de Crédito
AX5296,12/11/2023,Filial01 / Vitória - ES,Bolsa,50, R$ 999.00 ," R$ 49,950.00 ",Transferência/PIX
AX3139,12/11/2023,Filial02 / Niterói - RJ,Carteira,18, R$ 210.00 ," R$ 3,780.00 ",Cartão de Crédito
AX3143,12/11/2023,Filial02 / Niterói - RJ,Bolsa,31, R$ 999.00 ," R$ 30,969.00 ",Cartão de Crédito
AX3144,12/11/2023,Filial02 / Niterói - RJ,Bolsa,30, R$ 999.00 ," R$ 29,970.00 ",Cartão de Crédito
AX5297,12/11/2023,Filial01 / Vitória - ES,Boné,30, R$ 160.99 ," R$ 4,829.70 ",Cartão de Crédito
AX5293,12/11/2023,Filial01 / Vitória - ES,Tênis,45, R$ 320.19 ," R$ 14,408.55 ",Cartão de Crédito
AX5292,12/11/2023,Matriz - SP Capital,Mochila,148, R$ 630.99 ," R$ 93,386.52 ",Cartão de Crédito
AX5302,12/12/2023,Filial01 / Vitória - ES,Boné,23, R$ 160.99 ," R$ 3,702.77 ",Transferência/PIX
AX5303,12/12/2023,Filial01 / Vitória - ES,Garrafa,39, R$ 119.30 ," R$ 4,652.70 ",Cartão de Crédito
AX3153,12/12/2023,Filial02 / Niterói - RJ,Fone,45, R$ 159.00 ," R$ 7,155.00 ",Transferência/PIX
AX5301,12/12/2023,Filial01 / Vitória - ES,Boné,18, R$ 160.99 ," R$ 2,897.82 ",Transferência/PIX
AX5312,12/13/2023,Matriz - SP Capital,Mochila,88, R$ 630.99 ," R$ 55,527.12 ",Cartão de Crédito
AX5313,12/13/2023,Filial01 / Vitória - ES,Boné,28, R$ 160.99 ," R$ 4,507.72 ",Cartão de Crédito
AX5309,12/13/2023,Filial01 / Vitória - ES,Mochila,37, R$ 630.99 ," R$ 23,346.63 ",Cartão de Crédito
AX5314,12/13/2023,Filial01 / Vitória - ES,Mochila,49, R$ 630.99 ," R$ 30,918.51 ",Cartão de Crédito
AX5310,12/13/2023,Filial01 / Vitória - ES,Carteira,29, R$ 210.00 ," R$ 6,090.00 ",Transferência/PIX
AX3157,12/14/2023,Filial02 / Niterói - RJ,Mochila,45, R$ 630.99 ," R$ 28,394.55 ",Cartão de Crédito
AX5316,12/14/2023,Matriz - SP Capital,Bolsa,74, R$ 999.00 ," R$ 73,926.00 ",Transferência/PIX
AX5319,12/14/2023,Filial01 / Vitória - ES,Garrafa,42, R$ 119.30 ," R$ 5,010.60 ",Transferência/PIX
AX3162,12/14/2023,Filial02 / Niterói - RJ,Tênis,75, R$ 320.19 ," R$ 24,014.25 ",Cartão de Crédito
AX5315,12/14/2023,Matriz - SP Capital,Bolsa,64, R$ 999.00 ," R$ 63,936.00 ",Transferência/PIX
AX3165,12/15/2023,Filial02 / Niterói - RJ,Bolsa,52, R$ 999.00 ," R$ 51,948.00 ",Transferência/PIX
AX3168,12/15/2023,Filial02 / Niterói - RJ,Boné,41, R$ 160.99 ," R$ 6,600.59 ",Cartão de Crédito
AX3172,12/15/2023,Filial02 / Niterói - RJ,Mala,117, R$ 499.19 ," R$ 58,405.23 ",Cartão de Crédito
AX3170,12/15/2023,Filial02 / Niterói - RJ,Tênis,99, R$ 320.19 ," R$ 31,698.81 ",Transferência/PIX
AX3178,12/16/2023,Filial02 / Niterói - RJ,Bolsa,43, R$ 999.00 ," R$ 42,957.00 ",Transferência/PIX
AX5327,12/16/2023,Filial01 / Vitória - ES,Boné,47, R$ 160.99 ," R$ 7,566.53 ",Cartão de Crédito
AX5320,12/16/2023,Filial01 / Vitória - ES,Carteira,44, R$ 210.00 ," R$ 9,240.00 ",Transferência/PIX
AX3179,12/16/2023,Filial02 / Niterói - RJ,Carteira,43, R$ 210.00 ," R$ 9,030.00 ",Cartão de Crédito
AX5326,12/16/2023,Filial01 / Vitória - ES,Fone,43, R$ 159.00 ," R$ 6,837.00 ",Cartão de Crédito
AX5321,12/16/2023,Filial01 / Vitória - ES,Bolsa,50, R$ 999.00 ," R$ 49,950.00 ",Cartão de Crédito
AX5323,12/16/2023,Matriz - SP Capital,Boné,192, R$ 160.99 ," R$ 30,910.08 ",Cartão de Crédito
AX5324,12/16/2023,Matriz - SP Capital,Garrafa,188, R$ 119.30 ," R$ 22,428.40 ",Transferência/PIX
AX3183,12/17/2023,Filial02 / Niterói - RJ,Mala,31, R$ 499.19 ," R$ 15,474.89 ",Cartão de Crédito
AX5328,12/17/2023,Matriz - SP Capital,Garrafa,62, R$ 119.30 ," R$ 7,396.60 ",Cartão de Crédito
AX3186,12/17/2023,Filial02 / Niterói - RJ,Mala,46, R$ 499.19 ," R$ 22,962.74 ",Cartão de Crédito
AX3188,12/17/2023,Filial02 / Niterói - RJ,Carteira,51, R$ 210.00 ," R$ 10,710.00 ",Transferência/PIX
AX5330,12/17/2023,Matriz - SP Capital,Mala,80, R$ 499.19 ," R$ 39,935.20 ",Cartão de Crédito
AX5334,12/18/2023,Filial01 / Vitória - ES,Fone,32, R$ 159.00 ," R$ 5,088.00 ",Cartão de Crédito
AX5332,12/18/2023,Filial01 / Vitória - ES,Mala,45, R$ 499.19 ," R$ 22,463.55 ",Cartão de Crédito
AX3191,12/18/2023,Filial02 / Niterói - RJ,Bolsa,78, R$ 999.00 ," R$ 77,922.00 ",Transferência/PIX
AX5331,12/18/2023,Filial01 / Vitória - ES,Tênis,52, R$ 320.19 ," R$ 16,649.88 ",Transferência/PIX
AX5336,12/19/2023,Matriz - SP Capital,Tênis,40, R$ 320.19 ," R$ 12,807.60 ",Cartão de Crédito
AX3199,12/19/2023,Filial02 / Niterói - RJ,Boné,33, R$ 160.99 ," R$ 5,312.67 ",Transferência/PIX
AX5341,12/19/2023,Matriz - SP Capital,Mala,82, R$ 499.19 ," R$ 40,933.58 ",Cartão de Crédito
AX5338,12/19/2023,Matriz - SP Capital,Fone,196, R$ 159.00 ," R$ 31,164.00 ",Cartão de Crédito
AX5340,12/19/2023,Filial01 / Vitória - ES,Carteira,39, R$ 210.00 ," R$ 8,190.00 ",Transferência/PIX
AX5346,12/20/2023,Filial01 / Vitória - ES,Carteira,49, R$ 210.00 ," R$ 10,290.00 ",Cartão de Crédito
AX5345,12/20/2023,Filial01 / Vitória - ES,Tênis,39, R$ 320.19 ," R$ 12,487.41 ",Transferência/PIX
AX5347,12/20/2023,Matriz - SP Capital,Carteira,108, R$ 210.00 ," R$ 22,680.00 ",Cartão de Crédito
AX5344,12/20/2023,Matriz - SP Capital,Mala,92, R$ 499.19 ," R$ 45,925.48 ",Transferência/PIX
AX5352,12/21/2023,Matriz - SP Capital,Garrafa,108, R$ 119.30 ," R$ 12,884.40 ",Transferência/PIX
AX5351,12/21/2023,Filial01 / Vitória - ES,Mochila,41, R$ 630.99 ," R$ 25,870.59 ",Cartão de Crédito
AX3220,12/23/2023,Filial02 / Niterói - RJ,Garrafa,15, R$ 119.30 ," R$ 1,789.50 ",Transferência/PIX
AX5355,12/23/2023,Filial01 / Vitória - ES,Mala,27, R$ 499.19 ," R$ 13,478.13 ",Transferência/PIX
AX5354,12/23/2023,Filial01 / Vitória - ES,Mala,40, R$ 499.19 ," R$ 19,967.60 ",Cartão de Crédito
AX3223,12/24/2023,Filial02 / Niterói - RJ,Carteira,49, R$ 210.00 ," R$ 10,290.00 ",Cartão de Crédito
AX3221,12/24/2023,Filial02 / Niterói - RJ,Mochila,16, R$ 630.99 ," R$ 10,095.84 ",Cartão de Crédito
AX5361,12/24/2023,Filial01 / Vitória - ES,Mala,24, R$ 499.19 ," R$ 11,980.56 ",Transferência/PIX
AX3222,12/24/2023,Filial02 / Niterói - RJ,Bolsa,43, R$ 999.00 ," R$ 42,957.00 ",Cartão de Crédito
AX5370,12/25/2023,Matriz - SP Capital,Carteira,42, R$ 210.00 ," R$ 8,820.00 ",Cartão de Crédito
AX5366,12/25/2023,Filial01 / Vitória - ES,Mochila,41, R$ 630.99 ," R$ 25,870.59 ",Transferência/PIX
AX5369,12/25/2023,Matriz - SP Capital,Garrafa,108, R$ 119.30 ," R$ 12,884.40 ",Cartão de Crédito
AX5375,12/26/2023,Filial01 / Vitória - ES,Bolsa,31, R$ 999.00 ," R$ 30,969.00 ",Cartão de Crédito
AX5374,12/26/2023,Filial01 / Vitória - ES,Mala,31, R$ 499.19 ," R$ 15,474.89 ",Cartão de Crédito
AX5371,12/26/2023,Filial01 / Vitória - ES,Tênis,47, R$ 320.19 ," R$ 15,048.93 ",Transferência/PIX
AX3230,12/26/2023,Filial02 / Niterói - RJ,Garrafa,44, R$ 119.30 ," R$ 5,249.20 ",Transferência/PIX
AX5373,12/26/2023,Matriz - SP Capital,Carteira,76, R$ 210.00 ," R$ 15,960.00 ",Transferência/PIX
AX5380,12/27/2023,Filial01 / Vitória - ES,Fone,43, R$ 159.00 ," R$ 6,837.00 ",Transferência/PIX
AX5379,12/27/2023,Matriz - SP Capital,Tênis,208, R$ 320.19 ," R$ 66,599.52 ",Transferência/PIX
AX5376,12/27/2023,Matriz - SP Capital,Tênis,62, R$ 320.19 ," R$ 19,851.78 ",Transferência/PIX
AX5386,12/28/2023,Filial01 / Vitória - ES,Fone,19, R$ 159.00 ," R$ 3,021.00 ",Transferência/PIX
AX5383,12/28/2023,Filial01 / Vitória - ES,Bolsa,16, R$ 999.00 ," R$ 15,984.00 ",Cartão de Crédito
AX5389,12/28/2023,Filial01 / Vitória - ES,Tênis,49, R$ 320.19 ," R$ 15,689.31 ",Transferência/PIX
AX5388,12/28/2023,Filial01 / Vitória - ES,Carteira,26, R$ 210.00 ," R$ 5,460.00 ",Cartão de Crédito
AX3237,12/28/2023,Filial02 / Niterói - RJ,Bolsa,90, R$ 999.00 ," R$ 89,910.00 ",Cartão de Crédito
AX5381,12/28/2023,Matriz - SP Capital,Mala,196, R$ 499.19 ," R$ 97,841.24 ",Cartão de Crédito
AX5394,12/30/2023,Filial01 / Vitória - ES,Garrafa,15, R$ 119.30 ," R$ 1,789.50 ",Transferência/PIX
AX3250,12/30/2023,Filial02 / Niterói - RJ,Boné,26, R$ 160.99 ," R$ 4,185.74 ",Cartão de Crédito
AX5396,12/30/2023,Filial01 / Vitória - ES,Fone,36, R$ 159.00 ," R$ 5,724.00 ",Cartão de Crédito
AX5395,12/30/2023,Matriz - SP Capital,Fone,42, R$ 159.00 ," R$ 6,678.00 ",Transferência/PIX
AX5391,12/30/2023,Filial01 / Vitória - ES,Mala,33, R$ 499.19 ," R$ 16,473.27 ",Cartão de Crédito
AX3256,12/31/2023,Filial02 / Niterói - RJ,Bolsa,15, R$ 999.00 ," R$ 14,985.00 ",Cartão de Crédito
AX5405,12/31/2023,Filial01 / Vitória - ES,Boné,34, R$ 160.99 ," R$ 5,473.66 ",Transferência/PIX
AX5403,12/31/2023,Matriz - SP Capital,Mochila,68, R$ 630.99 ," R$ 42,907.32 ",Cartão de Crédito
AX5410,12/31/2023,Filial01 / Vitória - ES,Carteira,35, R$ 210.00 ," R$ 7,350.00 ",Cartão de Crédito
AX5408,12/31/2023,Filial01 / Vitória - ES,Mochila,19, R$ 630.99 ," R$ 11,988.81 ",Cartão de Crédito
AX5400,12/31/2023,Matriz - SP Capital,Fone,60, R$ 159.00 ," R$ 9,540.00 ",Transferência/PIX
AX5406,12/31/2023,Matriz - SP Capital,Garrafa,100, R$ 119.30 ," R$ 11,930.00 ",Transferência/PIX
AX3255,12/31/2023,Filial02 / Niterói - RJ,Mochila,29, R$ 630.99 ," R$ 18,298.71 ",Cartão de Crédito
AX5407,12/31/2023,Matriz - SP Capital,Bolsa,80, R$ 999.00 ," R$ 79,920.00 ",Cartão de Crédito
AX5401,12/31/2023,Matriz - SP Capital,Tênis,184, R$ 320.19 ," R$ 58,914.96 ",Cartão de Crédito
AX3262,12/31/2023,Filial02 / Niterói - RJ,Mochila,43, R$ 630.99 ," R$ 27,132.57 ",Cartão de Crédito
